
                        S T E P       1


                                INCREMENT    11


 displacements (vx,vy,vz) for set NALL and time  0.1000000E+01

         1  0.000000E+00  0.000000E+00  0.000000E+00
         2 -5.692632E-10  3.494773E-09  0.000000E+00
         3 -1.085664E-09  5.190609E-09  0.000000E+00
         4 -1.428450E-09  6.858358E-09  0.000000E+00
         5 -1.720138E-09  8.513347E-09  0.000000E+00
         6 -2.028357E-09  1.022196E-08  0.000000E+00
         7 -2.383960E-09  1.196100E-08  0.000000E+00
         8 -2.803635E-09  1.370173E-08  0.000000E+00
         9 -3.291916E-09  1.540681E-08  0.000000E+00
        10 -3.845128E-09  1.704021E-08  0.000000E+00
        11 -4.453329E-09  1.856996E-08  0.000000E+00
        12 -5.102049E-09  1.997077E-08  0.000000E+00
        13 -5.773698E-09  2.122547E-08  0.000000E+00
        14 -6.448821E-09  2.232599E-08  0.000000E+00
        15 -7.107263E-09  2.327384E-08  0.000000E+00
        16 -7.729290E-09  2.408017E-08  0.000000E+00
        17 -8.296712E-09  2.476549E-08  0.000000E+00
        18 -8.794050E-09  2.535900E-08  0.000000E+00
        19 -9.209755E-09  2.589737E-08  0.000000E+00
        20 -9.537558E-09  2.642304E-08  0.000000E+00
        21 -9.777932E-09  2.698158E-08  0.000000E+00
        22 -9.939731E-09  2.761802E-08  0.000000E+00
        23 -1.004175E-08  2.837088E-08  0.000000E+00
        24 -1.011417E-08  2.926352E-08  0.000000E+00
        25 -1.019516E-08  3.028550E-08  0.000000E+00
        26 -1.030848E-08  3.137624E-08  0.000000E+00
        27 -2.553509E-09  1.224136E-09  0.000000E+00
        28 -2.726004E-09  3.204810E-09 -1.476339E-06
        29 -2.821726E-09  5.012679E-09 -2.909186E-06
        30 -3.082371E-09  6.518199E-09 -4.262594E-06
        31 -3.379183E-09  8.037672E-09 -5.515365E-06
        32 -3.706609E-09  9.581715E-09 -6.654076E-06
        33 -4.068179E-09  1.115380E-08 -7.667781E-06
        34 -4.467645E-09  1.273052E-08 -8.548441E-06
        35 -4.905765E-09  1.428440E-08 -9.289964E-06
        36 -5.379879E-09  1.578682E-08 -9.887843E-06
        37 -5.884249E-09  1.721228E-08 -1.033882E-05
        38 -6.410637E-09  1.854035E-08 -1.064064E-05
        39 -6.948989E-09  1.975719E-08 -1.079188E-05
        40 -7.488138E-09  2.085641E-08 -1.079189E-05
        41 -8.016521E-09  2.183948E-08 -1.064064E-05
        42 -8.522893E-09  2.271587E-08 -1.033882E-05
        43 -8.997045E-09  2.350273E-08 -9.887844E-06
        44 -9.430512E-09  2.422429E-08 -9.289964E-06
        45 -9.817274E-09  2.491079E-08 -8.548441E-06
        46 -1.015442E-08  2.559689E-08 -7.667782E-06
        47 -1.044269E-08  2.631933E-08 -6.654076E-06
        48 -1.068682E-08  2.711344E-08 -5.515365E-06
        49 -1.089525E-08  2.800796E-08 -4.262594E-06
        50 -1.107865E-08  2.901636E-08 -2.909186E-06
        51 -1.124673E-08  3.012301E-08 -1.476339E-06
        52 -1.140922E-08  3.126292E-08  0.000000E+00
        53 -3.919207E-09  1.839775E-09  0.000000E+00
        54 -4.235143E-09  3.215291E-09 -2.909186E-06
        55 -4.457576E-09  4.734713E-09 -5.729390E-06
        56 -4.677929E-09  6.170467E-09 -8.398603E-06
        57 -4.969569E-09  7.556228E-09 -1.087421E-05
        58 -5.299217E-09  8.956664E-09 -1.312606E-05
        59 -5.655919E-09  1.037291E-08 -1.513208E-05
        60 -6.033461E-09  1.179529E-08 -1.687558E-05
        61 -6.428501E-09  1.320495E-08 -1.834412E-05
        62 -6.838186E-09  1.458170E-08 -1.952846E-05
        63 -7.259398E-09  1.590667E-08 -2.042194E-05
        64 -7.688456E-09  1.716458E-08 -2.101998E-05
        65 -8.121144E-09  1.834505E-08 -2.131970E-05
        66 -8.552890E-09  1.944341E-08 -2.131970E-05
        67 -8.979038E-09  2.046116E-08 -2.101998E-05
        68 -9.395145E-09  2.140603E-08 -2.042194E-05
        69 -9.797291E-09  2.229178E-08 -1.952846E-05
        70 -1.018235E-08  2.313758E-08 -1.834412E-05
        71 -1.054820E-08  2.396710E-08 -1.687558E-05
        72 -1.089382E-08  2.480701E-08 -1.513208E-05
        73 -1.121921E-08  2.568496E-08 -1.312606E-05
        74 -1.152502E-08  2.662657E-08 -1.087421E-05
        75 -1.181187E-08  2.765105E-08 -8.398604E-06
        76 -1.208016E-08  2.876497E-08 -5.729390E-06
        77 -1.233155E-08  2.995494E-08 -2.909186E-06
        78 -1.257871E-08  3.118192E-08  0.000000E+00
        79 -5.010562E-09  2.183050E-09  0.000000E+00
        80 -5.429255E-09  3.278221E-09 -4.262594E-06
        81 -5.792387E-09  4.526242E-09 -8.398603E-06
        82 -6.123455E-09  5.811210E-09 -1.231919E-05
        83 -6.457515E-09  7.085698E-09 -1.596154E-05
        84 -6.809944E-09  8.359006E-09 -1.927880E-05
        85 -7.170739E-09  9.641732E-09 -2.223646E-05
        86 -7.533343E-09  1.092932E-08 -2.480874E-05
        87 -7.893600E-09  1.221199E-08 -2.697637E-05
        88 -8.249687E-09  1.347711E-08 -2.872513E-05
        89 -8.601159E-09  1.471237E-08 -3.004476E-05
        90 -8.948400E-09  1.590750E-08 -3.092818E-05
        91 -9.292249E-09  1.705551E-08 -3.137095E-05
        92 -9.633805E-09  1.815345E-08 -3.137095E-05
        93 -9.974328E-09  1.920285E-08 -3.092818E-05
        94 -1.031518E-08  2.020980E-08 -3.004476E-05
        95 -1.065780E-08  2.118472E-08 -2.872513E-05
        96 -1.100358E-08  2.214190E-08 -2.697637E-05
        97 -1.135373E-08  2.309862E-08 -2.480874E-05
        98 -1.170896E-08  2.407395E-08 -2.223646E-05
        99 -1.206915E-08  2.508705E-08 -1.927880E-05
       100 -1.243280E-08  2.615499E-08 -1.596154E-05
       101 -1.279686E-08  2.728996E-08 -1.231919E-05
       102 -1.315774E-08  2.849665E-08 -8.398604E-06
       103 -1.351459E-08  2.977157E-08 -4.262594E-06
       104 -1.387750E-08  3.110948E-08  0.000000E+00
       105 -5.888004E-09  2.383610E-09  0.000000E+00
       106 -6.441310E-09  3.287028E-09 -5.515365E-06
       107 -6.946077E-09  4.349581E-09 -1.087421E-05
       108 -7.405503E-09  5.484458E-09 -1.596154E-05
       109 -7.832664E-09  6.642811E-09 -2.069462E-05
       110 -8.237001E-09  7.808326E-09 -2.501067E-05
       111 -8.620695E-09  8.979870E-09 -2.886264E-05
       112 -8.980950E-09  1.015673E-08 -3.221520E-05
       113 -9.316631E-09  1.133448E-08 -3.504197E-05
       114 -9.628757E-09  1.250691E-08 -3.732347E-05
       115 -9.920425E-09  1.366731E-08 -3.904562E-05
       116 -1.019629E-08  1.480992E-08 -4.019875E-05
       117 -1.046208E-08  1.593082E-08 -4.077677E-05
       118 -1.072420E-08  1.702866E-08 -4.077677E-05
       119 -1.098935E-08  1.810499E-08 -4.019875E-05
       120 -1.126422E-08  1.916435E-08 -3.904562E-05
       121 -1.155518E-08  2.021413E-08 -3.732347E-05
       122 -1.186794E-08  2.126412E-08 -3.504198E-05
       123 -1.220708E-08  2.232586E-08 -3.221520E-05
       124 -1.257559E-08  2.341168E-08 -2.886264E-05
       125 -1.297433E-08  2.453362E-08 -2.501067E-05
       126 -1.340167E-08  2.570219E-08 -2.069462E-05
       127 -1.385353E-08  2.692550E-08 -1.596154E-05
       128 -1.432464E-08  2.820976E-08 -1.087421E-05
       129 -1.481135E-08  2.956323E-08 -5.515365E-06
       130 -1.531592E-08  3.100744E-08  0.000000E+00
       131 -6.610707E-09  2.461535E-09  0.000000E+00
       132 -7.315395E-09  3.233704E-09 -6.654076E-06
       133 -7.972424E-09  4.166600E-09 -1.312606E-05
       134 -8.569944E-09  5.185443E-09 -1.927880E-05
       135 -9.106770E-09  6.243626E-09 -2.501067E-05
       136 -9.585939E-09  7.318541E-09 -3.024364E-05
       137 -1.001009E-08  8.402362E-09 -3.491849E-05
       138 -1.038152E-08  9.493170E-09 -3.899042E-05
       139 -1.070327E-08  1.058984E-08 -4.242580E-05
       140 -1.098056E-08  1.169045E-08 -4.519977E-05
       141 -1.122084E-08  1.279268E-08 -4.729437E-05
       142 -1.143345E-08  1.389437E-08 -4.869718E-05
       143 -1.162913E-08  1.499418E-08 -4.940046E-05
       144 -1.181947E-08  1.609205E-08 -4.940046E-05
       145 -1.201646E-08  1.718951E-08 -4.869718E-05
       146 -1.223194E-08  1.828978E-08 -4.729437E-05
       147 -1.247712E-08  1.939758E-08 -4.519977E-05
       148 -1.276205E-08  2.051888E-08 -4.242580E-05
       149 -1.309499E-08  2.166040E-08 -3.899042E-05
       150 -1.348181E-08  2.282903E-08 -3.491850E-05
       151 -1.392538E-08  2.403134E-08 -3.024365E-05
       152 -1.442511E-08  2.527336E-08 -2.501067E-05
       153 -1.497695E-08  2.656126E-08 -1.927880E-05
       154 -1.557406E-08  2.790397E-08 -1.312606E-05
       155 -1.620818E-08  2.931937E-08 -6.654076E-06
       156 -1.687044E-08  3.084572E-08  0.000000E+00
       157 -7.231277E-09  2.422512E-09  0.000000E+00
       158 -8.095475E-09  3.115472E-09 -7.667781E-06
       159 -8.909691E-09  3.965587E-09 -1.513208E-05
       160 -9.649445E-09  4.904642E-09 -2.223646E-05
       161 -1.030316E-08  5.889540E-09 -2.886264E-05
       162 -1.086753E-08  6.896851E-09 -3.491849E-05
       163 -1.134411E-08  7.916539E-09 -4.033338E-05
       164 -1.173743E-08  8.945872E-09 -4.505341E-05
       165 -1.205465E-08  9.985013E-09 -4.903795E-05
       166 -1.230546E-08  1.103474E-08 -5.225682E-05
       167 -1.250206E-08  1.209565E-08 -5.468817E-05
       168 -1.265874E-08  1.316821E-08 -5.631690E-05
       169 -1.279132E-08  1.425294E-08 -5.713355E-05
       170 -1.291661E-08  1.535075E-08 -5.713355E-05
       171 -1.305174E-08  1.646311E-08 -5.631690E-05
       172 -1.321362E-08  1.759210E-08 -5.468817E-05
       173 -1.341829E-08  1.874031E-08 -5.225682E-05
       174 -1.368022E-08  1.991070E-08 -4.903795E-05
       175 -1.401160E-08  2.110626E-08 -4.505341E-05
       176 -1.442161E-08  2.232987E-08 -4.033338E-05
       177 -1.491564E-08  2.358424E-08 -3.491850E-05
       178 -1.549462E-08  2.487261E-08 -2.886264E-05
       179 -1.615461E-08  2.620036E-08 -2.223646E-05
       180 -1.688654E-08  2.757880E-08 -1.513208E-05
       181 -1.767612E-08  2.903173E-08 -7.667782E-06
       182 -1.850234E-08  3.060573E-08  0.000000E+00
       183 -7.802588E-09  2.271525E-09  0.000000E+00
       184 -8.824135E-09  2.933312E-09 -8.548440E-06
       185 -9.792691E-09  3.742160E-09 -1.687558E-05
       186 -1.067214E-08  4.636479E-09 -2.480873E-05
       187 -1.144231E-08  5.577272E-09 -3.221520E-05
       188 -1.209457E-08  6.542613E-09 -3.899042E-05
       189 -1.262871E-08  7.522440E-09 -4.505341E-05
       190 -1.305050E-08  8.513922E-09 -5.034197E-05
       191 -1.337022E-08  9.517876E-09 -5.480890E-05
       192 -1.360176E-08  1.053646E-08 -5.841901E-05
       193 -1.376195E-08  1.157200E-08 -6.114675E-05
       194 -1.386996E-08  1.262654E-08 -6.297443E-05
       195 -1.394662E-08  1.370181E-08 -6.389095E-05
       196 -1.401378E-08  1.479931E-08 -6.389095E-05
       197 -1.409360E-08  1.592035E-08 -6.297443E-05
       198 -1.420788E-08  1.706614E-08 -6.114675E-05
       199 -1.437735E-08  1.823772E-08 -5.841901E-05
       200 -1.462089E-08  1.943585E-08 -5.480890E-05
       201 -1.495466E-08  2.066096E-08 -5.034197E-05
       202 -1.539124E-08  2.191321E-08 -4.505341E-05
       203 -1.593866E-08  2.319290E-08 -3.899042E-05
       204 -1.659935E-08  2.450162E-08 -3.221520E-05
       205 -1.736916E-08  2.584443E-08 -2.480874E-05
       206 -1.823621E-08  2.723382E-08 -1.687559E-05
       207 -1.917961E-08  2.869588E-08 -8.548441E-06
       208 -2.016643E-08  3.027898E-08  0.000000E+00
       209 -8.374452E-09  2.016878E-09  0.000000E+00
       210 -9.542101E-09  2.691104E-09 -9.289963E-06
       211 -1.065381E-08  3.495759E-09 -1.834412E-05
       212 -1.166311E-08  4.377366E-09 -2.697637E-05
       213 -1.254248E-08  5.302055E-09 -3.504197E-05
       214 -1.327875E-08  6.250570E-09 -4.242580E-05
       215 -1.386994E-08  7.213892E-09 -4.903795E-05
       216 -1.432250E-08  8.189532E-09 -5.480890E-05
       217 -1.464911E-08  9.178618E-09 -5.968562E-05
       218 -1.486722E-08  1.018386E-08 -6.362841E-05
       219 -1.499786E-08  1.120833E-08 -6.660838E-05
       220 -1.506471E-08  1.225482E-08 -6.860546E-05
       221 -1.509324E-08  1.332560E-08 -6.960704E-05
       222 -1.511001E-08  1.442240E-08 -6.960704E-05
       223 -1.514185E-08  1.554634E-08 -6.860546E-05
       224 -1.521512E-08  1.669801E-08 -6.660838E-05
       225 -1.535496E-08  1.787741E-08 -6.362842E-05
       226 -1.558437E-08  1.908394E-08 -5.968562E-05
       227 -1.592329E-08  2.031650E-08 -5.480890E-05
       228 -1.638754E-08  2.157369E-08 -4.903796E-05
       229 -1.698754E-08  2.285452E-08 -4.242580E-05
       230 -1.772700E-08  2.415967E-08 -3.504198E-05
       231 -1.860122E-08  2.549383E-08 -2.697637E-05
       232 -1.959526E-08  2.686933E-08 -1.834412E-05
       233 -2.068177E-08  2.831148E-08 -9.289964E-06
       234 -2.181701E-08  2.986548E-08  0.000000E+00
       235 -8.991654E-09  1.670951E-09  0.000000E+00
       236 -1.028617E-08  2.395514E-09 -9.887843E-06
       237 -1.152222E-08  3.228004E-09 -1.952845E-05
       238 -1.264460E-08  4.124795E-09 -2.872513E-05
       239 -1.361965E-08  5.058227E-09 -3.732347E-05
       240 -1.443041E-08  6.012517E-09 -4.519977E-05
       241 -1.507334E-08  6.980249E-09 -5.225682E-05
       242 -1.555522E-08  7.959453E-09 -5.841901E-05
       243 -1.589060E-08  8.951316E-09 -6.362841E-05
       244 -1.609979E-08  9.958518E-09 -6.784152E-05
       245 -1.620735E-08  1.098414E-08 -7.102655E-05
       246 -1.624083E-08  1.203103E-08 -7.316142E-05
       247 -1.622978E-08  1.310149E-08 -7.423221E-05
       248 -1.620485E-08  1.419716E-08 -7.423221E-05
       249 -1.619697E-08  1.531894E-08 -7.316142E-05
       250 -1.623653E-08  1.646703E-08 -7.102656E-05
       251 -1.635252E-08  1.764088E-08 -6.784152E-05
       252 -1.657159E-08  1.883925E-08 -6.362842E-05
       253 -1.691702E-08  2.006036E-08 -5.841901E-05
       254 -1.740740E-08  2.130222E-08 -5.225683E-05
       255 -1.805523E-08  2.256332E-08 -4.519978E-05
       256 -1.886511E-08  2.384392E-08 -3.732347E-05
       257 -1.983165E-08  2.514808E-08 -2.872513E-05
       258 -2.093696E-08  2.648673E-08 -1.952846E-05
       259 -2.214794E-08  2.788194E-08 -9.887844E-06
       260 -2.341167E-08  2.937218E-08  0.000000E+00
       261 -9.692041E-09  1.249893E-09  0.000000E+00
       262 -1.108761E-08  2.055674E-09 -1.033882E-05
       263 -1.242276E-08  2.942080E-09 -2.042194E-05
       264 -1.363548E-08  3.876842E-09 -3.004476E-05
       265 -1.468729E-08  4.839466E-09 -3.904562E-05
       266 -1.555828E-08  5.818247E-09 -4.729436E-05
       267 -1.624365E-08  6.807693E-09 -5.468817E-05
       268 -1.675033E-08  7.806405E-09 -6.114675E-05
       269 -1.709423E-08  8.815407E-09 -6.660838E-05
       270 -1.729783E-08  9.836917E-09 -7.102655E-05
       271 -1.738842E-08  1.087350E-08 -7.436724E-05
       272 -1.739663E-08  1.192754E-08 -7.660673E-05
       273 -1.735523E-08  1.300097E-08 -7.773008E-05
       274 -1.729819E-08  1.409511E-08 -7.773008E-05
       275 -1.725973E-08  1.521062E-08 -7.660673E-05
       276 -1.727346E-08  1.634749E-08 -7.436724E-05
       277 -1.737152E-08  1.750503E-08 -7.102656E-05
       278 -1.758350E-08  1.868193E-08 -6.660838E-05
       279 -1.793533E-08  1.987645E-08 -6.114675E-05
       280 -1.844783E-08  2.108666E-08 -5.468817E-05
       281 -1.913507E-08  2.231115E-08 -4.729437E-05
       282 -2.000226E-08  2.354996E-08 -3.904562E-05
       283 -2.104330E-08  2.480625E-08 -3.004476E-05
       284 -2.223781E-08  2.608858E-08 -2.042194E-05
       285 -2.354805E-08  2.741392E-08 -1.033882E-05
       286 -2.491393E-08  2.881143E-08  0.000000E+00
       287 -1.050513E-08  7.729292E-10  0.000000E+00
       288 -1.197091E-08  1.682733E-09 -1.064064E-05
       289 -1.337496E-08  2.642342E-09 -2.101998E-05
       290 -1.465056E-08  3.631946E-09 -3.092818E-05
       291 -1.575599E-08  4.638951E-09 -4.019874E-05
       292 -1.666926E-08  5.656159E-09 -4.869718E-05
       293 -1.738467E-08  6.680201E-09 -5.631690E-05
       294 -1.790925E-08  7.710245E-09 -6.297443E-05
       295 -1.825977E-08  8.746982E-09 -6.860546E-05
       296 -1.846017E-08  9.791862E-09 -7.316142E-05
       297 -1.853963E-08  1.084657E-08 -7.660673E-05
       298 -1.853086E-08  1.191267E-08 -7.891656E-05
       299 -1.846892E-08  1.299144E-08 -8.007526E-05
       300 -1.839006E-08  1.408373E-08 -8.007526E-05
       301 -1.833082E-08  1.518994E-08 -7.891656E-05
       302 -1.832710E-08  1.631000E-08 -7.660673E-05
       303 -1.841321E-08  1.744337E-08 -7.316142E-05
       304 -1.862081E-08  1.858911E-08 -6.860546E-05
       305 -1.897767E-08  1.974597E-08 -6.297443E-05
       306 -1.950617E-08  2.091261E-08 -5.631690E-05
       307 -2.022143E-08  2.208805E-08 -4.869719E-05
       308 -2.112902E-08  2.327226E-08 -4.019875E-05
       309 -2.222228E-08  2.446727E-08 -3.092818E-05
       310 -2.347903E-08  2.567848E-08 -2.101999E-05
       311 -2.485827E-08  2.691657E-08 -1.064064E-05
       312 -2.629503E-08  2.819968E-08  0.000000E+00
       313 -1.145113E-08  2.615205E-10  0.000000E+00
       314 -1.295288E-08  1.289328E-09 -1.079188E-05
       315 -1.439222E-08  2.333977E-09 -2.131970E-05
       316 -1.570008E-08  3.388789E-09 -3.137095E-05
       317 -1.683306E-08  4.449516E-09 -4.077677E-05
       318 -1.776811E-08  5.513730E-09 -4.940046E-05
       319 -1.849908E-08  6.580295E-09 -5.713354E-05
       320 -1.903302E-08  7.648936E-09 -6.389094E-05
       321 -1.938713E-08  8.719896E-09 -6.960704E-05
       322 -1.958610E-08  9.793679E-09 -7.423221E-05
       323 -1.966003E-08  1.087087E-08 -7.773008E-05
       324 -1.964275E-08  1.195201E-08 -8.007526E-05
       325 -1.957044E-08  1.303755E-08 -8.125172E-05
       326 -1.948055E-08  1.412778E-08 -8.125172E-05
       327 -1.941081E-08  1.522284E-08 -8.007526E-05
       328 -1.939829E-08  1.632268E-08 -7.773008E-05
       329 -1.947842E-08  1.742711E-08 -7.423221E-05
       330 -1.968394E-08  1.853580E-08 -6.960704E-05
       331 -2.004356E-08  1.964828E-08 -6.389095E-05
       332 -2.058045E-08  2.076408E-08 -5.713355E-05
       333 -2.131025E-08  2.188285E-08 -4.940046E-05
       334 -2.223872E-08  2.300459E-08 -4.077677E-05
       335 -2.335886E-08  2.412998E-08 -3.137095E-05
       336 -2.464756E-08  2.526086E-08 -2.131970E-05
       337 -2.606216E-08  2.640089E-08 -1.079189E-05
       338 -2.753521E-08  2.755622E-08  0.000000E+00
       339 -1.254030E-08 -2.615204E-10  0.000000E+00
       340 -1.404204E-08  8.890002E-10 -1.079188E-05
       341 -1.548138E-08  2.022680E-09 -2.131970E-05
       342 -1.678925E-08  3.146196E-09 -3.137095E-05
       343 -1.792222E-08  4.263797E-09 -4.077677E-05
       344 -1.885728E-08  5.377911E-09 -4.940046E-05
       345 -1.958824E-08  6.489674E-09 -5.713354E-05
       346 -2.012219E-08  7.599361E-09 -6.389094E-05
       347 -2.047629E-08  8.706729E-09 -6.960704E-05
       348 -2.067527E-08  9.811275E-09 -7.423221E-05
       349 -2.074920E-08  1.091241E-08 -7.773008E-05
       350 -2.073191E-08  1.200960E-08 -8.007526E-05
       351 -2.065960E-08  1.310239E-08 -8.125172E-05
       352 -2.056972E-08  1.419048E-08 -8.125172E-05
       353 -2.049997E-08  1.527376E-08 -8.007526E-05
       354 -2.048745E-08  1.635224E-08 -7.773008E-05
       355 -2.056758E-08  1.742614E-08 -7.423221E-05
       356 -2.077310E-08  1.849578E-08 -6.960704E-05
       357 -2.113273E-08  1.956163E-08 -6.389095E-05
       358 -2.166962E-08  2.062416E-08 -5.713355E-05
       359 -2.239942E-08  2.168371E-08 -4.940046E-05
       360 -2.332788E-08  2.274030E-08 -4.077677E-05
       361 -2.444802E-08  2.379325E-08 -3.137095E-05
       362 -2.573672E-08  2.484069E-08 -2.131970E-05
       363 -2.715133E-08  2.587899E-08 -1.079189E-05
       364 -2.862437E-08  2.690199E-08  0.000000E+00
       365 -1.377263E-08 -7.729291E-10  0.000000E+00
       366 -1.523841E-08  4.955952E-10 -1.064064E-05
       367 -1.664245E-08  1.714315E-09 -2.101998E-05
       368 -1.791806E-08  2.903039E-09 -3.092818E-05
       369 -1.902348E-08  4.074362E-09 -4.019874E-05
       370 -1.993676E-08  5.235482E-09 -4.869718E-05
       371 -2.065216E-08  6.389768E-09 -5.631690E-05
       372 -2.117675E-08  7.538052E-09 -6.297443E-05
       373 -2.152726E-08  8.679644E-09 -6.860546E-05
       374 -2.172767E-08  9.813092E-09 -7.316142E-05
       375 -2.180712E-08  1.093671E-08 -7.660673E-05
       376 -2.179835E-08  1.204894E-08 -7.891656E-05
       377 -2.173641E-08  1.314850E-08 -8.007526E-05
       378 -2.165755E-08  1.423454E-08 -8.007526E-05
       379 -2.159832E-08  1.530666E-08 -7.891656E-05
       380 -2.159459E-08  1.636493E-08 -7.660673E-05
       381 -2.168070E-08  1.740988E-08 -7.316142E-05
       382 -2.188830E-08  1.844247E-08 -6.860546E-05
       383 -2.224516E-08  1.946394E-08 -6.297443E-05
       384 -2.277367E-08  2.047562E-08 -5.631690E-05
       385 -2.348892E-08  2.147852E-08 -4.869719E-05
       386 -2.439651E-08  2.247263E-08 -4.019875E-05
       387 -2.548978E-08  2.345595E-08 -3.092818E-05
       388 -2.674652E-08  2.442307E-08 -2.101999E-05
       389 -2.812577E-08  2.536331E-08 -1.064064E-05
       390 -2.956253E-08  2.625852E-08  0.000000E+00
       391 -1.513786E-08 -1.249893E-09  0.000000E+00
       392 -1.653343E-08  1.226546E-10 -1.033882E-05
       393 -1.786858E-08  1.414576E-09 -2.042194E-05
       394 -1.908130E-08  2.658143E-09 -3.004476E-05
       395 -2.013311E-08  3.873847E-09 -3.904562E-05
       396 -2.100411E-08  5.073394E-09 -4.729436E-05
       397 -2.168947E-08  6.262276E-09 -5.468817E-05
       398 -2.219615E-08  7.441893E-09 -6.114675E-05
       399 -2.254005E-08  8.611218E-09 -6.660838E-05
       400 -2.274365E-08  9.768037E-09 -7.102655E-05
       401 -2.283424E-08  1.090978E-08 -7.436724E-05
       402 -2.284245E-08  1.203407E-08 -7.660673E-05
       403 -2.280105E-08  1.313897E-08 -7.773008E-05
       404 -2.274401E-08  1.422316E-08 -7.773008E-05
       405 -2.270555E-08  1.528597E-08 -7.660673E-05
       406 -2.271928E-08  1.632743E-08 -7.436724E-05
       407 -2.281734E-08  1.734822E-08 -7.102656E-05
       408 -2.302932E-08  1.834965E-08 -6.660838E-05
       409 -2.338115E-08  1.933346E-08 -6.114675E-05
       410 -2.389365E-08  2.030157E-08 -5.468817E-05
       411 -2.458089E-08  2.125542E-08 -4.729437E-05
       412 -2.544808E-08  2.219493E-08 -3.904562E-05
       413 -2.648912E-08  2.311697E-08 -3.004476E-05
       414 -2.768363E-08  2.401297E-08 -2.042194E-05
       415 -2.899387E-08  2.486596E-08 -1.033882E-05
       416 -3.035975E-08  2.564677E-08  0.000000E+00
       417 -1.661580E-08 -1.670951E-09  0.000000E+00
       418 -1.791032E-08 -2.171858E-10 -9.887843E-06
       419 -1.914637E-08  1.128653E-09 -1.952845E-05
       420 -2.026875E-08  2.410190E-09 -2.872513E-05
       421 -2.124380E-08  3.655086E-09 -3.732347E-05
       422 -2.205456E-08  4.879124E-09 -4.519977E-05
       423 -2.269749E-08  6.089720E-09 -5.225682E-05
       424 -2.317937E-08  7.288845E-09 -5.841901E-05
       425 -2.351475E-08  8.475310E-09 -6.362841E-05
       426 -2.372394E-08  9.646436E-09 -6.784152E-05
       427 -2.383150E-08  1.079914E-08 -7.102655E-05
       428 -2.386498E-08  1.193058E-08 -7.316142E-05
       429 -2.385393E-08  1.303845E-08 -7.423221E-05
       430 -2.382900E-08  1.412111E-08 -7.423221E-05
       431 -2.382112E-08  1.517765E-08 -7.316142E-05
       432 -2.386068E-08  1.620789E-08 -7.102656E-05
       433 -2.397667E-08  1.721238E-08 -6.784152E-05
       434 -2.419574E-08  1.819233E-08 -6.362842E-05
       435 -2.454117E-08  1.914955E-08 -5.841901E-05
       436 -2.503155E-08  2.008602E-08 -5.225683E-05
       437 -2.567938E-08  2.100324E-08 -4.519978E-05
       438 -2.648926E-08  2.190097E-08 -3.732347E-05
       439 -2.745580E-08  2.277515E-08 -2.872513E-05
       440 -2.856111E-08  2.361482E-08 -1.952846E-05
       441 -2.977209E-08  2.439794E-08 -9.887844E-06
       442 -3.103582E-08  2.508603E-08  0.000000E+00
       443 -1.817693E-08 -2.016878E-09  0.000000E+00
       444 -1.934458E-08 -5.127756E-10 -9.289963E-06
       445 -2.045628E-08  8.608977E-10 -1.834412E-05
       446 -2.146559E-08  2.157619E-09 -2.697637E-05
       447 -2.234496E-08  3.411258E-09 -3.504197E-05
       448 -2.308123E-08  4.641071E-09 -4.242580E-05
       449 -2.367242E-08  5.856078E-09 -4.903795E-05
       450 -2.412497E-08  7.058766E-09 -5.480890E-05
       451 -2.445159E-08  8.248008E-09 -5.968562E-05
       452 -2.466970E-08  9.421093E-09 -6.362841E-05
       453 -2.480034E-08  1.057495E-08 -6.660838E-05
       454 -2.486718E-08  1.170680E-08 -6.860546E-05
       455 -2.489572E-08  1.281434E-08 -6.960704E-05
       456 -2.491249E-08  1.389587E-08 -6.960704E-05
       457 -2.494432E-08  1.495026E-08 -6.860546E-05
       458 -2.501760E-08  1.597692E-08 -6.660838E-05
       459 -2.515744E-08  1.697585E-08 -6.362842E-05
       460 -2.538685E-08  1.794764E-08 -5.968562E-05
       461 -2.572577E-08  1.889341E-08 -5.480890E-05
       462 -2.619002E-08  1.981454E-08 -4.903796E-05
       463 -2.679002E-08  2.071205E-08 -4.242580E-05
       464 -2.752947E-08  2.158522E-08 -3.504198E-05
       465 -2.840369E-08  2.242939E-08 -2.697637E-05
       466 -2.939774E-08  2.323222E-08 -1.834412E-05
       467 -3.048425E-08  2.396840E-08 -9.289964E-06
       468 -3.161949E-08  2.459273E-08  0.000000E+00
       469 -1.978339E-08 -2.271525E-09  0.000000E+00
       470 -2.080494E-08 -7.549835E-10 -8.548440E-06
       471 -2.177350E-08  6.144966E-10 -1.687558E-05
       472 -2.265295E-08  1.898506E-09 -2.480873E-05
       473 -2.342311E-08  3.136041E-09 -3.221520E-05
       474 -2.407538E-08  4.349028E-09 -3.899042E-05
       475 -2.460951E-08  5.547529E-09 -4.505341E-05
       476 -2.503130E-08  6.734375E-09 -5.034197E-05
       477 -2.535102E-08  7.908749E-09 -5.480890E-05
       478 -2.558256E-08  9.068495E-09 -5.841901E-05
       479 -2.574276E-08  1.021129E-08 -6.114675E-05
       480 -2.585077E-08  1.133507E-08 -6.297443E-05
       481 -2.592743E-08  1.243813E-08 -6.389095E-05
       482 -2.599459E-08  1.351896E-08 -6.389095E-05
       483 -2.607440E-08  1.457625E-08 -6.297443E-05
       484 -2.618869E-08  1.560878E-08 -6.114675E-05
       485 -2.635816E-08  1.661553E-08 -5.841901E-05
       486 -2.660169E-08  1.759573E-08 -5.480890E-05
       487 -2.693546E-08  1.854895E-08 -5.034197E-05
       488 -2.737205E-08  1.947503E-08 -4.505341E-05
       489 -2.791946E-08  2.037366E-08 -3.899042E-05
       490 -2.858015E-08  2.124327E-08 -3.221520E-05
       491 -2.934996E-08  2.207879E-08 -2.480874E-05
       492 -3.021702E-08  2.286773E-08 -1.687559E-05
       493 -3.116041E-08  2.358400E-08 -8.548441E-06
       494 -3.214724E-08  2.417923E-08  0.000000E+00
       495 -2.139041E-08 -2.422512E-09  0.000000E+00
       496 -2.225461E-08 -9.371439E-10 -7.667781E-06
       497 -2.306882E-08  3.910694E-10 -1.513208E-05
       498 -2.380858E-08  1.630343E-09 -2.223646E-05
       499 -2.446230E-08  2.823772E-09 -2.886264E-05
       500 -2.502667E-08  3.994790E-09 -3.491849E-05
       501 -2.550324E-08  5.153430E-09 -4.033338E-05
       502 -2.589657E-08  6.302426E-09 -4.505341E-05
       503 -2.621378E-08  7.441613E-09 -4.903795E-05
       504 -2.646459E-08  8.570215E-09 -5.225682E-05
       505 -2.666120E-08  9.687628E-09 -5.468817E-05
       506 -2.681788E-08  1.079340E-08 -5.631690E-05
       507 -2.695046E-08  1.188700E-08 -5.713355E-05
       508 -2.707574E-08  1.296752E-08 -5.713355E-05
       509 -2.721087E-08  1.403348E-08 -5.631690E-05
       510 -2.737276E-08  1.508283E-08 -5.468817E-05
       511 -2.757743E-08  1.611294E-08 -5.225682E-05
       512 -2.783935E-08  1.712088E-08 -4.903795E-05
       513 -2.817074E-08  1.810365E-08 -4.505341E-05
       514 -2.858075E-08  1.905837E-08 -4.033338E-05
       515 -2.907477E-08  1.998232E-08 -3.491850E-05
       516 -2.965376E-08  2.087229E-08 -2.886264E-05
       517 -3.031374E-08  2.172286E-08 -2.223646E-05
       518 -3.104567E-08  2.252275E-08 -1.513208E-05
       519 -3.183525E-08  2.324815E-08 -7.667782E-06
       520 -3.266148E-08  2.385247E-08  0.000000E+00
       521 -2.294817E-08 -2.461535E-09  0.000000E+00
       522 -2.365286E-08 -1.055376E-09 -6.654076E-06
       523 -2.430989E-08  1.900563E-10 -1.312606E-05
       524 -2.490741E-08  1.349542E-09 -1.927880E-05
       525 -2.544423E-08  2.469687E-09 -2.501067E-05
       526 -2.592340E-08  3.573100E-09 -3.024364E-05
       527 -2.634755E-08  4.667607E-09 -3.491849E-05
       528 -2.671899E-08  5.755127E-09 -3.899042E-05
       529 -2.704074E-08  6.836790E-09 -4.242580E-05
       530 -2.731803E-08  7.914505E-09 -4.519977E-05
       531 -2.755830E-08  8.990601E-09 -4.729437E-05
       532 -2.777091E-08  1.006724E-08 -4.869718E-05
       533 -2.796659E-08  1.114576E-08 -4.940046E-05
       534 -2.815693E-08  1.222622E-08 -4.940046E-05
       535 -2.835392E-08  1.330708E-08 -4.869718E-05
       536 -2.856940E-08  1.438515E-08 -4.729437E-05
       537 -2.881458E-08  1.545567E-08 -4.519977E-05
       538 -2.909951E-08  1.651270E-08 -4.242580E-05
       539 -2.943245E-08  1.754951E-08 -3.899042E-05
       540 -2.981927E-08  1.855921E-08 -3.491850E-05
       541 -3.026284E-08  1.953522E-08 -3.024365E-05
       542 -3.076257E-08  2.047153E-08 -2.501067E-05
       543 -3.131441E-08  2.136196E-08 -1.927880E-05
       544 -3.191152E-08  2.219758E-08 -1.312606E-05
       545 -3.254564E-08  2.296051E-08 -6.654076E-06
       546 -3.320790E-08  2.361249E-08  0.000000E+00
       547 -2.440379E-08 -2.383610E-09  0.000000E+00
       548 -2.495710E-08 -1.108700E-09 -5.515365E-06
       549 -2.546187E-08  7.075643E-12 -1.087421E-05
       550 -2.592129E-08  1.050526E-09 -1.596154E-05
       551 -2.634845E-08  2.070502E-09 -2.069462E-05
       552 -2.675279E-08  3.083315E-09 -2.501067E-05
       553 -2.713648E-08  4.090099E-09 -2.886264E-05
       554 -2.749674E-08  5.091563E-09 -3.221520E-05
       555 -2.783242E-08  6.092142E-09 -3.504197E-05
       556 -2.814455E-08  7.098046E-09 -3.732347E-05
       557 -2.843621E-08  8.115971E-09 -3.904562E-05
       558 -2.871208E-08  9.151695E-09 -4.019875E-05
       559 -2.897787E-08  1.020912E-08 -4.077677E-05
       560 -2.923999E-08  1.128961E-08 -4.077677E-05
       561 -2.950514E-08  1.239161E-08 -4.019875E-05
       562 -2.978001E-08  1.351057E-08 -3.904562E-05
       563 -3.007097E-08  1.463912E-08 -3.732347E-05
       564 -3.038373E-08  1.576746E-08 -3.504198E-05
       565 -3.072287E-08  1.688405E-08 -3.221520E-05
       566 -3.109138E-08  1.797656E-08 -2.886264E-05
       567 -3.149012E-08  1.903295E-08 -2.501067E-05
       568 -3.191746E-08  2.004271E-08 -2.069462E-05
       569 -3.236932E-08  2.099772E-08 -1.596154E-05
       570 -3.284043E-08  2.189179E-08 -1.087421E-05
       571 -3.332714E-08  2.271665E-08 -5.515365E-06
       572 -3.383171E-08  2.345077E-08  0.000000E+00
       573 -2.570468E-08 -2.183050E-09  0.000000E+00
       574 -2.612337E-08 -1.099893E-09 -4.262594E-06
       575 -2.648650E-08 -1.695853E-10 -8.398603E-06
       576 -2.681757E-08  7.237745E-10 -1.231919E-05
       577 -2.715163E-08  1.627615E-09 -1.596154E-05
       578 -2.750406E-08  2.532635E-09 -1.927880E-05
       579 -2.786486E-08  3.428238E-09 -2.223646E-05
       580 -2.822746E-08  4.318974E-09 -2.480874E-05
       581 -2.858772E-08  5.214634E-09 -2.697637E-05
       582 -2.894381E-08  6.127842E-09 -2.872513E-05
       583 -2.929528E-08  7.070907E-09 -3.004476E-05
       584 -2.964252E-08  8.054107E-09 -3.092818E-05
       585 -2.998637E-08  9.084432E-09 -3.137095E-05
       586 -3.032792E-08  1.016482E-08 -3.137095E-05
       587 -3.066845E-08  1.129375E-08 -3.092818E-05
       588 -3.100930E-08  1.246513E-08 -3.004476E-05
       589 -3.135192E-08  1.366853E-08 -2.872513E-05
       590 -3.169770E-08  1.488968E-08 -2.697637E-05
       591 -3.204784E-08  1.611128E-08 -2.480874E-05
       592 -3.240308E-08  1.731429E-08 -2.223646E-05
       593 -3.276327E-08  1.847952E-08 -1.927880E-05
       594 -3.312692E-08  1.958991E-08 -1.596154E-05
       595 -3.349098E-08  2.063326E-08 -1.231919E-05
       596 -3.385186E-08  2.160490E-08 -8.398604E-06
       597 -3.420870E-08  2.250831E-08 -4.262594E-06
       598 -3.457162E-08  2.334873E-08  0.000000E+00
       599 -2.679165E-08 -1.839775E-09  0.000000E+00
       600 -2.710759E-08 -1.036963E-09 -2.909186E-06
       601 -2.733002E-08 -3.780569E-10 -5.729390E-06
       602 -2.755038E-08  3.645178E-10 -8.398603E-06
       603 -2.784202E-08  1.157085E-09 -1.087421E-05
       604 -2.817166E-08  1.934977E-09 -1.312606E-05
       605 -2.852837E-08  2.697060E-09 -1.513208E-05
       606 -2.890591E-08  3.453012E-09 -1.687558E-05
       607 -2.930095E-08  4.221680E-09 -1.834412E-05
       608 -2.971063E-08  5.023259E-09 -1.952846E-05
       609 -3.013184E-08  5.876616E-09 -2.042194E-05
       610 -3.056090E-08  6.797028E-09 -2.101998E-05
       611 -3.099359E-08  7.794888E-09 -2.131970E-05
       612 -3.142534E-08  8.874856E-09 -2.131970E-05
       613 -3.185148E-08  1.003544E-08 -2.101998E-05
       614 -3.226759E-08  1.126890E-08 -2.042194E-05
       615 -3.266974E-08  1.256148E-08 -1.952846E-05
       616 -3.305479E-08  1.389400E-08 -1.834412E-05
       617 -3.342064E-08  1.524281E-08 -1.687558E-05
       618 -3.376627E-08  1.658123E-08 -1.513208E-05
       619 -3.409165E-08  1.788160E-08 -1.312606E-05
       620 -3.439747E-08  1.911832E-08 -1.087421E-05
       621 -3.468432E-08  2.027217E-08 -8.398604E-06
       622 -3.495261E-08  2.133658E-08 -5.729390E-06
       623 -3.520400E-08  2.232494E-08 -2.909186E-06
       624 -3.545116E-08  2.327628E-08  0.000000E+00
       625 -2.760428E-08 -1.224136E-09  0.000000E+00
       626 -2.777678E-08 -1.026481E-09 -1.476339E-06
       627 -2.787250E-08 -6.560230E-10 -2.909186E-06
       628 -2.813315E-08  1.678573E-11 -4.262594E-06
       629 -2.842996E-08  6.756406E-10 -5.515365E-06
       630 -2.875738E-08  1.309926E-09 -6.654076E-06
       631 -2.911895E-08  1.916167E-09 -7.667781E-06
       632 -2.951842E-08  2.517780E-09 -8.548441E-06
       633 -2.995654E-08  3.142227E-09 -9.289964E-06
       634 -3.043065E-08  3.818130E-09 -9.887843E-06
       635 -3.093502E-08  4.571005E-09 -1.033882E-05
       636 -3.146141E-08  5.421265E-09 -1.064064E-05
       637 -3.199976E-08  6.382748E-09 -1.079188E-05
       638 -3.253891E-08  7.461858E-09 -1.079189E-05
       639 -3.306730E-08  8.657111E-09 -1.064064E-05
       640 -3.357367E-08  9.959052E-09 -1.033882E-05
       641 -3.404782E-08  1.135052E-08 -9.887844E-06
       642 -3.448129E-08  1.280729E-08 -9.289964E-06
       643 -3.486805E-08  1.429912E-08 -8.548441E-06
       644 -3.520519E-08  1.579134E-08 -7.667782E-06
       645 -3.549346E-08  1.724724E-08 -6.654076E-06
       646 -3.573759E-08  1.863146E-08 -5.515365E-06
       647 -3.594602E-08  1.991526E-08 -4.262594E-06
       648 -3.612942E-08  2.108519E-08 -2.909186E-06
       649 -3.629750E-08  2.215687E-08 -1.476339E-06
       650 -3.646000E-08  2.319529E-08  0.000000E+00
       651 -2.722910E-08  0.000000E+00  0.000000E+00
       652 -2.779837E-08 -1.316445E-09  0.000000E+00
       653 -2.831477E-08 -8.339521E-10  0.000000E+00
       654 -2.865755E-08 -3.233737E-10  0.000000E+00
       655 -2.894924E-08  1.999656E-10  0.000000E+00
       656 -2.925746E-08  6.696791E-10  0.000000E+00
       657 -2.961306E-08  1.108970E-09  0.000000E+00
       658 -3.003274E-08  1.546571E-09  0.000000E+00
       659 -3.052102E-08  2.019820E-09  0.000000E+00
       660 -3.107423E-08  2.564745E-09  0.000000E+00
       661 -3.168243E-08  3.213319E-09  0.000000E+00
       662 -3.233115E-08  3.990841E-09  0.000000E+00
       663 -3.300280E-08  4.914470E-09  0.000000E+00
       664 -3.367792E-08  5.992276E-09  0.000000E+00
       665 -3.433637E-08  7.222756E-09  0.000000E+00
       666 -3.495839E-08  8.594756E-09  0.000000E+00
       667 -3.552582E-08  1.008776E-08  0.000000E+00
       668 -3.602315E-08  1.167258E-08  0.000000E+00
       669 -3.643886E-08  1.331254E-08  0.000000E+00
       670 -3.676666E-08  1.496520E-08  0.000000E+00
       671 -3.700703E-08  1.658499E-08  0.000000E+00
       672 -3.716883E-08  1.812687E-08  0.000000E+00
       673 -3.727085E-08  1.955234E-08  0.000000E+00
       674 -3.734328E-08  2.083803E-08  0.000000E+00
       675 -3.742426E-08  2.199437E-08  0.000000E+00
       676 -3.753758E-08  2.308197E-08  0.000000E+00

 stresses (elem, integ.pnt.,sxx,syy,szz,sxy,sxz,syz) for set EALL and time  0.1000000E+01

         1   1 -5.966970E+03 -3.806306E+03 -2.023096E+03 -3.037007E+05  1.375428E+05  1.375428E+05 _shell_0000000001   
         1   2 -2.950721E+03  4.742707E+03  1.023200E+03 -3.001871E+05  1.430913E+05  9.923665E+03 _shell_0000000001   
         1   3  4.519061E+03 -7.900477E+02  1.050843E+03 -3.001871E+05  9.923658E+03  1.430913E+05 _shell_0000000001   
         1   4  7.500357E+03  7.724013E+03  3.982859E+03 -2.966656E+05  4.384312E+03  4.384306E+03 _shell_0000000001   
         1   5  5.205293E+03  7.366111E+03  3.974637E+03  3.042803E+05  1.375490E+05  1.375490E+05 _shell_0000000001   
         1   6  2.223814E+03 -4.164243E+03  1.023204E+03  3.007530E+05  1.430885E+05  9.904753E+03 _shell_0000000001   
         1   7 -4.388025E+03  4.384622E+03  1.050841E+03  3.007530E+05  9.904747E+03  1.430885E+05 _shell_0000000001   
         1   8 -7.404456E+03 -7.180684E+03 -2.014872E+03  2.972337E+05  4.356198E+03  4.356193E+03 _shell_0000000001   
         2   1  4.182212E+03  9.811146E+03 -1.856195E+03 -3.399627E+05  1.434615E+05 -3.484778E+04 _shell_0000000002   
         2   2  5.499794E+03  1.444780E+04 -5.357610E+02 -3.348574E+05  1.515098E+05 -1.061006E+04 _shell_0000000002   
         2   3  1.918767E+04  1.415310E+04  2.449575E+03 -3.384157E+05  1.264729E+04 -3.238718E+04 _shell_0000000002   
         2   4  2.052577E+04  1.881024E+04  3.844603E+03 -3.333018E+05  4.603822E+03 -1.305941E+04 _shell_0000000002   
         2   5 -5.265194E+03 -1.029958E+04  3.824057E+03  3.397601E+05  1.434188E+05 -3.486155E+04 _shell_0000000002   
         2   6 -6.603620E+03 -1.455480E+04  2.488477E+03  3.346471E+05  1.514624E+05 -1.060587E+04 _shell_0000000002   
         2   7 -1.940085E+04 -1.466211E+04 -5.746608E+02  3.381892E+05  1.262239E+04 -3.241205E+04 _shell_0000000002   
         2   8 -2.071876E+04 -1.889684E+04 -1.835645E+03  3.330847E+05  4.574035E+03 -1.306665E+04 _shell_0000000002   
         3   1  1.600250E+04  1.940085E+04 -1.595180E+03 -3.117842E+05  1.385540E+05 -7.489461E+03 _shell_0000000003   
         3   2  1.728520E+04  2.366068E+04 -3.398356E+02 -3.071515E+05  1.458575E+05 -1.179004E+04 _shell_0000000003   
         3   3  2.932162E+04  2.334570E+04  2.330509E+03 -3.102881E+05  1.304362E+04 -5.104342E+03 _shell_0000000003   
         3   4  3.061377E+04  2.761459E+04  3.624939E+03 -3.056485E+05  5.744702E+03 -1.416550E+04 _shell_0000000003   
         3   5 -1.665505E+04 -1.934974E+04  3.641851E+03  3.117439E+05  1.384968E+05 -7.496170E+03 _shell_0000000003   
         3   6 -1.794755E+04 -2.371123E+04  2.321996E+03  3.071041E+05  1.457957E+05 -1.178604E+04 _shell_0000000003   
         3   7 -2.977994E+04 -2.330375E+04 -3.313179E+02  3.102169E+05  1.299682E+04 -5.120581E+03 _shell_0000000003   
         3   8 -3.106298E+04 -2.765618E+04 -1.612088E+03  3.055839E+05  5.693263E+03 -1.417131E+04 _shell_0000000003   
         4   1  1.667638E+04  2.549242E+04 -2.211861E+03 -2.916781E+05  1.253937E+05 -1.662058E+04 _shell_0000000004   
         4   2  1.768056E+04  2.887116E+04 -1.203924E+03 -2.853260E+05  1.354021E+05 -1.550661E+04 _shell_0000000004   
         4   3  3.481219E+04  3.090649E+04  3.205373E+03 -2.905173E+05  1.394757E+04 -1.476129E+04 _shell_0000000004   
         4   4  3.581467E+04  3.428305E+04  4.216004E+03 -2.841606E+05  3.942165E+03 -1.735755E+04 _shell_0000000004   
         4   5 -1.723705E+04 -2.555599E+04  4.204675E+03  2.917209E+05  1.253247E+05 -1.661951E+04 _shell_0000000004   
         4   6 -1.823992E+04 -2.889652E+04  3.205555E+03  2.853641E+05  1.353302E+05 -1.550270E+04 _shell_0000000004   
         4   7 -3.534484E+04 -3.096793E+04 -1.204101E+03  2.905255E+05  1.388106E+04 -1.476840E+04 _shell_0000000004   
         4   8 -3.634942E+04 -3.431065E+04 -2.200526E+03  2.841734E+05  3.872614E+03 -1.736217E+04 _shell_0000000004   
         5   1  2.001405E+04  3.109466E+04 -2.337048E+03 -2.652641E+05  1.135894E+05 -1.800552E+04 _shell_0000000005   
         5   2  2.084837E+04  3.389563E+04 -1.493694E+03 -2.584139E+05  1.243800E+05 -1.791265E+04 _shell_0000000005   
         5   3  3.955005E+04  3.693261E+04  3.501985E+03 -2.643041E+05  1.375185E+04 -1.646162E+04 _shell_0000000005   
         5   4  4.038195E+04  3.973057E+04  4.345819E+03 -2.574513E+05  2.962961E+03 -1.944963E+04 _shell_0000000005   
         5   5 -2.063817E+04 -3.112460E+04  4.332721E+03  2.653627E+05  1.135108E+05 -1.799996E+04 _shell_0000000005   
         5   6 -2.147047E+04 -3.390320E+04  3.509453E+03  2.585099E+05  1.242997E+05 -1.790462E+04 _shell_0000000005   
         5   7 -4.018106E+04 -3.695957E+04 -1.501158E+03  2.643662E+05  1.367538E+04 -1.646281E+04 _shell_0000000005   
         5   8 -4.101578E+04 -3.974117E+04 -2.323946E+03  2.575160E+05  2.884759E+03 -1.944870E+04 _shell_0000000005   
         6   1  2.181162E+04  3.550881E+04 -2.526238E+03 -2.369172E+05  1.000039E+05 -2.023738E+04 _shell_0000000006   
         6   2  2.251352E+04  3.787238E+04 -1.808996E+03 -2.294700E+05  1.117324E+05 -1.997215E+04 _shell_0000000006   
         6   3  4.305808E+04  4.185503E+04  3.821626E+03 -2.361130E+05  1.344496E+04 -1.894000E+04 _shell_0000000006   
         6   4  4.375649E+04  4.421444E+04  4.535496E+03 -2.286653E+05  1.716847E+03 -2.126404E+04 _shell_0000000006   
         6   5 -2.259336E+04 -3.554253E+04  4.518249E+03  2.370460E+05  9.992126E+04 -2.022706E+04 _shell_0000000006   
         6   6 -2.329216E+04 -3.786824E+04  3.834796E+03  2.295983E+05  1.116494E+05 -1.996025E+04 _shell_0000000006   
         6   7 -4.382505E+04 -4.188459E+04 -1.822164E+03  2.362059E+05  1.336348E+04 -1.893501E+04 _shell_0000000006   
         6   8 -4.452734E+04 -4.421446E+04 -2.508989E+03  2.287587E+05  1.635002E+03 -2.125781E+04 _shell_0000000006   
         7   1  2.338545E+04  3.924838E+04 -2.632956E+03 -2.065020E+05  8.584760E+04 -2.184726E+04 _shell_0000000007   
         7   2  2.396697E+04  4.120924E+04 -2.034052E+03 -1.986590E+05  9.819722E+04 -2.163313E+04 _shell_0000000007   
         7   3  4.578142E+04  4.593099E+04  4.050473E+03 -2.058380E+05  1.284948E+04 -2.077317E+04 _shell_0000000007   
         7   4  4.635938E+04  4.788762E+04  4.645134E+03 -1.979963E+05  4.989491E+02 -2.270305E+04 _shell_0000000007   
         7   5 -2.437205E+04 -3.927587E+04  4.627448E+03  2.066419E+05  8.576573E+04 -2.183261E+04 _shell_0000000007   
         7   6 -2.495036E+04 -4.119793E+04  4.066517E+03  1.988003E+05  9.811630E+04 -2.161724E+04 _shell_0000000007   
         7   7 -4.670630E+04 -4.595423E+04 -2.050096E+03  2.059444E+05  1.276849E+04 -2.076255E+04 _shell_0000000007   
         7   8 -4.728818E+04 -4.788053E+04 -2.615270E+03  1.981014E+05  4.188320E+02 -2.269150E+04 _shell_0000000007   
         8   1  2.455806E+04  4.231422E+04 -2.707573E+03 -1.746582E+05  7.108137E+04 -2.316891E+04 _shell_0000000008   
         8   2  2.503144E+04  4.391296E+04 -2.216784E+03 -1.665076E+05  8.391340E+04 -2.297576E+04 _shell_0000000008   
         8   3  4.785612E+04  4.925796E+04  4.236241E+03 -1.741188E+05  1.209364E+04 -2.229517E+04 _shell_0000000008   
         8   4  4.832615E+04  5.085271E+04  4.722597E+03 -1.659713E+05 -7.404121E+02 -2.384652E+04 _shell_0000000008   
         8   5 -2.576295E+04 -4.233731E+04  4.706018E+03  1.747937E+05  7.100498E+04 -2.315032E+04 _shell_0000000008   
         8   6 -2.623330E+04 -4.389798E+04  4.253086E+03  1.666463E+05  8.383907E+04 -2.295621E+04 _shell_0000000008   
         8   7 -4.894432E+04 -4.927703E+04 -2.233632E+03  1.742252E+05  1.201788E+04 -2.227943E+04 _shell_0000000008   
         8   8 -4.941801E+04 -5.084169E+04 -2.690997E+03  1.660747E+05 -8.141820E+02 -2.383010E+04 _shell_0000000008   
         9   1  2.545691E+04  4.479054E+04 -2.749004E+03 -1.417286E+05  5.590608E+04 -2.419615E+04 _shell_0000000009   
         9   2  2.582893E+04  4.604831E+04 -2.361424E+03 -1.333548E+05  6.908803E+04 -2.403555E+04 _shell_0000000009   
         9   3  4.941624E+04  5.192355E+04  4.383331E+03 -1.413051E+05  1.120360E+04 -2.350989E+04 _shell_0000000009   
         9   4  4.978538E+04  5.317788E+04  4.766918E+03 -1.329359E+05 -1.981306E+03 -2.471983E+04 _shell_0000000009   
         9   5 -2.686783E+04 -4.480805E+04  4.752974E+03  1.418478E+05  5.583926E+04 -2.417415E+04 _shell_0000000009   
         9   6 -2.723723E+04 -4.603243E+04  4.399130E+03  1.334786E+05  6.902421E+04 -2.401280E+04 _shell_0000000009   
         9   7 -5.065699E+04 -5.193757E+04 -2.377228E+03  1.414009E+05  1.113726E+04 -2.348976E+04 _shell_0000000009   
         9   8 -5.102927E+04 -5.316540E+04 -2.735064E+03  1.330272E+05 -2.044728E+03 -2.469918E+04 _shell_0000000009   
        10   1  2.612011E+04  4.671407E+04 -2.765143E+03 -1.080154E+05  4.043159E+04 -2.496490E+04 _shell_0000000010   
        10   2  2.639558E+04  4.764605E+04 -2.477303E+03 -9.948272E+04  5.386240E+04 -2.484045E+04 _shell_0000000010   
        10   3  5.055363E+04  5.398154E+04  4.501001E+03 -1.077014E+05  1.021418E+04 -2.445699E+04 _shell_0000000010   
        10   4  5.082685E+04  5.491080E+04  4.785638E+03 -9.917454E+04 -3.220325E+03 -2.534719E+04 _shell_0000000010   
        10   5 -2.770527E+04 -4.672579E+04  4.775382E+03  1.081089E+05  4.037775E+04 -2.494012E+04 _shell_0000000010   
        10   6 -2.797868E+04 -4.763141E+04  4.514328E+03  9.958211E+04  5.381229E+04 -2.481512E+04 _shell_0000000010   
        10   7 -5.192290E+04 -5.399048E+04 -2.490638E+03  1.077785E+05  1.016070E+04 -2.443330E+04 _shell_0000000010   
        10   8 -5.219858E+04 -5.489882E+04 -2.754895E+03  9.924594E+04 -3.270146E+03 -2.532312E+04 _shell_0000000010   
        11   1  2.658589E+04  4.811372E+04 -2.760056E+03 -7.375606E+04  2.475834E+04 -2.549420E+04 _shell_0000000011   
        11   2  2.676796E+04  4.872960E+04 -2.569820E+03 -6.511792E+04  3.835432E+04 -2.540941E+04 _shell_0000000011   
        11   3  5.133603E+04  5.547025E+04  4.594630E+03 -7.354757E+04  9.149017E+03 -2.515866E+04 _shell_0000000011   
        11   4  5.151656E+04  5.608428E+04  4.782691E+03 -6.491602E+04 -4.451201E+03 -2.574437E+04 _shell_0000000011   
        11   5 -2.829914E+04 -4.811940E+04  4.776873E+03  7.381729E+04  2.472012E+04 -2.546736E+04 _shell_0000000011   
        11   6 -2.847980E+04 -4.871785E+04  4.604386E+03  6.518584E+04  3.832037E+04 -2.538219E+04 _shell_0000000011   
        11   7 -5.279936E+04 -5.547401E+04 -2.579586E+03  7.359998E+04  9.111048E+03 -2.513235E+04 _shell_0000000011   
        11   8 -5.298156E+04 -5.607432E+04 -2.754248E+03  6.496192E+04 -4.484966E+03 -2.571779E+04 _shell_0000000011   
        12   1  2.687820E+04  4.900765E+04 -2.736797E+03 -3.914863E+04  8.969428E+03 -2.579780E+04 _shell_0000000012   
        12   2  2.696876E+04  4.931332E+04 -2.642899E+03 -3.045027E+04  2.265966E+04 -2.575486E+04 _shell_0000000012   
        12   3  5.180921E+04  5.641479E+04  4.668117E+03 -3.904311E+04  8.026996E+03 -2.563092E+04 _shell_0000000012   
        12   4  5.189902E+04  5.671955E+04  4.761012E+03 -3.035186E+04 -5.667809E+03 -2.592153E+04 _shell_0000000012   
        12   5 -2.866340E+04 -4.900732E+04  4.760066E+03  3.917319E+04  8.948639E+03 -2.576967E+04 _shell_0000000012   
        12   6 -2.875328E+04 -4.930572E+04  4.673524E+03  3.048203E+04  2.264348E+04 -2.572652E+04 _shell_0000000012   
        12   7 -5.332473E+04 -5.641348E+04 -2.648317E+03  3.906689E+04  8.006376E+03 -2.560298E+04 _shell_0000000012   
        12   8 -5.341536E+04 -5.671280E+04 -2.735863E+03  3.036862E+04 -5.683898E+03 -2.589343E+04 _shell_0000000012   
        13   1  2.701144E+04  4.940667E+04 -2.697000E+03 -4.364270E+03 -6.860403E+03 -2.588369E+04 _shell_0000000013   
        13   2  2.701140E+04  4.940492E+04 -2.698868E+03  4.353654E+03  6.860452E+03 -2.588371E+04 _shell_0000000013   
        13   3  5.200002E+04  5.682991E+04  4.723790E+03 -4.360630E+03  6.862755E+03 -2.588364E+04 _shell_0000000013   
        13   4  5.200006E+04  5.682823E+04  4.722162E+03  4.350015E+03 -6.862777E+03 -2.588366E+04 _shell_0000000013   
        13   5 -2.880650E+04 -4.940059E+04  4.726235E+03  4.350009E+03 -6.862784E+03 -2.585507E+04 _shell_0000000013   
        13   6 -2.880653E+04 -4.940235E+04  4.724366E+03 -4.360544E+03  6.862779E+03 -2.585504E+04 _shell_0000000013   
        13   7 -5.352134E+04 -5.682384E+04 -2.699456E+03  4.353648E+03  6.860462E+03 -2.585512E+04 _shell_0000000013   
        13   8 -5.352131E+04 -5.682552E+04 -2.701084E+03 -4.364184E+03 -6.860430E+03 -2.585509E+04 _shell_0000000013   
        14   1  2.699072E+04  4.931518E+04 -2.641019E+03  3.043957E+04 -2.265962E+04 -2.575484E+04 _shell_0000000014   
        14   2  2.690009E+04  4.900597E+04 -2.738687E+03  3.913793E+04 -8.969378E+03 -2.579783E+04 _shell_0000000014   
        14   3  5.191764E+04  5.672133E+04  4.762622E+03  3.034116E+04  5.667787E+03 -2.592150E+04 _shell_0000000014   
        14   4  5.182790E+04  5.641318E+04  4.666454E+03  3.903241E+04 -8.027019E+03 -2.563095E+04 _shell_0000000014   
        14   5 -2.873131E+04 -4.930387E+04  4.675405E+03 -3.049266E+04 -2.264348E+04 -2.572654E+04 _shell_0000000014   
        14   6 -2.864150E+04 -4.900901E+04  4.758177E+03 -3.918382E+04 -8.948645E+03 -2.576965E+04 _shell_0000000014   
        14   7 -5.339674E+04 -5.671102E+04 -2.734253E+03 -3.037925E+04  5.683931E+03 -2.589346E+04 _shell_0000000014   
        14   8 -5.330603E+04 -5.641509E+04 -2.649981E+03 -3.907752E+04 -8.006344E+03 -2.560296E+04 _shell_0000000014   
        15   1  2.681228E+04  4.873160E+04 -2.567892E+03  6.510693E+04 -3.835427E+04 -2.540938E+04 _shell_0000000015   
        15   2  2.663013E+04  4.811210E+04 -2.762005E+03  7.374508E+04 -2.475829E+04 -2.549424E+04 _shell_0000000015   
        15   3  5.155404E+04  5.608619E+04  4.784302E+03  6.490504E+04  4.451177E+03 -2.574434E+04 _shell_0000000015   
        15   4  5.137360E+04  5.546871E+04  4.592906E+03  7.353659E+04 -9.149043E+03 -2.515870E+04 _shell_0000000015   
        15   5 -2.843548E+04 -4.871588E+04  4.606315E+03 -6.519675E+04 -3.832038E+04 -2.538222E+04 _shell_0000000015   
        15   6 -2.825490E+04 -4.812104E+04  4.774925E+03 -7.382821E+04 -2.472013E+04 -2.546734E+04 _shell_0000000015   
        15   7 -5.294407E+04 -5.607243E+04 -2.752638E+03 -6.497284E+04  4.485002E+03 -2.571782E+04 _shell_0000000015   
        15   8 -5.276180E+04 -5.547557E+04 -2.581311E+03 -7.361090E+04 -9.111014E+03 -2.513232E+04 _shell_0000000015   
        16   1  2.646314E+04  4.764824E+04 -2.475286E+03  9.947124E+04 -5.386235E+04 -2.484042E+04 _shell_0000000016   
        16   2  2.618757E+04  4.671251E+04 -2.767194E+03  1.080039E+05 -4.043154E+04 -2.496494E+04 _shell_0000000016   
        16   3  5.088364E+04  5.491290E+04  4.787266E+03  9.916305E+04  3.220296E+03 -2.534716E+04 _shell_0000000016   
        16   4  5.061051E+04  5.398007E+04  4.499188E+03  1.076900E+05 -1.021421E+04 -2.445703E+04 _shell_0000000016   
        16   5 -2.791111E+04 -4.762925E+04  4.516347E+03 -9.959354E+04 -5.381231E+04 -2.481516E+04 _shell_0000000016   
        16   6 -2.763779E+04 -4.672738E+04  4.773332E+03 -1.081204E+05 -4.037777E+04 -2.494009E+04 _shell_0000000016   
        16   7 -5.214179E+04 -5.489676E+04 -2.753268E+03 -9.925737E+04  3.270188E+03 -2.532316E+04 _shell_0000000016   
        16   8 -5.186602E+04 -5.399199E+04 -2.492453E+03 -1.077900E+05 -1.016066E+04 -2.443327E+04 _shell_0000000016   
        17   1  2.592123E+04  4.605078E+04 -2.359262E+03  1.333425E+05 -6.908798E+04 -2.403551E+04 _shell_0000000017   
        17   2  2.554909E+04  4.478901E+04 -2.751225E+03  1.417163E+05 -5.590602E+04 -2.419620E+04 _shell_0000000017   
        17   3  4.986216E+04  5.318023E+04  4.768580E+03  1.329236E+05  1.981270E+03 -2.471979E+04 _shell_0000000017   
        17   4  4.949313E+04  5.192215E+04  4.381388E+03  1.412928E+05 -1.120364E+04 -2.350994E+04 _shell_0000000017   
        17   5 -2.714491E+04 -4.603000E+04  4.401295E+03 -1.334909E+05 -6.902424E+04 -2.401285E+04 _shell_0000000017   
        17   6 -2.677563E+04 -4.480961E+04  4.750755E+03 -1.418600E+05 -5.583929E+04 -2.417412E+04 _shell_0000000017   
        17   7 -5.095249E+04 -5.316309E+04 -2.733405E+03 -1.330394E+05  2.044778E+03 -2.469923E+04 _shell_0000000017   
        17   8 -5.058009E+04 -5.193902E+04 -2.379174E+03 -1.414132E+05 -1.113722E+04 -2.348972E+04 _shell_0000000017   
        18   1  2.515082E+04  4.391583E+04 -2.214399E+03  1.664940E+05 -8.391334E+04 -2.297571E+04 _shell_0000000018   
        18   2  2.467729E+04  4.231285E+04 -2.710035E+03  1.746446E+05 -7.108131E+04 -2.316898E+04 _shell_0000000018   
        18   3  4.842392E+04  5.085544E+04  4.724308E+03  1.659578E+05  7.403633E+02 -2.384647E+04 _shell_0000000018   
        18   4  4.795404E+04  4.925674E+04  4.234123E+03  1.741053E+05 -1.209369E+04 -2.229523E+04 _shell_0000000018   
        18   5 -2.611389E+04 -4.389515E+04  4.255473E+03 -1.666598E+05 -8.383912E+04 -2.295627E+04 _shell_0000000018   
        18   6 -2.564370E+04 -4.233872E+04  4.703559E+03 -1.748072E+05 -7.100503E+04 -2.315027E+04 _shell_0000000018   
        18   7 -4.932024E+04 -5.083901E+04 -2.689288E+03 -1.660882E+05  8.142466E+02 -2.383016E+04 _shell_0000000018   
        18   8 -4.884640E+04 -4.927830E+04 -2.235752E+03 -1.742387E+05 -1.201782E+04 -2.227938E+04 _shell_0000000018   
        19   1  2.411713E+04  4.121275E+04 -2.031320E+03  1.986435E+05 -9.819713E+04 -2.163306E+04 _shell_0000000019   
        19   2  2.353538E+04  3.924692E+04 -2.635889E+03  2.064866E+05 -8.584751E+04 -2.184736E+04 _shell_0000000019   
        19   3  4.647941E+04  4.789091E+04  4.646897E+03  1.979809E+05 -4.990245E+02 -2.270297E+04 _shell_0000000019   
        19   4  4.590168E+04  4.592976E+04  4.048081E+03  2.058225E+05 -1.284956E+04 -2.077326E+04 _shell_0000000019   
        19   5 -2.480017E+04 -4.119447E+04  4.069252E+03 -1.988158E+05 -9.811638E+04 -2.161734E+04 _shell_0000000019   
        19   6 -2.422209E+04 -3.927738E+04  4.624518E+03 -2.066573E+05 -8.576581E+04 -2.183253E+04 _shell_0000000019   
        19   7 -4.716813E+04 -4.787730E+04 -2.613510E+03 -1.981168E+05 -4.187394E+02 -2.269159E+04 _shell_0000000019   
        19   8 -4.658603E+04 -4.595552E+04 -2.052490E+03 -2.059599E+05 -1.276840E+04 -2.076247E+04 _shell_0000000019   
        20   1  2.270030E+04  3.787691E+04 -1.805713E+03  2.294515E+05 -1.117323E+05 -1.997204E+04 _shell_0000000020   
        20   2  2.199808E+04  3.550866E+04 -2.529576E+03  2.368987E+05 -1.000038E+05 -2.023751E+04 _shell_0000000020   
        20   3  4.390050E+04  4.421866E+04  4.537331E+03  2.286468E+05 -1.716956E+03 -2.126392E+04 _shell_0000000020   
        20   4  4.320241E+04  4.185519E+04  3.818968E+03  2.360945E+05 -1.344507E+04 -1.894012E+04 _shell_0000000020   
        20   5 -2.310535E+04 -3.786377E+04  3.838081E+03 -2.296168E+05 -1.116495E+05 -1.996038E+04 _shell_0000000020   
        20   6 -2.240687E+04 -3.554274E+04  4.514913E+03 -2.370645E+05 -9.992137E+04 -2.022695E+04 _shell_0000000020   
        20   7 -4.438331E+04 -4.421030E+04 -2.507155E+03 -2.287772E+05 -1.634874E+03 -2.125794E+04 _shell_0000000020   
        20   8 -4.368070E+04 -4.188449E+04 -1.824824E+03 -2.362244E+05 -1.336336E+04 -1.893490E+04 _shell_0000000020   
        21   1  2.108180E+04  3.390192E+04 -1.489491E+03  2.583904E+05 -1.243797E+05 -1.791238E+04 _shell_0000000021   
        21   2  2.024674E+04  3.109155E+04 -2.342670E+03  2.652406E+05 -1.135891E+05 -1.800580E+04 _shell_0000000021   
        21   3  4.055087E+04  3.973612E+04  4.347542E+03  2.574279E+05 -2.963225E+03 -1.944936E+04 _shell_0000000021   
        21   4  3.971970E+04  3.693024E+04  3.498815E+03  2.642807E+05 -1.375212E+04 -1.646190E+04 _shell_0000000021   
        21   5 -2.123700E+04 -3.389697E+04  3.513658E+03 -2.585333E+05 -1.243000E+05 -1.790491E+04 _shell_0000000021   
        21   6 -2.040543E+04 -3.112778E+04  4.327101E+03 -2.653861E+05 -1.135111E+05 -1.799969E+04 _shell_0000000021   
        21   7 -4.084683E+04 -3.973568E+04 -2.322225E+03 -2.575394E+05 -2.884475E+03 -1.944898E+04 _shell_0000000021   
        21   8 -4.001137E+04 -3.696201E+04 -1.504330E+03 -2.643896E+05 -1.367510E+04 -1.646254E+04 _shell_0000000021   
        22   1  1.797827E+04  2.888069E+04 -1.198070E+03  2.852934E+05 -1.354019E+05 -1.550635E+04 _shell_0000000022   
        22   2  1.697338E+04  2.550588E+04 -2.215233E+03  2.916455E+05 -1.253935E+05 -1.662085E+04 _shell_0000000022   
        22   3  3.600894E+04  3.429187E+04  4.217752E+03  2.841280E+05 -3.942421E+03 -1.735729E+04 _shell_0000000022   
        22   4  3.500718E+04  3.092067E+04  3.202687E+03  2.904847E+05 -1.394783E+04 -1.476156E+04 _shell_0000000022   
        22   5 -1.794215E+04 -2.888706E+04  3.211409E+03 -2.853968E+05 -1.353304E+05 -1.550297E+04 _shell_0000000022   
        22   6 -1.693999E+04 -2.554261E+04  4.201304E+03 -2.917535E+05 -1.253250E+05 -1.661926E+04 _shell_0000000022   
        22   7 -3.615510E+04 -3.430191E+04 -2.198779E+03 -2.842061E+05 -3.872337E+03 -1.736244E+04 _shell_0000000022   
        22   8 -3.514980E+04 -3.095383E+04 -1.206788E+03 -2.905582E+05 -1.388079E+04 -1.476814E+04 _shell_0000000022   
        23   1  1.768456E+04  2.367639E+04 -3.309517E+02  3.071040E+05 -1.458554E+05 -1.178799E+04 _shell_0000000023   
        23   2  1.639634E+04  1.935993E+04 -1.622892E+03  3.117367E+05 -1.385519E+05 -7.491529E+03 _shell_0000000023   
        23   3  3.081450E+04  2.762479E+04  3.624035E+03  3.056010E+05 -5.746748E+03 -1.416345E+04 _shell_0000000023   
        23   4  2.952786E+04  2.331031E+04  2.329977E+03  3.102406E+05 -1.304567E+04 -5.106399E+03 _shell_0000000023   
        23   5 -1.754811E+04 -2.369559E+04  2.330880E+03 -3.071516E+05 -1.457978E+05 -1.178810E+04 _shell_0000000023   
        23   6 -1.626113E+04 -1.939074E+04  3.614140E+03 -3.117915E+05 -1.384988E+05 -7.494122E+03 _shell_0000000023   
        23   7 -3.086219E+04 -2.764606E+04 -1.612992E+03 -3.056315E+05 -5.691194E+03 -1.417337E+04 _shell_0000000023   
        23   8 -2.957362E+04 -2.333922E+04 -3.318499E+02 -3.102645E+05 -1.299475E+04 -5.118522E+03 _shell_0000000023   
        24   1  6.114208E+03  1.448749E+04 -5.188089E+02  3.347591E+05 -1.515061E+05 -1.060637E+04 _shell_0000000024   
        24   2  4.786713E+03  1.004680E+04 -1.841388E+03  3.398644E+05 -1.434578E+05 -3.485148E+04 _shell_0000000024   
        24   3  2.062021E+04  1.884002E+04  3.841360E+03  3.332035E+05 -4.607506E+03 -1.305572E+04 _shell_0000000024   
        24   4  1.929202E+04  1.439866E+04  2.510531E+03  3.383174E+05 -1.265097E+04 -3.239087E+04 _shell_0000000024   
        24   5 -5.989122E+03 -1.451519E+04  2.505426E+03 -3.347454E+05 -1.514661E+05 -1.060957E+04 _shell_0000000024   
        24   6 -4.660601E+03 -1.006400E+04  3.838861E+03 -3.398584E+05 -1.434225E+05 -3.485787E+04 _shell_0000000024   
        24   7 -2.062421E+04 -1.886714E+04 -1.838885E+03 -3.331831E+05 -4.570333E+03 -1.307034E+04 _shell_0000000024   
        24   8 -1.929639E+04 -1.441662E+04 -5.136996E+02 -3.382875E+05 -1.261869E+04 -3.240835E+04 _shell_0000000024   
        25   1 -2.563941E+03  4.451344E+03  9.908268E+02  3.004871E+05 -1.430982E+05  9.916772E+03 _shell_0000000025   
        25   2 -5.561688E+03 -5.561655E+03 -2.003918E+03  3.040007E+05 -1.375498E+05  1.375497E+05 _shell_0000000025   
        25   3  7.451110E+03  7.451145E+03  3.995188E+03  2.969656E+05 -4.377429E+03  4.377429E+03 _shell_0000000025   
        25   4  4.451309E+03 -2.563909E+03  9.908271E+02  3.004871E+05 -9.916780E+03  1.430982E+05 _shell_0000000025   
        25   5  2.610702E+03 -4.455702E+03  9.908272E+02 -3.004530E+05 -1.430816E+05  9.911654E+03 _shell_0000000025   
        25   6  5.610687E+03  5.610653E+03  3.993811E+03 -3.039803E+05 -1.375421E+05  1.375421E+05 _shell_0000000025   
        25   7 -7.453601E+03 -7.453631E+03 -2.002540E+03 -2.969337E+05 -4.363109E+03  4.363109E+03 _shell_0000000025   
        25   8 -4.455672E+03  2.610669E+03  9.908275E+02 -3.004530E+05 -9.911661E+03  1.430816E+05 _shell_0000000025   
        26   1  1.017429E+04  5.826746E+03 -1.909676E+03 -3.396531E+05 -3.485857E+04  1.434507E+05 _shell_0000000026   
        26   2  1.454512E+04  1.983312E+04  2.529787E+03 -3.381061E+05 -3.239795E+04  1.265801E+04 _shell_0000000026   
        26   3  1.458391E+04  7.173206E+03 -4.829661E+02 -3.345478E+05 -1.059932E+04  1.514990E+05 _shell_0000000026   
        26   4  1.891748E+04  2.114236E+04  3.837784E+03 -3.329922E+05 -1.304867E+04  4.614545E+03 _shell_0000000026   
        26   5 -9.936548E+03 -3.620563E+03  3.770575E+03  3.400697E+05 -3.485082E+04  1.434296E+05 _shell_0000000026   
        26   6 -1.427021E+04 -1.875529E+04 -4.944464E+02  3.384988E+05 -3.240130E+04  1.261159E+04 _shell_0000000026   
        26   7 -1.441881E+04 -4.930124E+03  2.541271E+03  3.349567E+05 -1.061665E+04  1.514731E+05 _shell_0000000026   
        26   8 -1.878972E+04 -2.010208E+04 -1.842463E+03  3.333943E+05 -1.307743E+04  4.563236E+03 _shell_0000000026   
        27   1  3.060473E+04  3.071777E+04 -2.879773E+03 -3.813207E+05 -3.714855E+04 -3.714857E+04 _shell_0000000027   
        27   2  3.452265E+04  4.362026E+04  1.030414E+03 -3.767253E+05 -2.990188E+04 -6.232037E+03 _shell_0000000027   
        27   3  4.366133E+04  3.463569E+04  9.899360E+02 -3.767253E+05 -6.232029E+03 -2.990190E+04 _shell_0000000027   
        27   4  4.757955E+04  4.753848E+04  4.917789E+03 -3.721190E+05 -1.347224E+04 -1.347224E+04 _shell_0000000027   
        27   5 -3.036551E+04 -3.025236E+04  4.956671E+03  3.816075E+05 -3.718485E+04 -3.718487E+04 _shell_0000000027   
        27   6 -3.428402E+04 -4.358489E+04  1.030423E+03  3.770035E+05 -2.994444E+04 -6.260836E+03 _shell_0000000027   
        27   7 -4.354395E+04 -3.417088E+04  9.899378E+02  3.770035E+05 -6.260829E+03 -2.994446E+04 _shell_0000000027   
        27   8 -4.746217E+04 -4.750311E+04 -2.918644E+03  3.724105E+05 -1.350772E+04 -1.350772E+04 _shell_0000000027   
        28   1  4.488044E+04  5.266985E+04 -3.536959E+03 -3.536224E+05 -3.607965E+04 -6.659100E+03 _shell_0000000028   
        28   2  4.830356E+04  6.417478E+04 -8.013072E+01 -3.470771E+05 -2.576222E+04 -6.644545E+03 _shell_0000000028   
        28   3  6.367435E+04  5.825264E+04  2.052488E+03 -3.496098E+05 -3.115065E+03 -3.339344E+02 _shell_0000000028   
        28   4  6.709083E+04  6.975056E+04  5.509675E+03 -3.430563E+05 -1.342659E+04 -1.296410E+04 _shell_0000000028   
        28   5 -4.523012E+04 -5.287860E+04  5.462467E+03  3.536601E+05 -3.613395E+04 -6.683096E+03 _shell_0000000028   
        28   6 -4.864700E+04 -6.427282E+04  2.079290E+03  3.471058E+05 -2.582225E+04 -6.663456E+03 _shell_0000000028   
        28   7 -6.379404E+04 -5.845464E+04 -1.069175E+02  3.496430E+05 -3.164368E+03 -3.632645E+02 _shell_0000000028   
        28   8 -6.721756E+04 -6.985588E+04 -3.489736E+03  3.430971E+05 -1.348198E+04 -1.298890E+04 _shell_0000000028   
        29   1  5.554283E+04  7.158365E+04 -3.846195E+03 -3.310002E+05 -3.415712E+04 -1.498102E+04 _shell_0000000029   
        29   2  5.836791E+04  8.105070E+04 -1.016402E+03 -3.229514E+05 -2.147506E+04 -1.046242E+04 _shell_0000000029   
        29   3  7.857309E+04  7.844517E+04  3.011346E+03 -3.276868E+05 -4.709212E+02 -9.759757E+03 _shell_0000000029   
        29   4  8.139361E+04  8.790698E+04  5.851614E+03 -3.196320E+05 -1.314887E+04 -1.567863E+04 _shell_0000000029   
        29   5 -5.604007E+04 -7.169719E+04  5.835835E+03  3.311068E+05 -3.422970E+04 -1.499391E+04 _shell_0000000029   
        29   6 -5.886105E+04 -8.113221E+04  3.019556E+03  3.230520E+05 -2.155159E+04 -1.046714E+04 _shell_0000000029   
        29   7 -7.893519E+04 -7.855365E+04 -1.024597E+03  3.277923E+05 -5.354684E+02 -9.777388E+03 _shell_0000000029   
        29   8 -8.176074E+04 -8.799390E+04 -3.830400E+03  3.197433E+05 -1.321769E+04 -1.568872E+04 _shell_0000000029   
        30   1  6.371480E+04  8.711065E+04 -4.083224E+03 -3.018925E+05 -3.222393E+04 -1.603997E+04 _shell_0000000030   
        30   2  6.612600E+04  9.519854E+04 -1.663824E+03 -2.928040E+05 -1.790741E+04 -1.291543E+04 _shell_0000000030   
        30   3  8.969063E+04  9.485834E+04  3.664476E+03 -2.990649E+05  1.392050E+03 -1.158678E+04 _shell_0000000030   
        30   4  9.209449E+04  1.029379E+05  6.085933E+03 -2.899730E+05 -1.292210E+04 -1.736431E+04 _shell_0000000030   
        30   5 -6.433881E+04 -8.721348E+04  6.068127E+03  3.020686E+05 -3.230668E+04 -1.603809E+04 _shell_0000000030   
        30   6 -6.674314E+04 -9.524716E+04  3.671993E+03  2.929767E+05 -1.799238E+04 -1.290692E+04 _shell_0000000030   
        30   7 -9.021128E+04 -9.495295E+04 -1.671328E+03  2.992432E+05  1.315762E+03 -1.158891E+04 _shell_0000000030   
        30   8 -9.262295E+04 -1.029950E+05 -4.065404E+03  2.901546E+05 -1.300092E+04 -1.736044E+04 _shell_0000000030   
        31   1  7.024028E+04  1.002523E+05 -4.215040E+03 -2.699729E+05 -2.984482E+04 -1.785450E+04 _shell_0000000031   
        31   2  7.226817E+04  1.070525E+05 -2.179880E+03 -2.601130E+05 -1.431666E+04 -1.508246E+04 _shell_0000000031   
        31   3  9.840844E+04  1.086561E+05  4.186476E+03 -2.675939E+05  2.920620E+03 -1.411047E+04 _shell_0000000031   
        31   4  1.004288E+05  1.154475E+05  6.222316E+03 -2.577333E+05 -1.260689E+04 -1.882287E+04 _shell_0000000031   
        31   5 -7.098614E+04 -1.003150E+05  6.208761E+03  2.701980E+05 -2.993283E+04 -1.783821E+04 _shell_0000000031   
        31   6 -7.300695E+04 -1.070692E+05  4.195225E+03  2.603374E+05 -1.440518E+04 -1.505989E+04 _shell_0000000031   
        31   7 -9.905777E+04 -1.087101E+05 -2.188620E+03  2.678241E+05  2.838708E+03 -1.409749E+04 _shell_0000000031   
        31   8 -1.010861E+05 -1.154730E+05 -4.201477E+03  2.579642E+05 -1.268961E+04 -1.880423E+04 _shell_0000000031   
        32   1  7.536701E+04  1.112143E+05 -4.292865E+03 -2.356428E+05 -2.727796E+04 -1.916964E+04 _shell_0000000032   
        32   2  7.706050E+04  1.168941E+05 -2.591551E+03 -2.252007E+05 -1.083564E+04 -1.685677E+04 _shell_0000000032   
        32   3  1.051993E+05  1.201130E+05  4.602163E+03 -2.336552E+05  4.202668E+03 -1.604405E+04 _shell_0000000032   
        32   4  1.068854E+05  1.257841E+05  6.302703E+03 -2.232147E+05 -1.224061E+04 -1.997943E+04 _shell_0000000032   
        32   5 -7.624176E+04 -1.112482E+05  6.291507E+03  2.358880E+05 -2.736557E+04 -1.913931E+04 _shell_0000000032   
        32   6 -7.792826E+04 -1.168840E+05  4.612828E+03  2.254477E+05 -1.092216E+04 -1.682085E+04 _shell_0000000032   
        32   7 -1.059631E+05 -1.201382E+05 -2.602214E+03  2.339079E+05  4.120478E+03 -1.601638E+04 _shell_0000000032   
        32   8 -1.076570E+05 -1.257828E+05 -4.281667E+03  2.234658E+05 -1.232199E+04 -1.994673E+04 _shell_0000000032   
        33   1  7.939276E+04  1.202860E+05 -4.317503E+03 -1.995602E+05 -2.451999E+04 -2.022863E+04 _shell_0000000033   
        33   2  8.077479E+04  1.249214E+05 -2.927953E+03 -1.886871E+05 -7.401377E+03 -1.832559E+04 _shell_0000000033   
        33   3  1.104631E+05  1.295506E+05  4.941936E+03 -1.979369E+05  5.295507E+03 -1.767852E+04 _shell_0000000033   
        33   4  1.118384E+05  1.341780E+05  6.330222E+03 -1.870676E+05 -1.182549E+04 -2.087338E+04 _shell_0000000033   
        33   5 -8.039505E+04 -1.202935E+05  6.321937E+03  1.997995E+05 -2.460212E+04 -2.018541E+04 _shell_0000000033   
        33   6 -8.177074E+04 -1.248905E+05  4.953768E+03  1.889303E+05 -7.480987E+03 -1.827749E+04 _shell_0000000033   
        33   7 -1.113304E+05 -1.295501E+05 -2.939791E+03  1.981854E+05  5.218103E+03 -1.763738E+04 _shell_0000000033   
        33   8 -1.127128E+05 -1.341550E+05 -4.309223E+03  1.873124E+05 -1.190065E+04 -2.082785E+04 _shell_0000000033   
        34   1  8.249425E+04  1.276139E+05 -4.302503E+03 -1.621758E+05 -2.162536E+04 -2.102558E+04 _shell_0000000034   
        34   2  8.358312E+04  1.312663E+05 -3.206954E+03 -1.509869E+05 -4.011479E+03 -1.951870E+04 _shell_0000000034   
        34   3  1.144760E+05  1.371462E+05  5.223563E+03 -1.608955E+05  6.248343E+03 -1.901680E+04 _shell_0000000034   
        34   4  1.155591E+05  1.407917E+05  6.317739E+03 -1.497123E+05 -1.136914E+04 -2.152571E+04 _shell_0000000034   
        34   5 -8.361372E+04 -1.275999E+05  6.312485E+03  1.623869E+05 -2.169748E+04 -2.097107E+04 _shell_0000000034   
        34   6 -8.469720E+04 -1.312201E+05  5.235678E+03  1.512039E+05 -4.079870E+03 -1.946015E+04 _shell_0000000034   
        34   7 -1.154336E+05 -1.371252E+05 -3.219081E+03  1.611170E+05  6.180152E+03 -1.896387E+04 _shell_0000000034   
        34   8 -1.165228E+05 -1.407523E+05 -4.297261E+03  1.499283E+05 -1.143387E+04 -2.146914E+04 _shell_0000000034   
        35   1  8.481022E+04  1.333133E+05 -4.254371E+03 -1.238491E+05 -1.862313E+04 -2.158621E+04 _shell_0000000035   
        35   2  8.561781E+04  1.360223E+05 -3.441559E+03 -1.124365E+05 -6.587456E+02 -2.046387E+04 _shell_0000000035   
        35   3  1.174397E+05  1.430347E+05  5.460157E+03 -1.228981E+05  7.092777E+03 -2.009653E+04 _shell_0000000035   
        35   4  1.182428E+05  1.457383E+05  6.271787E+03 -1.114927E+05 -1.087617E+04 -2.195219E+04 _shell_0000000035   
        35   5 -8.602730E+04 -1.332815E+05  6.269772E+03  1.240145E+05 -1.868146E+04 -2.152240E+04 _shell_0000000035   
        35   6 -8.683068E+04 -1.359658E+05  5.471618E+03  1.126093E+05 -7.123878E+02 -2.039693E+04 _shell_0000000035   
        35   7 -1.184707E+05 -1.429974E+05 -3.453040E+03  1.230743E+05  7.037500E+03 -2.003393E+04 _shell_0000000035   
        35   8 -1.192785E+05 -1.456871E+05 -4.252375E+03  1.116620E+05 -1.092702E+04 -2.188678E+04 _shell_0000000035   
        36   1  8.643850E+04  1.374606E+05 -4.178569E+03 -8.486693E+04 -1.553806E+04 -2.192418E+04 _shell_0000000036   
        36   2  8.697283E+04  1.392528E+05 -3.640924E+03 -7.330590E+04  2.658917E+03 -2.117938E+04 _shell_0000000036   
        36   3  1.194990E+05  1.473072E+05  5.660856E+03 -8.423593E+04  7.853147E+03 -2.093855E+04 _shell_0000000036   
        36   4  1.200303E+05  1.490956E+05  6.197697E+03 -7.268314E+04 -1.034910E+04 -2.216398E+04 _shell_0000000036   
        36   5 -8.772608E+04 -1.374148E+05  6.198998E+03  8.497348E+04 -1.557968E+04 -2.185337E+04 _shell_0000000036   
        36   6 -8.825754E+04 -1.391907E+05  5.670839E+03  7.342091E+04  2.622696E+03 -2.110643E+04 _shell_0000000036   
        36   7 -1.205822E+05 -1.472575E+05 -3.650932E+03  8.435331E+04  7.813662E+03 -2.086868E+04 _shell_0000000036   
        36   8 -1.211166E+05 -1.490372E+05 -4.179895E+03  7.279251E+04 -1.038345E+04 -2.209219E+04 _shell_0000000036   
        37   1  8.744579E+04  1.401070E+05 -4.078457E+03 -4.546606E+04 -1.238813E+04 -2.204928E+04 _shell_0000000037   
        37   2  8.771177E+04  1.409986E+05 -3.811407E+03 -3.382035E+04  5.941479E+03 -2.167787E+04 _shell_0000000037   
        37   3  1.207518E+05  1.500245E+05  5.832022E+03 -4.514955E+04  8.547522E+03 -2.155849E+04 _shell_0000000037   
        37   4  1.210162E+05  1.509143E+05  6.098763E+03 -3.351272E+04 -9.787788E+03 -2.216782E+04 _shell_0000000037   
        37   5 -8.877115E+04 -1.400507E+05  6.103338E+03  4.550517E+04 -1.241099E+04 -2.197398E+04 _shell_0000000037   
        37   6 -8.903571E+04 -1.409352E+05  5.839846E+03  3.386858E+04  5.924438E+03 -2.160145E+04 _shell_0000000037   
        37   7 -1.218629E+05 -1.499662E+05 -3.819259E+03  4.519887E+04  8.525827E+03 -2.148399E+04 _shell_0000000037   
        37   8 -1.221289E+05 -1.508526E+05 -4.083060E+03  3.355339E+04 -9.803919E+03 -2.209232E+04 _shell_0000000037   
        38   1  8.787112E+04  1.412827E+05 -3.955656E+03 -5.850625E+03 -9.186328E+03 -2.196680E+04 _shell_0000000038   
        38   2  8.787109E+04  1.412815E+05 -3.957033E+03  5.822599E+03  9.186360E+03 -2.196682E+04 _shell_0000000038   
        38   3  1.212553E+05  1.512226E+05  5.977683E+03 -5.846072E+03  9.189254E+03 -2.196640E+04 _shell_0000000038   
        38   4  1.212553E+05  1.512215E+05  5.976555E+03  5.818048E+03 -9.189275E+03 -2.196643E+04 _shell_0000000038   
        38   5 -8.919813E+04 -1.412195E+05  5.984207E+03  5.817974E+03 -9.189337E+03 -2.188962E+04 _shell_0000000038   
        38   6 -8.919817E+04 -1.412207E+05  5.982830E+03 -5.845906E+03  9.189314E+03 -2.188960E+04 _shell_0000000038   
        38   7 -1.223679E+05 -1.511594E+05 -3.962209E+03  5.822526E+03  9.186428E+03 -2.189003E+04 _shell_0000000038   
        38   8 -1.223679E+05 -1.511605E+05 -3.963338E+03 -5.850459E+03 -9.186394E+03 -2.189000E+04 _shell_0000000038   
        39   1  8.772807E+04  1.410002E+05 -3.810003E+03  3.379216E+04 -5.941447E+03 -2.167784E+04 _shell_0000000039   
        39   2  8.746202E+04  1.401062E+05 -4.079811E+03  4.543788E+04  1.238817E+04 -2.204931E+04 _shell_0000000039   
        39   3  1.210290E+05  1.509157E+05  6.099865E+03  3.348454E+04  9.787767E+03 -2.216779E+04 _shell_0000000039   
        39   4  1.207646E+05  1.500238E+05  5.830877E+03  4.512136E+04 -8.547544E+03 -2.155852E+04 _shell_0000000039   
        39   5 -8.901941E+04 -1.409337E+05  5.841251E+03 -3.389667E+04 -5.924463E+03 -2.160148E+04 _shell_0000000039   
        39   6 -8.875493E+04 -1.400515E+05  6.101984E+03 -4.553326E+04  1.241097E+04 -2.197395E+04 _shell_0000000039   
        39   7 -1.221162E+05 -1.508512E+05 -4.081958E+03 -3.358149E+04  9.803955E+03 -2.209235E+04 _shell_0000000039   
        39   8 -1.218500E+05 -1.499670E+05 -3.820405E+03 -4.522697E+04 -8.525792E+03 -2.148396E+04 _shell_0000000039   
        40   1  8.700547E+04  1.392547E+05 -3.639486E+03  7.327723E+04 -2.658882E+03 -2.117936E+04 _shell_0000000040   
        40   2  8.647105E+04  1.374602E+05 -4.179900E+03  8.483825E+04  1.553810E+04 -2.192421E+04 _shell_0000000040   
        40   3  1.200557E+05  1.490975E+05  6.198760E+03  7.265447E+04  1.034908E+04 -2.216395E+04 _shell_0000000040   
        40   4  1.195244E+05  1.473068E+05  5.659707E+03  8.420726E+04 -7.853172E+03 -2.093858E+04 _shell_0000000040   
        40   5 -8.822491E+04 -1.391888E+05  5.672279E+03 -7.344950E+04 -2.622723E+03 -2.110647E+04 _shell_0000000040   
        40   6 -8.769352E+04 -1.374152E+05  6.197667E+03 -8.500207E+04  1.557965E+04 -2.185334E+04 _shell_0000000040   
        40   7 -1.210913E+05 -1.490354E+05 -4.178833E+03 -7.282110E+04  1.038349E+04 -2.209222E+04 _shell_0000000040   
        40   8 -1.205567E+05 -1.472579E+05 -3.652083E+03 -8.438190E+04 -7.813626E+03 -2.086866E+04 _shell_0000000040   
        41   1  8.566691E+04  1.360246E+05 -3.440080E+03  1.124070E+05  6.587854E+02 -2.046383E+04 _shell_0000000041   
        41   2  8.485923E+04  1.333134E+05 -4.255677E+03  1.238196E+05  1.862317E+04 -2.158625E+04 _shell_0000000041   
        41   3  1.182805E+05  1.457405E+05  6.272794E+03  1.114632E+05  1.087615E+04 -2.195216E+04 _shell_0000000041   
        41   4  1.174775E+05  1.430349E+05  5.459023E+03  1.228686E+05 -7.092807E+03 -2.009657E+04 _shell_0000000041   
        41   5 -8.678158E+04 -1.359635E+05  5.473100E+03 -1.126387E+05  7.123559E+02 -2.039697E+04 _shell_0000000041   
        41   6 -8.597830E+04 -1.332815E+05  6.268467E+03 -1.240439E+05  1.868143E+04 -2.152237E+04 _shell_0000000041   
        41   7 -1.192408E+05 -1.456849E+05 -4.251370E+03 -1.116914E+05  1.092706E+04 -2.188682E+04 _shell_0000000041   
        41   8 -1.184329E+05 -1.429973E+05 -3.454177E+03 -1.231038E+05 -7.037458E+03 -2.003390E+04 _shell_0000000041   
        42   1  8.364884E+04  1.312692E+05 -3.205424E+03  1.509560E+05  4.011528E+03 -1.951866E+04 _shell_0000000042   
        42   2  8.255984E+04  1.276146E+05 -4.303759E+03  1.621450E+05  2.162542E+04 -2.102563E+04 _shell_0000000042   
        42   3  1.156085E+05  1.407945E+05  6.318659E+03  1.496815E+05  1.136911E+04 -2.152567E+04 _shell_0000000042   
        42   4  1.145255E+05  1.371470E+05  5.222486E+03  1.608647E+05 -6.248381E+03 -1.901684E+04 _shell_0000000042   
        42   5 -8.463149E+04 -1.312172E+05  5.237210E+03 -1.512346E+05  4.079831E+03 -1.946019E+04 _shell_0000000042   
        42   6 -8.354813E+04 -1.275992E+05  6.311231E+03 -1.624177E+05  2.169745E+04 -2.097103E+04 _shell_0000000042   
        42   7 -1.164735E+05 -1.407496E+05 -4.296343E+03 -1.499590E+05  1.143393E+04 -2.146919E+04 _shell_0000000042   
        42   8 -1.153842E+05 -1.371244E+05 -3.220161E+03 -1.611478E+05 -6.180102E+03 -1.896383E+04 _shell_0000000042   
        43   1  8.085719E+04  1.249250E+05 -2.926373E+03  1.886544E+05  7.401441E+03 -1.832553E+04 _shell_0000000043   
        43   2  7.947500E+04  1.202877E+05 -4.318701E+03  1.995275E+05  2.452006E+04 -2.022869E+04 _shell_0000000043   
        43   3  1.118982E+05  1.341814E+05  6.331002E+03  1.870350E+05  1.182545E+04 -2.087332E+04 _shell_0000000043   
        43   4  1.105230E+05  1.295524E+05  4.940980E+03  1.979042E+05 -5.295558E+03 -1.767859E+04 _shell_0000000043   
        43   5 -8.168834E+04 -1.248869E+05  4.955352E+03 -1.889629E+05  7.480936E+03 -1.827755E+04 _shell_0000000043   
        43   6 -8.031281E+04 -1.202919E+05  6.320742E+03 -1.998321E+05  2.460207E+04 -2.018535E+04 _shell_0000000043   
        43   7 -1.126530E+05 -1.341517E+05 -4.308446E+03 -1.873450E+05  1.190072E+04 -2.082791E+04 _shell_0000000043   
        43   8 -1.112704E+05 -1.295483E+05 -2.940750E+03 -1.982180E+05 -5.218038E+03 -1.763732E+04 _shell_0000000043   
        44   1  7.715941E+04  1.168986E+05 -2.589922E+03  2.251655E+05  1.083573E+04 -1.685670E+04 _shell_0000000044   
        44   2  7.546571E+04  1.112177E+05 -4.293802E+03  2.356077E+05  2.727806E+04 -1.916972E+04 _shell_0000000044   
        44   3  1.069533E+05  1.257884E+05  6.303259E+03  2.231796E+05  1.224054E+04 -1.997936E+04 _shell_0000000044   
        44   4  1.052674E+05  1.201166E+05  4.601554E+03  2.336200E+05 -4.202738E+03 -1.604413E+04 _shell_0000000044   
        44   5 -7.782934E+04 -1.168795E+05  4.614460E+03 -2.254828E+05  1.092209E+04 -1.682093E+04 _shell_0000000044   
        44   6 -7.614305E+04 -1.112448E+05  6.290574E+03 -2.359232E+05  2.736551E+04 -1.913924E+04 _shell_0000000044   
        44   7 -1.075891E+05 -1.257785E+05 -4.281114E+03 -2.235010E+05  1.232209E+04 -1.994681E+04 _shell_0000000044   
        44   8 -1.058950E+05 -1.201347E+05 -2.602826E+03 -2.339430E+05 -4.120392E+03 -1.601631E+04 _shell_0000000044   
        45   1  7.238239E+04  1.070584E+05 -2.178304E+03  2.600748E+05  1.431680E+04 -1.508233E+04 _shell_0000000045   
        45   2  7.035415E+04  1.002572E+05 -4.215995E+03  2.699346E+05  2.984497E+04 -1.785464E+04 _shell_0000000045   
        45   3  1.005002E+05  1.154531E+05  6.222460E+03  2.576951E+05  1.260677E+04 -1.882274E+04 _shell_0000000045   
        45   4  9.848019E+04  1.086614E+05  4.186438E+03  2.675557E+05 -2.920742E+03 -1.411061E+04 _shell_0000000045   
        45   5 -7.289271E+04 -1.070633E+05  4.196802E+03 -2.603756E+05  1.440505E+04 -1.506002E+04 _shell_0000000045   
        45   6 -7.087225E+04 -1.003101E+05  6.207810E+03 -2.702362E+05  2.993271E+04 -1.783808E+04 _shell_0000000045   
        45   7 -1.010147E+05 -1.154675E+05 -4.201336E+03 -2.580025E+05  1.268975E+04 -1.880436E+04 _shell_0000000045   
        45   8 -9.898602E+04 -1.087049E+05 -2.188660E+03 -2.678624E+05 -2.838568E+03 -1.409737E+04 _shell_0000000045   
        46   1  6.625247E+04  9.520616E+04 -1.662376E+03  2.927622E+05  1.790757E+04 -1.291529E+04 _shell_0000000046   
        46   2  6.384087E+04  8.712210E+04 -4.081821E+03  3.018508E+05  3.222410E+04 -1.604013E+04 _shell_0000000046   
        46   3  9.216035E+04  1.029451E+05  6.085461E+03  2.899313E+05  1.292196E+04 -1.736416E+04 _shell_0000000046   
        46   4  8.975690E+04  9.487019E+04  3.666642E+03  2.990232E+05 -1.392189E+03 -1.158693E+04 _shell_0000000046   
        46   5 -6.661663E+04 -9.523962E+04  3.673443E+03 -2.930185E+05  1.799225E+04 -1.290707E+04 _shell_0000000046   
        46   6 -6.421270E+04 -8.720212E+04  6.069532E+03 -3.021105E+05  3.230655E+04 -1.603794E+04 _shell_0000000046   
        46   7 -9.255706E+04 -1.029878E+05 -4.065879E+03 -2.901964E+05  1.300109E+04 -1.736060E+04 _shell_0000000046   
        46   8 -9.014499E+04 -9.494119E+04 -1.669164E+03 -2.992851E+05 -1.315603E+03 -1.158876E+04 _shell_0000000046   
        47   1  5.849345E+04  8.105943E+04 -1.016537E+03  3.229100E+05  2.147560E+04 -1.046189E+04 _shell_0000000047   
        47   2  5.566695E+04  7.158763E+04 -3.849086E+03  3.309588E+05  3.415766E+04 -1.498155E+04 _shell_0000000047   
        47   3  8.143398E+04  8.791430E+04  5.849818E+03  3.195906E+05  1.314836E+04 -1.567811E+04 _shell_0000000047   
        47   4  7.861487E+04  7.845055E+04  3.016232E+03  3.276454E+05  4.704049E+02 -9.760283E+03 _shell_0000000047   
        47   5 -5.873546E+04 -8.112356E+04  3.019421E+03 -3.230934E+05  2.155108E+04 -1.046767E+04 _shell_0000000047   
        47   6 -5.591588E+04 -7.169329E+04  5.832946E+03 -3.311483E+05  3.422919E+04 -1.499339E+04 _shell_0000000047   
        47   7 -8.172032E+04 -8.798666E+04 -3.832198E+03 -3.197848E+05  1.321823E+04 -1.568925E+04 _shell_0000000047   
        47   8 -7.889336E+04 -7.854834E+04 -1.019711E+03 -3.278337E+05  5.360028E+02 -9.776864E+03 _shell_0000000047   
        48   1  4.840119E+04  6.417916E+04 -8.206961E+01  3.470466E+05  2.576207E+04 -6.644707E+03 _shell_0000000048   
        48   2  4.497851E+04  5.271744E+04 -3.508538E+03  3.535918E+05  3.607949E+04 -6.658932E+03 _shell_0000000048   
        48   3  6.706196E+04  6.975538E+04  5.507175E+03  3.430258E+05  1.342676E+04 -1.296427E+04 _shell_0000000048   
        48   4  6.364503E+04  5.829978E+04  2.077375E+03  3.495793E+05  3.115235E+03 -3.337652E+02 _shell_0000000048   
        48   5 -4.854929E+04 -6.426852E+04  2.077348E+03 -3.471364E+05  2.582243E+04 -6.663288E+03 _shell_0000000048   
        48   6 -4.513196E+04 -5.283108E+04  5.490890E+03 -3.536907E+05  3.613413E+04 -6.683259E+03 _shell_0000000048   
        48   7 -6.724635E+04 -6.985113E+04 -3.492238E+03 -3.431277E+05  1.348182E+04 -1.298873E+04 _shell_0000000048   
        48   8 -6.382327E+04 -5.840756E+04 -8.202771E+01 -3.496736E+05  3.164206E+03 -3.634263E+02 _shell_0000000048   
        49   1  3.436516E+04  4.355838E+04  9.958658E+02  3.768650E+05  2.990254E+04 -6.231361E+03 _shell_0000000049   
        49   2  3.044547E+04  3.044552E+04 -2.926126E+03  3.814604E+05  3.714921E+04 -3.714921E+04 _shell_0000000049   
        49   3  4.747479E+04  4.747483E+04  4.923640E+03  3.722587E+05  1.347156E+04 -1.347156E+04 _shell_0000000049   
        49   4  4.355835E+04  3.436521E+04  9.958650E+02  3.768650E+05  6.231362E+03 -2.990254E+04 _shell_0000000049   
        49   5 -3.444139E+04 -4.364684E+04  9.958713E+02 -3.768639E+05  2.994378E+04 -6.261483E+03 _shell_0000000049   
        49   6 -3.052465E+04 -3.052468E+04  4.910316E+03 -3.814678E+05  3.718419E+04 -3.718419E+04 _shell_0000000049   
        49   7 -4.756679E+04 -4.756683E+04 -2.912791E+03 -3.722709E+05  1.350837E+04 -1.350836E+04 _shell_0000000049   
        49   8 -4.364680E+04 -3.444142E+04  9.958703E+02 -3.768639E+05  6.261484E+03 -2.994378E+04 _shell_0000000049   
        50   1  1.439862E+04  1.929206E+04  2.510532E+03  3.383174E+05  3.239087E+04  1.265097E+04 _shell_0000000050   
        50   2  1.004676E+04  4.786741E+03 -1.841389E+03  3.398644E+05  3.485148E+04  1.434578E+05 _shell_0000000050   
        50   3  1.883998E+04  2.062025E+04  3.841359E+03  3.332035E+05  1.305572E+04  4.607508E+03 _shell_0000000050   
        50   4  1.448745E+04  6.114237E+03 -5.188072E+02  3.347591E+05  1.060637E+04  1.515061E+05 _shell_0000000050   
        50   5 -1.441659E+04 -1.929641E+04 -5.136984E+02 -3.382875E+05  3.240835E+04  1.261869E+04 _shell_0000000050   
        50   6 -1.006397E+04 -4.660647E+03  3.838861E+03 -3.398585E+05  3.485786E+04  1.434225E+05 _shell_0000000050   
        50   7 -1.886710E+04 -2.062424E+04 -1.838887E+03 -3.331831E+05  1.307035E+04  4.570333E+03 _shell_0000000050   
        50   8 -1.451515E+04 -5.989167E+03  2.505427E+03 -3.347455E+05  1.060956E+04  1.514661E+05 _shell_0000000050   
        51   1  1.937274E+04  1.706478E+04 -1.644938E+03 -3.116412E+05 -7.492534E+03  1.385509E+05 _shell_0000000051   
        51   2  2.332578E+04  3.002679E+04  2.312259E+03 -3.101451E+05 -5.107405E+03  1.304664E+04 _shell_0000000051   
        51   3  2.371185E+04  1.835566E+04 -3.142975E+02 -3.070085E+05 -1.178701E+04  1.458544E+05 _shell_0000000051   
        51   4  2.765758E+04  3.131076E+04  3.627186E+03 -3.055056E+05 -1.416246E+04  5.747717E+03 _shell_0000000051   
        51   5 -1.937797E+04 -1.559269E+04  3.592094E+03  3.118869E+05 -7.493142E+03  1.384998E+05 _shell_0000000051   
        51   6 -2.332379E+04 -2.907471E+04 -3.495712E+02  3.103599E+05 -5.117543E+03  1.299374E+04 _shell_0000000051   
        51   7 -2.366016E+04 -1.687701E+04  2.347537E+03  3.072470E+05 -1.178911E+04  1.457988E+05 _shell_0000000051   
        51   8 -2.761329E+04 -3.036593E+04 -1.609841E+03  3.057269E+05 -1.417437E+04  5.690178E+03 _shell_0000000051   
        52   1  5.282268E+04  4.536132E+04 -3.500018E+03 -3.534343E+05 -6.659907E+03 -3.608048E+04 _shell_0000000052   
        52   2  5.840761E+04  6.384070E+04  2.088991E+03 -3.494218E+05 -3.347405E+02 -3.114295E+03 _shell_0000000052   
        52   3  6.424920E+04  4.878658E+04 -7.463672E+01 -3.468891E+05 -6.643759E+03 -2.576305E+04 _shell_0000000052   
        52   4  6.982284E+04  6.725505E+04  5.500438E+03 -3.428683E+05 -1.296332E+04 -1.342582E+04 _shell_0000000052   
        52   5 -5.272588E+04 -4.474917E+04  5.499410E+03  3.538481E+05 -6.682311E+03 -3.613319E+04 _shell_0000000052   
        52   6 -5.829979E+04 -6.362762E+04 -7.041338E+01  3.498311E+05 -3.624793E+02 -3.165189E+03 _shell_0000000052   
        52   7 -6.419853E+04 -4.816392E+04  2.084783E+03  3.472939E+05 -6.664262E+03 -2.582149E+04 _shell_0000000052   
        52   8 -6.978372E+04 -6.705328E+04 -3.498975E+03  3.432851E+05 -1.298971E+04 -1.348280E+04 _shell_0000000052   
        53   1  7.777362E+04  7.777963E+04 -3.752928E+03 -3.279542E+05 -6.583477E+03 -6.583482E+03 _shell_0000000053   
        53   2  8.253215E+04  9.365446E+04  1.012720E+03 -3.223766E+05  2.208671E+03 -3.816194E+03 _shell_0000000053   
        53   3  9.368373E+04  8.253816E+04  9.900893E+02 -3.223766E+05 -3.816192E+03  2.208661E+03 _shell_0000000053   
        53   4  9.843391E+04  9.840464E+04  5.759806E+03 -3.167925E+05 -1.260304E+04 -1.260304E+04 _shell_0000000053   
        53   5 -7.779555E+04 -7.778948E+04  5.756140E+03  3.282961E+05 -6.623171E+03 -6.623176E+03 _shell_0000000053   
        53   6 -8.254608E+04 -9.374932E+04  1.012732E+03  3.227109E+05  2.163904E+03 -3.848120E+03 _shell_0000000053   
        53   7 -9.372011E+04 -8.254001E+04  9.900973E+02  3.227109E+05 -3.848118E+03  2.163895E+03 _shell_0000000053   
        53   8 -9.847899E+04 -9.850820E+04 -3.749241E+03  3.171321E+05 -1.264050E+04 -1.264050E+04 _shell_0000000053   
        54   1  9.668106E+04  1.052801E+05 -4.134341E+03 -3.082613E+05 -6.653438E+03 -1.454732E+04 _shell_0000000054   
        54   2  1.009776E+05  1.196769E+05  1.748000E+02 -3.012782E+05  4.349247E+03 -7.059531E+03 _shell_0000000054   
        54   3  1.166548E+05  1.112361E+05  1.818288E+03 -3.032265E+05 -1.194186E+03 -6.611291E+03 _shell_0000000054   
        54   4  1.209409E+05  1.256219E+05  6.129631E+03 -2.962387E+05 -1.219298E+04 -1.499064E+04 _shell_0000000054   
        54   5 -9.698535E+04 -1.054670E+05  6.107862E+03  3.085522E+05 -6.707026E+03 -1.456935E+04 _shell_0000000054   
        54   6 -1.012719E+05 -1.198048E+05  1.833912E+03  3.015642E+05  4.291991E+03 -7.072864E+03 _shell_0000000054   
        54   7 -1.168550E+05 -1.114122E+05  1.591976E+02  3.035112E+05 -1.239201E+03 -6.637985E+03 _shell_0000000054   
        54   8 -1.211520E+05 -1.257611E+05 -4.112550E+03  2.965280E+05 -1.224212E+04 -1.500917E+04 _shell_0000000054   
        55   1  1.113001E+05  1.294865E+05 -4.290425E+03 -2.819266E+05 -6.864120E+03 -1.508679E+04 _shell_0000000055   
        55   2  1.150089E+05  1.419161E+05 -5.766312E+02 -2.738687E+05  5.828992E+03 -9.527722E+03 _shell_0000000055   
        55   3  1.343413E+05  1.363576E+05  2.575596E+03 -2.775810E+05  8.734473E+02 -8.237834E+03 _shell_0000000055   
        55   4  1.380394E+05  1.487756E+05  6.293112E+03 -2.695203E+05 -1.181718E+04 -1.637225E+04 _shell_0000000055   
        55   5 -1.117693E+05 -1.296367E+05  6.278659E+03  2.822460E+05 -6.927533E+03 -1.508866E+04 _shell_0000000055   
        55   6 -1.154679E+05 -1.420055E+05  2.585141E+03  2.741851E+05  5.763300E+03 -9.519961E+03 _shell_0000000055   
        55   7 -1.346966E+05 -1.364964E+05 -5.861568E+02  2.778960E+05  8.194817E+02 -8.243861E+03 _shell_0000000055   
        55   8 -1.384058E+05 -1.488768E+05 -4.275952E+03  2.698379E+05 -1.187385E+04 -1.636920E+04 _shell_0000000055   
        56   1  1.228598E+05  1.501305E+05 -4.355857E+03 -2.526419E+05 -7.092991E+03 -1.668452E+04 _shell_0000000056   
        56   2  1.260350E+05  1.607752E+05 -1.177211E+03 -2.437964E+05  6.837941E+03 -1.172399E+04 _shell_0000000056   
        56   3  1.481476E+05  1.576719E+05  3.179909E+03 -2.489217E+05  2.494032E+03 -1.082227E+04 _shell_0000000056   
        56   4  1.513120E+05  1.683043E+05  6.360709E+03 -2.400755E+05 -1.143585E+04 -1.758232E+04 _shell_0000000056   
        56   5 -1.234533E+05 -1.502297E+05  6.349577E+03  2.529875E+05 -7.161464E+03 -1.666505E+04 _shell_0000000056   
        56   6 -1.266181E+05 -1.608106E+05  3.188113E+03  2.441413E+05  6.768611E+03 -1.169522E+04 _shell_0000000056   
        56   7 -1.486197E+05 -1.577590E+05 -1.185401E+03  2.492650E+05  2.434640E+03 -1.080646E+04 _shell_0000000056   
        56   8 -1.517955E+05 -1.683521E+05 -4.344712E+03  2.404195E+05 -1.149650E+04 -1.755775E+04 _shell_0000000056   
        57   1  1.319938E+05  1.675981E+05 -4.350544E+03 -2.208255E+05 -7.312254E+03 -1.773480E+04 _shell_0000000057   
        57   2  1.346665E+05  1.765571E+05 -1.675986E+03 -2.113930E+05  7.540889E+03 -1.357602E+04 _shell_0000000057   
        57   3  1.589571E+05  1.756386E+05  3.682552E+03 -2.176941E+05  3.806575E+03 -1.280155E+04 _shell_0000000057   
        57   4  1.616194E+05  1.845857E+05  6.358538E+03 -2.082628E+05 -1.104687E+04 -1.850587E+04 _shell_0000000057   
        57   5 -1.326848E+05 -1.676372E+05  6.351717E+03  2.211781E+05 -7.381286E+03 -1.769449E+04 _shell_0000000057   
        57   6 -1.353475E+05 -1.765400E+05  3.690924E+03  2.117468E+05  7.472343E+03 -1.352702E+04 _shell_0000000057   
        57   7 -1.595183E+05 -1.756658E+05 -1.684354E+03  2.180463E+05  3.745996E+03 -1.276440E+04 _shell_0000000057   
        57   8 -1.621914E+05 -1.845806E+05 -4.343718E+03  2.086138E+05 -1.110735E+04 -1.846054E+04 _shell_0000000057   
        58   1  1.391510E+05  1.821321E+05 -4.294689E+03 -1.871992E+05 -7.531449E+03 -1.857807E+04 _shell_0000000058   
        58   2  1.413467E+05  1.894918E+05 -2.097708E+03 -1.773304E+05  8.006716E+03 -1.514348E+04 _shell_0000000058   
        58   3  1.673621E+05  1.905430E+05  4.107390E+03 -1.846262E+05  4.891396E+03 -1.452590E+04 _shell_0000000058   
        58   4  1.695484E+05  1.978918E+05  6.305185E+03 -1.747603E+05 -1.064829E+04 -1.919270E+04 _shell_0000000058   
        58   5 -1.399234E+05 -1.821179E+05  6.301955E+03  1.875330E+05 -7.596737E+03 -1.851836E+04 _shell_0000000058   
        58   6 -1.421101E+05 -1.894295E+05  4.116557E+03  1.776672E+05  7.943124E+03 -1.507606E+04 _shell_0000000058   
        58   7 -1.679924E+05 -1.905179E+05 -2.106880E+03  1.849614E+05  4.833597E+03 -1.446892E+04 _shell_0000000058   
        58   8 -1.701884E+05 -1.978405E+05 -4.291464E+03  1.750928E+05 -1.070477E+04 -1.912847E+04 _shell_0000000058   
        59   1  1.446653E+05  1.939287E+05 -4.198343E+03 -1.522262E+05 -7.741104E+03 -1.917479E+04 _shell_0000000059   
        59   2  1.464027E+05  1.997522E+05 -2.460025E+03 -1.420392E+05  8.296386E+03 -1.645002E+04 _shell_0000000059   
        59   3  1.737883E+05  2.026093E+05  4.472304E+03 -1.501894E+05  5.802198E+03 -1.596863E+04 _shell_0000000059   
        59   4  1.755179E+05  2.084233E+05  6.211084E+03 -1.400068E+05 -1.023785E+04 -1.965364E+04 _shell_0000000059   
        59   5 -1.455047E+05 -1.938691E+05  6.211144E+03  1.525165E+05 -7.798813E+03 -1.909799E+04 _shell_0000000059   
        59   6 -1.472346E+05 -1.996536E+05  4.482142E+03  1.423342E+05  8.241407E+03 -1.636674E+04 _shell_0000000059   
        59   7 -1.744720E+05 -2.025402E+05 -2.469879E+03  1.504829E+05  5.750790E+03 -1.589420E+04 _shell_0000000059   
        59   8 -1.762098E+05 -2.083341E+05 -4.198418E+03  1.402962E+05 -1.028689E+04 -1.957311E+04 _shell_0000000059   
        60   1  1.487769E+05  2.031299E+05 -4.069603E+03 -1.162834E+05 -7.938606E+03 -1.955105E+04 _shell_0000000060   
        60   2  1.500695E+05  2.074623E+05 -2.776448E+03 -1.058714E+05  8.451944E+03 -1.751900E+04 _shell_0000000060   
        60   3  1.785462E+05  2.120007E+05  4.790739E+03 -1.147671E+05  6.580884E+03 -1.716575E+04 _shell_0000000060   
        60   4  1.798327E+05  2.163257E+05  6.084163E+03 -1.043606E+05 -9.813056E+03 -1.990209E+04 _shell_0000000060   
        60   5 -1.496685E+05 -2.030339E+05  6.087135E+03  1.165094E+05 -7.985498E+03 -1.946012E+04 _shell_0000000060   
        60   6 -1.509553E+05 -2.073369E+05  4.800865E+03  1.061032E+05  8.408610E+03 -1.742302E+04 _shell_0000000060   
        60   7 -1.792698E+05 -2.118971E+05 -2.786599E+03  1.149977E+05  6.538922E+03 -1.707690E+04 _shell_0000000060   
        60   8 -1.805627E+05 -2.162076E+05 -4.072600E+03  1.045859E+05 -9.851817E+03 -1.980848E+04 _shell_0000000060   
        61   1  1.516595E+05  2.098378E+05 -3.913683E+03 -7.966734E+04 -8.118943E+03 -1.971630E+04 _shell_0000000061   
        61   2  1.525166E+05  2.127099E+05 -3.056554E+03 -6.910602E+04  8.505645E+03 -1.836682E+04 _shell_0000000061   
        61   3  1.818577E+05  2.188342E+05  5.072284E+03 -7.866071E+04  7.258670E+03 -1.813466E+04 _shell_0000000061   
        61   4  1.827106E+05  2.217013E+05  5.929608E+03 -6.810584E+04 -9.369915E+03 -1.994649E+04 _shell_0000000061   
        61   5 -1.525869E+05 -2.097141E+05  5.935140E+03  7.981265E+04 -8.152484E+03 -1.961466E+04 _shell_0000000061   
        61   6 -1.534399E+05 -2.125670E+05  5.082190E+03  6.925809E+04  8.476267E+03 -1.826173E+04 _shell_0000000061   
        61   7 -1.826080E+05 -2.187053E+05 -3.066491E+03  7.881179E+04  7.228561E+03 -1.803492E+04 _shell_0000000061   
        61   8 -1.834652E+05 -2.215632E+05 -3.919246E+03  6.825079E+04 -9.396214E+03 -1.984348E+04 _shell_0000000061   
        62   1  1.534308E+05  2.141210E+05 -3.733842E+03 -4.262192E+04 -8.275794E+03 -1.967839E+04 _shell_0000000062   
        62   2  1.538580E+05  2.155522E+05 -3.307074E+03 -3.197551E+04  8.482181E+03 -1.900515E+04 _shell_0000000062   
        62   3  1.838728E+05  2.231884E+05  5.323661E+03 -4.211836E+04  7.859745E+03 -1.888971E+04 _shell_0000000062   
        62   4  1.842979E+05  2.246170E+05  5.750626E+03 -3.147892E+04 -8.902595E+03 -1.979201E+04 _shell_0000000062   
        62   5 -1.543757E+05 -2.139785E+05  5.758327E+03  4.267563E+04 -8.294217E+03 -1.956985E+04 _shell_0000000062   
        62   6 -1.548008E+05 -2.154006E+05  5.332821E+03  3.203653E+04  8.468287E+03 -1.889483E+04 _shell_0000000062   
        62   7 -1.846368E+05 -2.230432E+05 -3.316271E+03  4.217869E+04  7.843171E+03 -1.878297E+04 _shell_0000000062   
        62   8 -1.850640E+05 -2.244679E+05 -3.741580E+03  3.153262E+04 -8.914989E+03 -1.968358E+04 _shell_0000000062   
        63   1  1.541594E+05  2.160208E+05 -3.531477E+03 -5.356863E+03 -8.400623E+03 -1.944122E+04 _shell_0000000063   
        63   2  1.541593E+05  2.160202E+05 -3.532356E+03  5.317179E+03  8.400660E+03 -1.944124E+04 _shell_0000000063   
        63   3  1.846788E+05  2.251103E+05  5.549219E+03 -5.353289E+03  8.402877E+03 -1.944033E+04 _shell_0000000063   
        63   4  1.846789E+05  2.251098E+05  5.548581E+03  5.313606E+03 -8.402896E+03 -1.944036E+04 _shell_0000000063   
        63   5 -1.551025E+05 -2.158682E+05  5.558015E+03  5.313478E+03 -8.402977E+03 -1.932977E+04 _shell_0000000063   
        63   6 -1.551025E+05 -2.158689E+05  5.557135E+03 -5.353072E+03  8.402960E+03 -1.932974E+04 _shell_0000000063   
        63   7 -1.854433E+05 -2.249577E+05 -3.540311E+03  5.317050E+03  8.400752E+03 -1.933068E+04 _shell_0000000063   
        63   8 -1.854432E+05 -2.249583E+05 -3.540949E+03 -5.356646E+03 -8.400717E+03 -1.933065E+04 _shell_0000000063   
        64   1  1.538684E+05  2.155534E+05 -3.306182E+03  3.193575E+04 -8.482144E+03 -1.900513E+04 _shell_0000000064   
        64   2  1.534412E+05  2.141210E+05 -3.734685E+03  4.258216E+04  8.275832E+03 -1.967842E+04 _shell_0000000064   
        64   3  1.843050E+05  2.246182E+05  5.751254E+03  3.143917E+04  8.902577E+03 -1.979198E+04 _shell_0000000064   
        64   4  1.838800E+05  2.231885E+05  5.323049E+03  4.207861E+04 -7.859765E+03 -1.888974E+04 _shell_0000000064   
        64   5 -1.547904E+05 -2.153995E+05  5.333715E+03 -3.207619E+04 -8.468305E+03 -1.889486E+04 _shell_0000000064   
        64   6 -1.543653E+05 -2.139786E+05  5.757484E+03 -4.271529E+04  8.294200E+03 -1.956983E+04 _shell_0000000064   
        64   7 -1.850569E+05 -2.244668E+05 -3.740952E+03 -3.157229E+04  8.915026E+03 -1.968361E+04 _shell_0000000064   
        64   8 -1.846296E+05 -2.230432E+05 -3.316884E+03 -4.221836E+04 -7.843136E+03 -1.878294E+04 _shell_0000000064   
        65   1  1.525372E+05  2.127117E+05 -3.055672E+03  6.906608E+04 -8.505606E+03 -1.836680E+04 _shell_0000000065   
        65   2  1.516800E+05  2.098384E+05 -3.914464E+03  7.962740E+04  8.118984E+03 -1.971633E+04 _shell_0000000065   
        65   3  1.827245E+05  2.217029E+05  5.930196E+03  6.806590E+04  9.369896E+03 -1.994646E+04 _shell_0000000065   
        65   4  1.818717E+05  2.188349E+05  5.071743E+03  7.862078E+04 -7.258692E+03 -1.813470E+04 _shell_0000000065   
        65   5 -1.534194E+05 -2.125652E+05  5.083073E+03 -6.929795E+04 -8.476288E+03 -1.826176E+04 _shell_0000000065   
        65   6 -1.525664E+05 -2.097135E+05  5.934359E+03 -7.985251E+04  8.152466E+03 -1.961464E+04 _shell_0000000065   
        65   7 -1.834514E+05 -2.215616E+05 -3.918660E+03 -6.829065E+04  9.396254E+03 -1.984351E+04 _shell_0000000065   
        65   8 -1.825941E+05 -2.187046E+05 -3.067035E+03 -7.885165E+04 -7.228524E+03 -1.803490E+04 _shell_0000000065   
        66   1  1.500996E+05  2.074647E+05 -2.775611E+03  1.058312E+05 -8.451902E+03 -1.751897E+04 _shell_0000000066   
        66   2  1.488069E+05  2.031314E+05 -4.070286E+03  1.162432E+05  7.938652E+03 -1.955109E+04 _shell_0000000066   
        66   3  1.798524E+05  2.163280E+05  6.084675E+03  1.043204E+05  9.813034E+03 -1.990205E+04 _shell_0000000066   
        66   4  1.785660E+05  2.120023E+05  4.790335E+03  1.147269E+05 -6.580910E+03 -1.716579E+04 _shell_0000000066   
        66   5 -1.509252E+05 -2.073346E+05  4.801704E+03 -1.061433E+05 -8.408636E+03 -1.742305E+04 _shell_0000000066   
        66   6 -1.496385E+05 -2.030324E+05  6.086454E+03 -1.165495E+05  7.985477E+03 -1.946009E+04 _shell_0000000066   
        66   7 -1.805430E+05 -2.162054E+05 -4.072090E+03 -1.046260E+05  9.851862E+03 -1.980851E+04 _shell_0000000066   
        66   8 -1.792500E+05 -2.118956E+05 -2.787005E+03 -1.150378E+05 -6.538881E+03 -1.707687E+04 _shell_0000000066   
        67   1  1.464412E+05  1.997551E+05 -2.459287E+03  1.419988E+05 -8.296337E+03 -1.644998E+04 _shell_0000000067   
        67   2  1.447037E+05  1.939311E+05 -4.198878E+03  1.521858E+05  7.741157E+03 -1.917483E+04 _shell_0000000067   
        67   3  1.755418E+05  2.084262E+05  6.211477E+03  1.399664E+05  1.023782E+04 -1.965361E+04 _shell_0000000067   
        67   4  1.738123E+05  2.026118E+05  4.472142E+03  1.501490E+05 -5.802231E+03 -1.596867E+04 _shell_0000000067   
        67   5 -1.471961E+05 -1.996507E+05  4.482883E+03 -1.423745E+05 -8.241439E+03 -1.636679E+04 _shell_0000000067   
        67   6 -1.454663E+05 -1.938667E+05  6.210611E+03 -1.525569E+05  7.798786E+03 -1.909795E+04 _shell_0000000067   
        67   7 -1.761859E+05 -2.083313E+05 -4.198028E+03 -1.403365E+05  1.028695E+04 -1.957315E+04 _shell_0000000067   
        67   8 -1.744480E+05 -2.025377E+05 -2.470043E+03 -1.505233E+05 -5.750742E+03 -1.589417E+04 _shell_0000000067   
        68   1  1.413916E+05  1.894955E+05 -2.097159E+03  1.772901E+05 -8.006658E+03 -1.514343E+04 _shell_0000000068   
        68   2  1.391959E+05  1.821357E+05 -4.294971E+03  1.871589E+05  7.531512E+03 -1.857812E+04 _shell_0000000068   
        68   3  1.695740E+05  1.978953E+05  6.305404E+03  1.747200E+05  1.064825E+04 -1.919266E+04 _shell_0000000068   
        68   4  1.673878E+05  1.905467E+05  4.107663E+03  1.845859E+05 -4.891438E+03 -1.452595E+04 _shell_0000000068   
        68   5 -1.420652E+05 -1.894260E+05  4.117109E+03 -1.777075E+05 -7.943165E+03 -1.507611E+04 _shell_0000000068   
        68   6 -1.398786E+05 -1.821144E+05  6.301676E+03 -1.875732E+05  7.596702E+03 -1.851832E+04 _shell_0000000068   
        68   7 -1.701628E+05 -1.978371E+05 -4.291248E+03 -1.751330E+05  1.070483E+04 -1.912852E+04 _shell_0000000068   
        68   8 -1.679667E+05 -1.905142E+05 -2.106610E+03 -1.850017E+05 -4.833541E+03 -1.446888E+04 _shell_0000000068   
        69   1  1.347144E+05  1.765612E+05 -1.675817E+03  2.113538E+05 -7.540815E+03 -1.357596E+04 _shell_0000000069   
        69   2  1.320415E+05  1.676028E+05 -4.350515E+03  2.207863E+05  7.312333E+03 -1.773487E+04 _shell_0000000069   
        69   3  1.616424E+05  1.845896E+05  6.358511E+03  2.082236E+05  1.104682E+04 -1.850581E+04 _shell_0000000069   
        69   4  1.589803E+05  1.756435E+05  3.683553E+03  2.176549E+05 -3.806633E+03 -1.280162E+04 _shell_0000000069   
        69   5 -1.352996E+05 -1.765360E+05  3.691096E+03 -2.117860E+05 -7.472399E+03 -1.352709E+04 _shell_0000000069   
        69   6 -1.326371E+05 -1.676325E+05  6.351749E+03 -2.212173E+05  7.381235E+03 -1.769443E+04 _shell_0000000069   
        69   7 -1.621684E+05 -1.845767E+05 -4.343748E+03 -2.086530E+05  1.110743E+04 -1.846061E+04 _shell_0000000069   
        69   8 -1.594952E+05 -1.756610E+05 -1.683355E+03 -2.180855E+05 -3.745923E+03 -1.276434E+04 _shell_0000000069   
        70   1  1.260798E+05  1.607792E+05 -1.177734E+03  2.437606E+05 -6.837856E+03 -1.172392E+04 _shell_0000000070   
        70   2  1.229043E+05  1.501365E+05 -4.355005E+03  2.526061E+05  7.093081E+03 -1.668460E+04 _shell_0000000070   
        70   3  1.513257E+05  1.683082E+05  6.360385E+03  2.400397E+05  1.143578E+04 -1.758225E+04 _shell_0000000070   
        70   4  1.481615E+05  1.576781E+05  3.182347E+03  2.488859E+05 -2.494103E+03 -1.082235E+04 _shell_0000000070   
        70   5 -1.265734E+05 -1.608066E+05  3.187592E+03 -2.441771E+05 -6.768680E+03 -1.169530E+04 _shell_0000000070   
        70   6 -1.234088E+05 -1.502238E+05  6.350433E+03 -2.530233E+05  7.161400E+03 -1.666498E+04 _shell_0000000070   
        70   7 -1.517818E+05 -1.683484E+05 -4.345039E+03 -2.404553E+05  1.149659E+04 -1.755783E+04 _shell_0000000070   
        70   8 -1.486058E+05 -1.577529E+05 -1.182965E+03 -2.493008E+05 -2.434556E+03 -1.080639E+04 _shell_0000000070   
        71   1  1.150380E+05  1.419179E+05 -5.788092E+02  2.738427E+05 -5.828860E+03 -9.527600E+03 _shell_0000000071   
        71   2  1.113289E+05  1.294881E+05 -4.289691E+03  2.819006E+05  6.864256E+03 -1.508692E+04 _shell_0000000071   
        71   3  1.380334E+05  1.487771E+05  6.292503E+03  2.694943E+05  1.181706E+04 -1.637213E+04 _shell_0000000071   
        71   4  1.343356E+05  1.363596E+05  2.580154E+03  2.775550E+05 -8.735685E+02 -8.237961E+03 _shell_0000000071   
        71   5 -1.154388E+05 -1.420038E+05  2.582964E+03 -2.742111E+05 -5.763419E+03 -9.520089E+03 _shell_0000000071   
        71   6 -1.117405E+05 -1.296352E+05  6.279395E+03 -2.822720E+05  6.927417E+03 -1.508854E+04 _shell_0000000071   
        71   7 -1.384118E+05 -1.488754E+05 -4.276564E+03 -2.698639E+05  1.187398E+04 -1.636933E+04 _shell_0000000071   
        71   8 -1.347023E+05 -1.364945E+05 -5.816001E+02 -2.779220E+05 -8.193518E+02 -8.243737E+03 _shell_0000000071   
        72   1  1.009715E+05  1.196689E+05  1.699852E+02  3.012759E+05 -4.349248E+03 -7.059534E+03 _shell_0000000072   
        72   2  9.667494E+04  1.052736E+05 -4.129036E+03  3.082590E+05  6.653438E+03 -1.454732E+04 _shell_0000000072   
        72   3  1.209007E+05  1.256139E+05  6.129336E+03  2.962364E+05  1.219299E+04 -1.499064E+04 _shell_0000000072   
        72   4  1.166146E+05  1.112297E+05  1.828046E+03  3.032242E+05  1.194190E+03 -6.611284E+03 _shell_0000000072   
        72   5 -1.012780E+05 -1.198129E+05  1.829097E+03 -3.015666E+05 -4.291984E+03 -7.072859E+03 _shell_0000000072   
        72   6 -9.699143E+04 -1.054735E+05  6.113169E+03 -3.085545E+05  6.707034E+03 -1.456936E+04 _shell_0000000072   
        72   7 -1.211922E+05 -1.257692E+05 -4.112847E+03 -2.965303E+05  1.224212E+04 -1.500917E+04 _shell_0000000072   
        72   8 -1.168952E+05 -1.114188E+05  1.689569E+02 -3.035136E+05  1.239197E+03 -6.637985E+03 _shell_0000000072   
        73   1  8.243487E+04  9.360874E+04  9.978941E+02  3.224472E+05 -2.208617E+03 -3.816124E+03 _shell_0000000073   
        73   2  7.767618E+04  7.767614E+04 -3.763919E+03  3.280248E+05  6.583530E+03 -6.583529E+03 _shell_0000000073   
        73   3  9.835898E+04  9.835876E+04  5.762711E+03  3.168631E+05  1.260297E+04 -1.260297E+04 _shell_0000000073   
        73   4  9.360897E+04  8.243483E+04  9.979128E+02  3.224472E+05  3.816123E+03  2.208617E+03 _shell_0000000073   
        73   5 -8.264328E+04 -9.379509E+04  9.979044E+02 -3.226403E+05 -2.163970E+03 -3.848170E+03 _shell_0000000073   
        73   6 -7.789291E+04 -7.789302E+04  5.745149E+03 -3.282255E+05  6.623103E+03 -6.623103E+03 _shell_0000000073   
        73   7 -9.855384E+04 -9.855413E+04 -3.746337E+03 -3.170616E+05  1.264055E+04 -1.264055E+04 _shell_0000000073   
        73   8 -9.379480E+04 -8.264339E+04  9.979226E+02 -3.226403E+05  3.848170E+03  2.163970E+03 _shell_0000000073   
        74   1  5.829978E+04  6.364505E+04  2.077370E+03  3.495793E+05  3.337655E+02 -3.115235E+03 _shell_0000000074   
        74   2  5.271743E+04  4.497859E+04 -3.508532E+03  3.535919E+05  6.658934E+03 -3.607949E+04 _shell_0000000074   
        74   3  6.975543E+04  6.706198E+04  5.507161E+03  3.430258E+05  1.296427E+04 -1.342676E+04 _shell_0000000074   
        74   4  6.417921E+04  4.840127E+04 -8.206777E+01  3.470466E+05  6.644708E+03 -2.576207E+04 _shell_0000000074   
        74   5 -5.840749E+04 -6.382332E+04 -8.203283E+01 -3.496736E+05  3.634261E+02 -3.164207E+03 _shell_0000000074   
        74   6 -5.283101E+04 -4.513196E+04  5.490896E+03 -3.536907E+05  6.683261E+03 -3.613413E+04 _shell_0000000074   
        74   7 -6.985100E+04 -6.724640E+04 -3.492252E+03 -3.431276E+05  1.298873E+04 -1.348182E+04 _shell_0000000074   
        74   8 -6.426839E+04 -4.854928E+04  2.077350E+03 -3.471364E+05  6.663289E+03 -2.582243E+04 _shell_0000000074   
        75   1  2.331028E+04  2.952793E+04  2.329978E+03  3.102406E+05  5.106399E+03  1.304567E+04 _shell_0000000075   
        75   2  1.935990E+04  1.639636E+04 -1.622892E+03  3.117367E+05  7.491522E+03  1.385519E+05 _shell_0000000075   
        75   3  2.762477E+04  3.081456E+04  3.624024E+03  3.056010E+05  1.416345E+04  5.746750E+03 _shell_0000000075   
        75   4  2.367637E+04  1.768458E+04 -3.309508E+02  3.071040E+05  1.178798E+04  1.458554E+05 _shell_0000000075   
        75   5 -2.333918E+04 -2.957362E+04 -3.318493E+02 -3.102645E+05  5.118521E+03  1.299475E+04 _shell_0000000075   
        75   6 -1.939070E+04 -1.626118E+04  3.614139E+03 -3.117915E+05  7.494114E+03  1.384988E+05 _shell_0000000075   
        75   7 -2.764601E+04 -3.086219E+04 -1.613003E+03 -3.056315E+05  1.417337E+04  5.691194E+03 _shell_0000000075   
        75   8 -2.369554E+04 -1.754816E+04  2.330881E+03 -3.071516E+05  1.178810E+04  1.457978E+05 _shell_0000000075   
        76   1  2.551316E+04  1.747378E+04 -2.225943E+03 -2.915900E+05 -1.662122E+04  1.253931E+05 _shell_0000000076   
        76   2  3.092892E+04  3.542160E+04  3.192073E+03 -2.904293E+05 -1.476193E+04  1.394817E+04 _shell_0000000076   
        76   3  2.890000E+04  1.847964E+04 -1.188473E+03 -2.852379E+05 -1.550600E+04  1.354015E+05 _shell_0000000076   
        76   4  3.431020E+04  3.642239E+04  4.220976E+03 -2.840726E+05 -1.735693E+04  3.942764E+03 _shell_0000000076   
        76   5 -2.553535E+04 -1.643960E+04  4.190593E+03  2.918089E+05 -1.661890E+04  1.253253E+05 _shell_0000000076   
        76   6 -3.094560E+04 -3.473539E+04 -1.217403E+03  2.906136E+05 -1.476779E+04  1.388041E+04 _shell_0000000076   
        76   7 -2.886778E+04 -1.744079E+04  3.221008E+03  2.854522E+05 -1.550334E+04  1.353308E+05 _shell_0000000076   
        76   8 -3.428359E+04 -3.574166E+04 -2.195554E+03  2.842615E+05 -1.736281E+04  3.871960E+03 _shell_0000000076   
        77   1  7.164033E+04  5.601871E+04 -3.848304E+03 -3.308489E+05 -1.498196E+04 -3.415808E+04 _shell_0000000077   
        77   2  7.850433E+04  7.885832E+04  3.015281E+03 -3.275355E+05 -9.760696E+03 -4.700278E+02 _shell_0000000077   
        77   3  8.110180E+04  5.884628E+04 -1.010458E+03 -3.228001E+05 -1.046150E+04 -2.147602E+04 _shell_0000000077   
        77   4  8.795559E+04  8.167637E+04  5.846976E+03 -3.194807E+05 -1.567772E+04 -1.314798E+04 _shell_0000000077   
        77   5 -7.164063E+04 -5.556413E+04  5.833727E+03  3.312582E+05 -1.499299E+04 -3.422881E+04 _shell_0000000077   
        77   6 -7.849461E+04 -7.864992E+04 -1.020665E+03  3.279436E+05 -9.776476E+03 -5.364260E+02 _shell_0000000077   
        77   7 -8.108122E+04 -5.838263E+04  3.025503E+03  3.232033E+05 -1.046808E+04 -2.155070E+04 _shell_0000000077   
        77   8 -8.794540E+04 -8.147795E+04 -3.835039E+03  3.198947E+05 -1.568966E+04 -1.321866E+04 _shell_0000000077   
        78   1  1.053542E+05  9.685747E+04 -4.123103E+03 -3.081698E+05 -1.454753E+04 -6.653665E+03 _shell_0000000078   
        78   2  1.113108E+05  1.167237E+05  1.834519E+03 -3.031350E+05 -6.611501E+03 -1.194000E+03 _shell_0000000078   
        78   3  1.197301E+05  1.011546E+05  1.693653E+02 -3.011867E+05 -7.059338E+03  4.349020E+03 _shell_0000000078   
        78   4  1.256746E+05  1.210093E+05  6.125542E+03 -2.961471E+05 -1.499044E+04 -1.219280E+04 _shell_0000000078   
        78   5 -1.053929E+05 -9.680891E+04  6.119101E+03  3.086437E+05 -1.456916E+04 -6.706847E+03 _shell_0000000078   
        78   6 -1.113376E+05 -1.167861E+05  1.754292E+02  3.036027E+05 -6.637789E+03 -1.239421E+03 _shell_0000000078   
        78   7 -1.197517E+05 -1.010949E+05  1.828477E+03  3.016558E+05 -7.073077E+03  4.292170E+03 _shell_0000000078   
        78   8 -1.257086E+05 -1.210837E+05 -4.116640E+03  2.966195E+05 -1.500938E+04 -1.224234E+04 _shell_0000000078   
        79   1  1.320507E+05  1.320550E+05 -4.432378E+03 -2.903933E+05 -1.387274E+04 -1.387275E+04 _shell_0000000079   
        79   2  1.374865E+05  1.502382E+05  1.005868E+03 -2.840215E+05 -3.833680E+03 -4.186042E+03 _shell_0000000079   
        79   3  1.502545E+05  1.374908E+05  9.943380E+02 -2.840215E+05 -4.186042E+03 -3.833685E+03 _shell_0000000079   
        79   4  1.556772E+05  1.556609E+05  6.435005E+03 -2.776461E+05 -1.422126E+04 -1.422126E+04 _shell_0000000079   
        79   5 -1.322084E+05 -1.322040E+05  6.426476E+03  2.908491E+05 -1.390524E+04 -1.390525E+04 _shell_0000000079   
        79   6 -1.376314E+05 -1.503743E+05  1.005881E+03  2.844736E+05 -3.869771E+03 -4.208234E+03 _shell_0000000079   
        79   7 -1.503580E+05 -1.376271E+05  9.943497E+02  2.844736E+05 -4.208234E+03 -3.869776E+03 _shell_0000000079   
        79   8 -1.557942E+05 -1.558105E+05 -4.423824E+03  2.781016E+05 -1.424757E+04 -1.424757E+04 _shell_0000000079   
        80   1  1.528838E+05  1.633085E+05 -4.571241E+03 -2.663570E+05 -1.325156E+04 -1.418713E+04 _shell_0000000080   
        80   2  1.576849E+05  1.793909E+05  2.315167E+02 -2.589159E+05 -1.530167E+03 -6.469293E+03 _shell_0000000080   
        80   3  1.741587E+05  1.696553E+05  1.767347E+03 -2.607301E+05 -1.811450E+03 -5.322230E+03 _shell_0000000080   
        80   4  1.789459E+05  1.857233E+05  6.572947E+03 -2.532868E+05 -1.353009E+04 -1.533047E+04 _shell_0000000080   
        80   5 -1.531861E+05 -1.634756E+05  6.562822E+03  2.667991E+05 -1.329199E+04 -1.419479E+04 _shell_0000000080   
        80   6 -1.579737E+05 -1.794943E+05  1.776937E+03  2.593556E+05 -1.573098E+03 -6.465718E+03 _shell_0000000080   
        80   7 -1.743598E+05 -1.698082E+05  2.219502E+02  2.611698E+05 -1.840721E+03 -5.333348E+03 _shell_0000000080   
        80   8 -1.791612E+05 -1.858413E+05 -4.561093E+03  2.537285E+05 -1.356237E+04 -1.533091E+04 _shell_0000000080   
        81   1  1.693355E+05  1.904364E+05 -4.600902E+03 -2.392723E+05 -1.264732E+04 -1.546847E+04 _shell_0000000081   
        81   2  1.735014E+05  2.043965E+05 -4.360143E+02 -2.310080E+05  3.685769E+02 -8.600196E+03 _shell_0000000081   
        81   3  1.929655E+05  1.974840E+05  2.437076E+03 -2.343901E+05  1.618539E+02 -7.777642E+03 _shell_0000000081   
        81   4  1.971177E+05  2.114294E+05  6.605150E+03 -2.261251E+05 -1.285247E+04 -1.628743E+04 _shell_0000000081   
        81   5 -1.697414E+05 -1.905427E+05  6.598654E+03  2.397092E+05 -1.269280E+04 -1.544997E+04 _shell_0000000081   
        81   6 -1.738941E+05 -2.044316E+05  2.445002E+03  2.314442E+05  3.217615E+02 -8.570271E+03 _shell_0000000081   
        81   7 -1.932507E+05 -1.975757E+05 -4.439236E+02  2.348262E+05  1.276826E+02 -7.762479E+03 _shell_0000000081   
        81   8 -1.974170E+05 -2.114793E+05 -4.594390E+03  2.265618E+05 -1.288847E+04 -1.626138E+04 _shell_0000000081   
        82   1  1.823317E+05  2.136257E+05 -4.547640E+03 -2.095379E+05 -1.203774E+04 -1.627299E+04 _shell_0000000082   
        82   2  1.858700E+05  2.254844E+05 -1.011761E+03 -2.006551E+05  1.950426E+03 -1.045311E+04 _shell_0000000082   
        82   3  2.077298E+05  2.211993E+05  3.015227E+03 -2.053913E+05  1.804402E+03 -9.741821E+03 _shell_0000000082   
        82   4  2.112552E+05  2.330437E+05  6.553847E+03 -1.965092E+05 -1.218331E+04 -1.698083E+04 _shell_0000000082   
        82   5 -1.828122E+05 -2.136542E+05  6.550885E+03  2.099582E+05 -1.208485E+04 -1.622853E+04 _shell_0000000082   
        82   6 -1.863380E+05 -2.254447E+05  3.022729E+03  2.010762E+05  1.903087E+03 -1.039780E+04 _shell_0000000082   
        82   7 -2.080768E+05 -2.212136E+05 -1.019255E+03  2.058122E+05  1.767976E+03 -9.700565E+03 _shell_0000000082   
        82   8 -2.116155E+05 -2.330184E+05 -4.544669E+03  1.969295E+05 -1.222044E+04 -1.692924E+04 _shell_0000000082   
        83   1  1.925180E+05  2.330584E+05 -4.434811E+03 -1.778897E+05 -1.141509E+04 -1.688837E+04 _shell_0000000083   
        83   2  1.954435E+05  2.428632E+05 -1.512443E+03 -1.685460E+05  3.297285E+03 -1.206096E+04 _shell_0000000083   
        83   3  2.192331E+05  2.410235E+05  3.518350E+03 -1.744611E+05  3.196735E+03 -1.148894E+04 _shell_0000000083   
        83   4  2.221471E+05  2.508152E+05  6.443016E+03 -1.651194E+05 -1.151623E+04 -1.745709E+04 _shell_0000000083   
        83   5 -1.930506E+05 -2.330090E+05  6.443573E+03  1.782744E+05 -1.146057E+04 -1.681961E+04 _shell_0000000083   
        83   6 -1.959649E+05 -2.427546E+05  3.526221E+03  1.689329E+05  3.252605E+03 -1.198244E+04 _shell_0000000083   
        83   7 -2.196231E+05 -2.409610E+05 -1.520317E+03  1.748477E+05  3.160861E+03 -1.142327E+04 _shell_0000000083   
        83   8 -2.225488E+05 -2.507197E+05 -4.435370E+03  1.655042E+05 -1.155176E+04 -1.738210E+04 _shell_0000000083   
        84   1  2.003613E+05  2.489081E+05 -4.276257E+03 -1.448162E+05 -1.077944E+04 -1.727987E+04 _shell_0000000084   
        84   2  2.026866E+05  2.567011E+05 -1.954075E+03 -1.351351E+05  4.462757E+03 -1.343673E+04 _shell_0000000084   
        84   3  2.280406E+05  2.571591E+05  3.962124E+03 -1.420905E+05  4.396433E+03 -1.298837E+04 _shell_0000000084   
        84   4  2.303562E+05  2.649409E+05  6.286127E+03 -1.324126E+05 -1.084724E+04 -1.772508E+04 _shell_0000000084   
        84   5 -2.009303E+05 -2.487900E+05  6.289681E+03  1.451443E+05 -1.082025E+04 -1.718958E+04 _shell_0000000084   
        84   6 -2.032462E+05 -2.565348E+05  3.970694E+03  1.354667E+05  4.423637E+03 -1.333818E+04 _shell_0000000084   
        84   7 -2.284592E+05 -2.570298E+05 -1.962659E+03  1.424216E+05  4.363771E+03 -1.290107E+04 _shell_0000000084   
        84   8 -2.307847E+05 -2.647857E+05 -4.279824E+03  1.327409E+05 -1.087867E+04 -1.762989E+04 _shell_0000000084   
        85   1  2.062055E+05  2.613124E+05 -4.081432E+03 -1.107143E+05 -1.012773E+04 -1.746851E+04 _shell_0000000085   
        85   2  2.079408E+05  2.671281E+05 -2.348786E+03 -1.007944E+05  5.489430E+03 -1.459602E+04 _shell_0000000085   
        85   3  2.345674E+05  2.697652E+05  4.358610E+03 -1.086794E+05  5.448002E+03 -1.426566E+04 _shell_0000000085   
        85   4  2.362952E+05  2.755721E+05  6.092638E+03 -9.876363E+04 -1.017136E+04 -1.779582E+04 _shell_0000000085   
        85   5 -2.067988E+05 -2.611380E+05  6.098658E+03  1.109665E+05 -1.016125E+04 -1.736034E+04 _shell_0000000085   
        85   6 -2.085269E+05 -2.669173E+05  4.367861E+03  1.010511E+05  5.458312E+03 -1.448138E+04 _shell_0000000085   
        85   7 -2.350043E+05 -2.695819E+05 -2.358061E+03  1.089356E+05  5.420888E+03 -1.416042E+04 _shell_0000000085   
        85   8 -2.367399E+05 -2.753700E+05 -4.087476E+03  9.901608E+04 -1.019651E+04 -1.768440E+04 _shell_0000000085   
        86   1  2.102971E+05  2.703751E+05 -3.856709E+03 -7.589826E+04 -9.456165E+03 -1.746127E+04 _shell_0000000086   
        86   2  2.114500E+05  2.742387E+05 -2.705882E+03 -6.581989E+04  6.409750E+03 -1.555092E+04 _shell_0000000086   
        86   3  2.391116E+05  2.789613E+05  4.717056E+03 -7.454539E+04  6.386408E+03 -1.533306E+04 _shell_0000000086   
        86   4  2.402594E+05  2.828188E+05  5.868854E+03 -6.447181E+04 -9.482229E+03 -1.767616E+04 _shell_0000000086   
        86   5 -2.109048E+05 -2.701582E+05  5.876780E+03  7.605902E+04 -9.480314E+03 -1.733953E+04 _shell_0000000086   
        86   6 -2.120527E+05 -2.739975E+05  4.726753E+03  6.598582E+04  6.388522E+03 -1.542474E+04 _shell_0000000086   
        86   7 -2.395596E+05 -2.787382E+05 -2.715613E+03  7.471089E+04  6.366719E+03 -1.521422E+04 _shell_0000000086   
        86   8 -2.407126E+05 -2.825836E+05 -3.864667E+03  6.463290E+04 -9.499425E+03 -1.755307E+04 _shell_0000000086   
        87   1  2.128032E+05  2.761688E+05 -3.605973E+03 -4.062670E+04 -8.758738E+03 -1.726435E+04 _shell_0000000087   
        87   2  2.133785E+05  2.780965E+05 -3.031994E+03 -3.045795E+04  7.249006E+03 -1.631054E+04 _shell_0000000087   
        87   3  2.418751E+05  2.848303E+05  5.044067E+03 -3.995027E+04  7.239248E+03 -1.620174E+04 _shell_0000000087   
        87   4  2.424478E+05  2.867549E+05  5.618635E+03 -2.978671E+04 -8.771537E+03 -1.737023E+04 _shell_0000000087   
        87   5 -2.134167E+05 -2.759236E+05  5.627910E+03  4.068536E+04 -8.772059E+03 -1.713383E+04 _shell_0000000087   
        87   6 -2.139894E+05 -2.778393E+05  5.053851E+03  3.052221E+04  7.238924E+03 -1.617773E+04 _shell_0000000087   
        87   7 -2.423284E+05 -2.845819E+05 -3.041817E+03  4.001410E+04  7.228318E+03 -1.607411E+04 _shell_0000000087   
        87   8 -2.429037E+05 -2.865007E+05 -3.615286E+03  2.984575E+04 -8.779653E+03 -1.724042E+04 _shell_0000000087   
        88   1  2.138212E+05  2.787371E+05 -3.331002E+03 -5.122000E+03 -8.026885E+03 -1.688072E+04 _shell_0000000088   
        88   2  2.138212E+05  2.787369E+05 -3.331427E+03  5.076107E+03  8.026918E+03 -1.688074E+04 _shell_0000000088   
        88   3  2.429748E+05  2.874220E+05  5.343936E+03 -5.119332E+03  8.028468E+03 -1.687927E+04 _shell_0000000088   
        88   4  2.429749E+05  2.874219E+05  5.343734E+03  5.073441E+03 -8.028484E+03 -1.687929E+04 _shell_0000000088   
        88   5 -2.144322E+05 -2.784780E+05  5.353805E+03  5.073275E+03 -8.028582E+03 -1.674648E+04 _shell_0000000088   
        88   6 -2.144322E+05 -2.784782E+05  5.353379E+03 -5.119080E+03  8.028566E+03 -1.674646E+04 _shell_0000000088   
        88   7 -2.434291E+05 -2.871628E+05 -3.340910E+03  5.075942E+03  8.027031E+03 -1.674796E+04 _shell_0000000088   
        88   8 -2.434291E+05 -2.871630E+05 -3.341113E+03 -5.121749E+03 -8.026998E+03 -1.674793E+04 _shell_0000000088   
        89   1  2.133835E+05  2.780972E+05 -3.031590E+03  3.041220E+04 -7.248972E+03 -1.631051E+04 _shell_0000000089   
        89   2  2.128082E+05  2.761691E+05 -3.606381E+03  4.058095E+04  8.758773E+03 -1.726438E+04 _shell_0000000089   
        89   3  2.424500E+05  2.867555E+05  5.618865E+03  2.974096E+04  8.771521E+03 -1.737020E+04 _shell_0000000089   
        89   4  2.418774E+05  2.848307E+05  5.043939E+03  3.990452E+04 -7.239266E+03 -1.620177E+04 _shell_0000000089   
        89   5 -2.139844E+05 -2.778386E+05  5.054257E+03 -3.056787E+04 -7.238941E+03 -1.617776E+04 _shell_0000000089   
        89   6 -2.134117E+05 -2.759233E+05  5.627502E+03 -4.073102E+04  8.772043E+03 -1.713380E+04 _shell_0000000089   
        89   7 -2.429015E+05 -2.865001E+05 -3.615056E+03 -2.989142E+04  8.779687E+03 -1.724044E+04 _shell_0000000089   
        89   8 -2.423261E+05 -2.845815E+05 -3.041945E+03 -4.005976E+04 -7.228285E+03 -1.607409E+04 _shell_0000000089   
        90   1  2.114594E+05  2.742398E+05 -2.705547E+03  6.577462E+04 -6.409716E+03 -1.555090E+04 _shell_0000000090   
        90   2  2.103064E+05  2.703759E+05 -3.857061E+03  7.585300E+04  9.456202E+03 -1.746130E+04 _shell_0000000090   
        90   3  2.402634E+05  2.828198E+05  5.869074E+03  6.442654E+04  9.482212E+03 -1.767614E+04 _shell_0000000090   
        90   4  2.391157E+05  2.789622E+05  4.717067E+03  7.450013E+04 -6.386427E+03 -1.533309E+04 _shell_0000000090   
        90   5 -2.120433E+05 -2.739964E+05  4.727090E+03 -6.603101E+04 -6.388541E+03 -1.542477E+04 _shell_0000000090   
        90   6 -2.108955E+05 -2.701574E+05  5.876428E+03 -7.610421E+04  9.480297E+03 -1.733950E+04 _shell_0000000090   
        90   7 -2.407087E+05 -2.825825E+05 -3.864448E+03 -6.467809E+04  9.499462E+03 -1.755310E+04 _shell_0000000090   
        90   8 -2.395556E+05 -2.787373E+05 -2.715602E+03 -7.475609E+04 -6.366685E+03 -1.521419E+04 _shell_0000000090   
        91   1  2.079537E+05  2.671295E+05 -2.348585E+03  1.007502E+05 -5.489393E+03 -1.459600E+04 _shell_0000000091   
        91   2  2.062182E+05  2.613137E+05 -4.081691E+03  1.106701E+05  1.012777E+04 -1.746854E+04 _shell_0000000091   
        91   3  2.362998E+05  2.755734E+05  6.092815E+03  9.871936E+04  1.017134E+04 -1.779580E+04 _shell_0000000091   
        91   4  2.345720E+05  2.697666E+05  4.358852E+03  1.086351E+05 -5.448025E+03 -1.426569E+04 _shell_0000000091   
        91   5 -2.085141E+05 -2.669159E+05  4.368064E+03 -1.010953E+05 -5.458334E+03 -1.448142E+04 _shell_0000000091   
        91   6 -2.067861E+05 -2.611368E+05  6.098400E+03 -1.110107E+05  1.016123E+04 -1.736031E+04 _shell_0000000091   
        91   7 -2.367354E+05 -2.753687E+05 -4.087301E+03 -9.906028E+04  1.019655E+04 -1.768444E+04 _shell_0000000091   
        91   8 -2.349997E+05 -2.695806E+05 -2.357822E+03 -1.089798E+05 -5.420853E+03 -1.416039E+04 _shell_0000000091   
        92   1  2.027010E+05  2.567026E+05 -1.954105E+03  1.350927E+05 -4.462718E+03 -1.343671E+04 _shell_0000000092   
        92   2  2.003756E+05  2.489097E+05 -4.276374E+03  1.447738E+05  1.077949E+04 -1.727991E+04 _shell_0000000092   
        92   3  2.303595E+05  2.649423E+05  6.286235E+03  1.323702E+05  1.084722E+04 -1.772505E+04 _shell_0000000092   
        92   4  2.280440E+05  2.571607E+05  3.962732E+03  1.420481E+05 -4.396459E+03 -1.298840E+04 _shell_0000000092   
        92   5 -2.032319E+05 -2.565334E+05  3.970666E+03 -1.355090E+05 -4.423663E+03 -1.333821E+04 _shell_0000000092   
        92   6 -2.009161E+05 -2.487885E+05  6.289566E+03 -1.451866E+05  1.082023E+04 -1.718956E+04 _shell_0000000092   
        92   7 -2.307814E+05 -2.647844E+05 -4.279718E+03 -1.327832E+05  1.087871E+04 -1.762993E+04 _shell_0000000092   
        92   8 -2.284558E+05 -2.570282E+05 -1.962054E+03 -1.424640E+05 -4.363733E+03 -1.290105E+04 _shell_0000000092   
        93   1  1.954564E+05  2.428642E+05 -1.512862E+03  1.685071E+05 -3.297241E+03 -1.206092E+04 _shell_0000000093   
        93   2  1.925309E+05  2.330596E+05 -4.434757E+03  1.778508E+05  1.141514E+04 -1.688841E+04 _shell_0000000093   
        93   3  2.221464E+05  2.508161E+05  6.443040E+03  1.650805E+05  1.151620E+04 -1.745705E+04 _shell_0000000093   
        93   4  2.192326E+05  2.410247E+05  3.519518E+03  1.744222E+05 -3.196767E+03 -1.148899E+04 _shell_0000000093   
        93   5 -1.959520E+05 -2.427537E+05  3.525804E+03 -1.689719E+05 -3.252636E+03 -1.198248E+04 _shell_0000000093   
        93   6 -1.930378E+05 -2.330079E+05  6.443629E+03 -1.783134E+05  1.146054E+04 -1.681958E+04 _shell_0000000093   
        93   7 -2.225496E+05 -2.507188E+05 -4.435349E+03 -1.655431E+05  1.155180E+04 -1.738215E+04 _shell_0000000093   
        93   8 -2.196237E+05 -2.409598E+05 -1.519151E+03 -1.748867E+05 -3.160819E+03 -1.142324E+04 _shell_0000000093   
        94   1  1.858770E+05  2.254837E+05 -1.012811E+03  2.006224E+05 -1.950381E+03 -1.045307E+04 _shell_0000000094   
        94   2  1.823386E+05  2.136251E+05 -4.547328E+03  2.095052E+05  1.203779E+04 -1.627303E+04 _shell_0000000094   
        94   3  2.112466E+05  2.330430E+05  6.553809E+03  1.964765E+05  1.218328E+04 -1.698080E+04 _shell_0000000094   
        94   4  2.077213E+05  2.211988E+05  3.017269E+03  2.053586E+05 -1.804438E+03 -9.741865E+03 _shell_0000000094   
        94   5 -1.863311E+05 -2.254454E+05  3.021680E+03 -2.011089E+05 -1.903122E+03 -1.039785E+04 _shell_0000000094   
        94   6 -1.828054E+05 -2.136548E+05  6.551199E+03 -2.099909E+05  1.208482E+04 -1.622849E+04 _shell_0000000094   
        94   7 -2.116241E+05 -2.330192E+05 -4.544710E+03 -1.969622E+05  1.222048E+04 -1.692928E+04 _shell_0000000094   
        94   8 -2.080854E+05 -2.212142E+05 -1.017215E+03 -2.058449E+05 -1.767932E+03 -9.700529E+03 _shell_0000000094   
        95   1  1.734952E+05  2.043916E+05 -4.381558E+02  2.309869E+05 -3.685293E+02 -8.600155E+03 _shell_0000000095   
        95   2  1.693291E+05  1.904297E+05 -4.600629E+03  2.392512E+05  1.264737E+04 -1.546851E+04 _shell_0000000095   
        95   3  1.970962E+05  2.114243E+05  6.605163E+03  2.261040E+05  1.285243E+04 -1.628739E+04 _shell_0000000095   
        95   4  1.929440E+05  1.974773E+05  2.440299E+03  2.343690E+05 -1.618966E+02 -7.777687E+03 _shell_0000000095   
        95   5 -1.739003E+05 -2.044366E+05  2.442861E+03 -2.314654E+05 -3.218023E+02 -8.570317E+03 _shell_0000000095   
        95   6 -1.697478E+05 -1.905495E+05  6.598930E+03 -2.397304E+05  1.269276E+04 -1.544993E+04 _shell_0000000095   
        95   7 -1.974386E+05 -2.114844E+05 -4.594379E+03 -2.265830E+05  1.288852E+04 -1.626143E+04 _shell_0000000095   
        95   8 -1.932722E+05 -1.975824E+05 -4.407021E+02 -2.348474E+05 -1.276369E+02 -7.762436E+03 _shell_0000000095   
        96   1  1.576562E+05  1.793752E+05  2.277690E+02  2.589156E+05  1.530177E+03 -6.469282E+03 _shell_0000000096   
        96   2  1.528551E+05  1.632866E+05 -4.570681E+03  2.663567E+05  1.325157E+04 -1.418714E+04 _shell_0000000096   
        96   3  1.789063E+05  1.857076E+05  6.573377E+03  2.532865E+05  1.353009E+04 -1.533046E+04 _shell_0000000096   
        96   4  1.741191E+05  1.696334E+05  1.772260E+03  2.607297E+05  1.811438E+03 -5.322237E+03 _shell_0000000096   
        96   5 -1.580024E+05 -1.795100E+05  1.773189E+03 -2.593560E+05  1.573089E+03 -6.465726E+03 _shell_0000000096   
        96   6 -1.532148E+05 -1.634975E+05  6.563384E+03 -2.667994E+05  1.329198E+04 -1.419478E+04 _shell_0000000096   
        96   7 -1.792009E+05 -1.858571E+05 -4.560665E+03 -2.537289E+05  1.356238E+04 -1.533092E+04 _shell_0000000096   
        96   8 -1.743994E+05 -1.698302E+05  2.268622E+02 -2.611702E+05  1.840729E+03 -5.333336E+03 _shell_0000000096   
        97   1  1.374219E+05  1.501960E+05  9.991321E+02  2.840601E+05  3.833660E+03 -4.186049E+03 _shell_0000000097   
        97   2  1.319861E+05  1.319855E+05 -4.435783E+03  2.904319E+05  1.387273E+04 -1.387273E+04 _shell_0000000097   
        97   3  1.556200E+05  1.556188E+05  6.436794E+03  2.776847E+05  1.422127E+04 -1.422127E+04 _shell_0000000097   
        97   4  1.501972E+05  1.374212E+05  9.992063E+02  2.840601E+05  4.186049E+03 -3.833660E+03 _shell_0000000097   
        97   5 -1.376960E+05 -1.504166E+05  9.991447E+02 -2.844350E+05  3.869779E+03 -4.208213E+03 _shell_0000000097   
        97   6 -1.322729E+05 -1.322736E+05  6.423074E+03 -2.908105E+05  1.390525E+04 -1.390525E+04 _shell_0000000097   
        97   7 -1.558514E+05 -1.558527E+05 -4.422037E+03 -2.780631E+05  1.424755E+04 -1.424755E+04 _shell_0000000097   
        97   8 -1.504153E+05 -1.376967E+05  9.992183E+02 -2.844350E+05  4.208213E+03 -3.869779E+03 _shell_0000000097   
        98   1  1.112300E+05  1.166142E+05  1.828004E+03  3.032245E+05  6.611284E+03 -1.194189E+03 _shell_0000000098   
        98   2  1.052740E+05  9.667490E+04 -4.129014E+03  3.082593E+05  1.454732E+04 -6.653437E+03 _shell_0000000098   
        98   3  1.256146E+05  1.209003E+05  6.129303E+03  2.962366E+05  1.499064E+04 -1.219299E+04 _shell_0000000098   
        98   4  1.196696E+05  1.009715E+05  1.700190E+02  3.012762E+05  7.059533E+03  4.349248E+03 _shell_0000000098   
        98   5 -1.114183E+05 -1.168957E+05  1.689151E+02 -3.035133E+05  6.637985E+03 -1.239197E+03 _shell_0000000098   
        98   6 -1.054731E+05 -9.699153E+04  6.113191E+03 -3.085543E+05  1.456936E+04 -6.707032E+03 _shell_0000000098   
        98   7 -1.257685E+05 -1.211927E+05 -4.112880E+03 -2.965301E+05  1.500917E+04 -1.224211E+04 _shell_0000000098   
        98   8 -1.198122E+05 -1.012781E+05  1.829130E+03 -3.015663E+05  7.072859E+03  4.291985E+03 _shell_0000000098   
        99   1  7.845069E+04  7.861492E+04  3.016217E+03  3.276456E+05  9.760283E+03 -4.704041E+02 _shell_0000000099   
        99   2  7.158776E+04  5.566715E+04 -3.849061E+03  3.309590E+05  1.498155E+04 -3.415766E+04 _shell_0000000099   
        99   3  8.791452E+04  8.143404E+04  5.849773E+03  3.195908E+05  1.567811E+04 -1.314836E+04 _shell_0000000099   
        99   4  8.105965E+04  5.849365E+04 -1.016535E+03  3.229102E+05  1.046189E+04 -2.147560E+04 _shell_0000000099   
        99   5 -7.854814E+04 -7.889337E+04 -1.019726E+03 -3.278335E+05  9.776863E+03 -5.360030E+02 _shell_0000000099   
        99   6 -7.169309E+04 -5.591575E+04  5.832971E+03 -3.311481E+05  1.499339E+04 -3.422919E+04 _shell_0000000099   
        99   7 -8.798638E+04 -8.172033E+04 -3.832243E+03 -3.197846E+05  1.568925E+04 -1.321823E+04 _shell_0000000099   
        99   8 -8.112327E+04 -5.873533E+04  3.019424E+03 -3.230932E+05  1.046767E+04 -2.155107E+04 _shell_0000000099   
       100   1  3.092067E+04  3.500734E+04  3.202688E+03  2.904848E+05  1.476156E+04  1.394783E+04 _shell_0000000100   
       100   2  2.550588E+04  1.697342E+04 -2.215226E+03  2.916455E+05  1.662085E+04  1.253935E+05 _shell_0000000100   
       100   3  3.429187E+04  3.600909E+04  4.217719E+03  2.841281E+05  1.735729E+04  3.942423E+03 _shell_0000000100   
       100   4  2.888070E+04  1.797832E+04 -1.198079E+03  2.852935E+05  1.550634E+04  1.354019E+05 _shell_0000000100   
       100   5 -3.095376E+04 -3.514970E+04 -1.206786E+03 -2.905581E+05  1.476814E+04  1.388078E+04 _shell_0000000100   
       100   6 -2.554254E+04 -1.694001E+04  4.201310E+03 -2.917535E+05  1.661925E+04  1.253250E+05 _shell_0000000100   
       100   7 -3.430184E+04 -3.615500E+04 -2.198813E+03 -2.842060E+05  1.736244E+04  3.872337E+03 _shell_0000000100   
       100   8 -2.888699E+04 -1.794217E+04  3.211401E+03 -2.853967E+05  1.550297E+04  1.353304E+05 _shell_0000000100   
       101   1  3.109371E+04  2.064941E+04 -2.349510E+03 -2.652059E+05 -1.800598E+04  1.135889E+05 _shell_0000000101   
       101   2  3.693289E+04  4.007300E+04  3.491737E+03 -2.642459E+05 -1.646209E+04  1.375228E+04 _shell_0000000101   
       101   3  3.391349E+04  2.148495E+04 -1.483506E+03 -2.583557E+05 -1.791221E+04  1.243795E+05 _shell_0000000101   
       101   4  3.974721E+04  4.090368E+04  4.350057E+03 -2.573932E+05 -1.944919E+04  2.963392E+03 _shell_0000000101   
       101   5 -3.112563E+04 -2.000276E+04  4.320260E+03  2.654208E+05 -1.799952E+04  1.135112E+05 _shell_0000000101   
       101   6 -3.695938E+04 -3.965807E+04 -1.511409E+03  2.644243E+05 -1.646236E+04  1.367491E+04 _shell_0000000101   
       101   7 -3.388540E+04 -2.083385E+04  3.519644E+03  2.585680E+05 -1.790509E+04  1.243002E+05 _shell_0000000101   
       101   8 -3.972460E+04 -4.049401E+04 -2.319709E+03  2.575741E+05 -1.944916E+04  2.884282E+03 _shell_0000000101   
       102   1  8.715308E+04  6.415660E+04 -4.082105E+03 -3.017739E+05 -1.604033E+04 -3.222431E+04 _shell_0000000102   
       102   2  9.490170E+04  9.000351E+04  3.663936E+03 -2.989463E+05 -1.158713E+04  1.392364E+03 _shell_0000000102   
       102   3  9.523358E+04  6.656872E+04 -1.657723E+03 -2.926853E+05 -1.291510E+04 -1.790778E+04 _shell_0000000102   
       102   4  1.029720E+05  9.240644E+04  6.084195E+03 -2.898544E+05 -1.736397E+04 -1.292179E+04 _shell_0000000102   
       102   5 -8.717115E+04 -6.389697E+04  6.069246E+03  3.021873E+05 -1.603775E+04 -3.230637E+04 _shell_0000000102   
       102   6 -9.490970E+04 -8.989837E+04 -1.671872E+03  2.993619E+05 -1.158857E+04  1.315388E+03 _shell_0000000102   
       102   7 -9.521220E+04 -6.630038E+04  3.678099E+03  2.930953E+05 -1.290728E+04 -1.799207E+04 _shell_0000000102   
       102   8 -1.029609E+05 -9.231097E+04 -4.067142E+03  2.902732E+05 -1.736080E+04 -1.300130E+04 _shell_0000000102   
       103   1  1.295459E+05  1.115346E+05 -4.286443E+03 -2.818242E+05 -1.508707E+04 -6.864419E+03 _shell_0000000103   
       103   2  1.364178E+05  1.344822E+05  2.582017E+03 -2.774786E+05 -8.238115E+03  8.736925E+02 _shell_0000000103   
       103   3  1.419635E+05  1.152440E+05 -5.775902E+02 -2.737663E+05 -9.527467E+03  5.828696E+03 _shell_0000000103   
       103   4  1.488222E+05  1.381796E+05  6.289771E+03 -2.694179E+05 -1.637199E+04 -1.181694E+04 _shell_0000000103   
       103   5 -1.295773E+05 -1.115349E+05  6.282641E+03  2.823483E+05 -1.508840E+04 -6.927295E+03 _shell_0000000103   
       103   6 -1.364363E+05 -1.345557E+05 -5.797384E+02  2.779984E+05 -8.243606E+03  8.191902E+02 _shell_0000000103   
       103   7 -1.419582E+05 -1.152327E+05  2.584185E+03  2.742875E+05 -9.520242E+03  5.763541E+03 _shell_0000000103   
       103   8 -1.488302E+05 -1.382656E+05 -4.279294E+03  2.699403E+05 -1.636948E+04 -1.187415E+04 _shell_0000000103   
       104   1  1.633506E+05  1.529684E+05 -4.567412E+03 -2.663067E+05 -1.418721E+04 -1.325165E+04 _shell_0000000104   
       104   2  1.696976E+05  1.741957E+05  1.776127E+03 -2.606798E+05 -5.322311E+03 -1.811384E+03 _shell_0000000104   
       104   3  1.794290E+05  1.577696E+05  2.260329E+02 -2.588656E+05 -6.469226E+03 -1.530257E+03 _shell_0000000104   
       104   4  1.857612E+05  1.789827E+05  6.571063E+03 -2.532365E+05 -1.533040E+04 -1.353003E+04 _shell_0000000104   
       104   5 -1.634334E+05 -1.531015E+05  6.566651E+03  2.668494E+05 -1.419472E+04 -1.329193E+04 _shell_0000000104   
       104   6 -1.697659E+05 -1.743228E+05  2.307288E+02  2.612201E+05 -5.333279E+03 -1.840806E+03 _shell_0000000104   
       104   7 -1.794561E+05 -1.578889E+05  1.771453E+03  2.594059E+05 -6.465801E+03 -1.573038E+03 _shell_0000000104   
       104   8 -1.858034E+05 -1.791245E+05 -4.562977E+03  2.537788E+05 -1.533099E+04 -1.356246E+04 _shell_0000000104   
       105   1  1.900919E+05  1.900952E+05 -4.665103E+03 -2.448874E+05 -1.338369E+04 -1.338369E+04 _shell_0000000105   
       105   2  1.957649E+05  2.090896E+05  1.003760E+03 -2.382374E+05 -2.908698E+03 -3.918342E+03 _shell_0000000105   
       105   3  2.091007E+05  1.957683E+05  9.970363E+02 -2.382374E+05 -3.918343E+03 -2.908700E+03 _shell_0000000105   
       105   4  2.147583E+05  2.147472E+05  6.668963E+03 -2.315861E+05 -1.439035E+04 -1.439035E+04 _shell_0000000105   
       105   5 -1.902455E+05 -1.902421E+05  6.665828E+03  2.454151E+05 -1.339684E+04 -1.339684E+04 _shell_0000000105   
       105   6 -1.959033E+05 -2.091817E+05  1.003771E+03  2.387636E+05 -2.924576E+03 -3.919293E+03 _shell_0000000105   
       105   7 -2.091706E+05 -1.959000E+05  9.970474E+02  2.387636E+05 -3.919294E+03 -2.924578E+03 _shell_0000000105   
       105   8 -2.148439E+05 -2.148550E+05 -4.661946E+03  2.321134E+05 -1.439456E+04 -1.439456E+04 _shell_0000000105   
       106   1  2.113019E+05  2.226168E+05 -4.661703E+03 -2.205061E+05 -1.261721E+04 -1.439048E+04 _shell_0000000106   
       106   2  2.162818E+05  2.393008E+05  3.131147E+02 -2.130479E+05 -8.706073E+02 -5.925328E+03 _shell_0000000106   
       106   3  2.326270E+05  2.289782E+05  1.687501E+03 -2.146693E+05 -1.743845E+03 -5.196565E+03 _shell_0000000106   
       106   4  2.375916E+05  2.456463E+05  6.665825E+03 -2.072105E+05 -1.348831E+04 -1.511604E+04 _shell_0000000106   
       106   5 -2.115218E+05 -2.227041E+05  6.664274E+03  2.210068E+05 -1.263487E+04 -1.437471E+04 _shell_0000000106   
       106   6 -2.164867E+05 -2.393138E+05  1.694225E+03  2.135480E+05 -8.901615E+02 -5.897035E+03 _shell_0000000106   
       106   7 -2.327377E+05 -2.290498E+05  3.064077E+02  2.151692E+05 -1.749045E+03 -5.183752E+03 _shell_0000000106   
       106   8 -2.377180E+05 -2.456754E+05 -4.660135E+03  2.077110E+05 -1.349593E+04 -1.509124E+04 _shell_0000000106   
       107   1  2.280733E+05  2.506643E+05 -4.568077E+03 -1.934888E+05 -1.187845E+04 -1.496222E+04 _shell_0000000107   
       107   2  2.323401E+05  2.649627E+05 -3.074188E+02 -1.854088E+05  8.463232E+02 -7.724771E+03 _shell_0000000107   
       107   3  2.511783E+05  2.575549E+05  2.309105E+03 -1.884882E+05  1.097077E+02 -7.085725E+03 _shell_0000000107   
       107   4  2.554307E+05  2.718378E+05  6.573323E+03 -1.804085E+05 -1.261376E+04 -1.559785E+04 _shell_0000000107   
       107   5 -2.283388E+05 -2.506603E+05  6.574544E+03  1.939528E+05 -1.189886E+04 -1.491757E+04 _shell_0000000107   
       107   6 -2.325915E+05 -2.648837E+05  2.315716E+03  1.858731E+05  8.248364E+02 -7.668055E+03 _shell_0000000107   
       107   7 -2.513191E+05 -2.575355E+05 -3.140200E+02  1.889523E+05  1.012558E+02 -7.044262E+03 _shell_0000000107   
       107   8 -2.555862E+05 -2.717743E+05 -4.569289E+03  1.808723E+05 -1.262378E+04 -1.554482E+04 _shell_0000000107   
       108   1  2.412212E+05  2.743261E+05 -4.407754E+03 -1.645248E+05 -1.115186E+04 -1.536374E+04 _shell_0000000108   
       108   2  2.447717E+05  2.862250E+05 -8.637136E+02 -1.559763E+05  2.309543E+03 -9.327835E+03 _shell_0000000108   
       108   3  2.656661E+05  2.816147E+05  2.866768E+03 -1.603639E+05  1.705579E+03 -8.810140E+03 _shell_0000000108   
       108   4  2.692036E+05  2.934995E+05  6.414031E+03 -1.518165E+05 -1.175530E+04 -1.587784E+04 _shell_0000000108   
       108   5 -2.415148E+05 -2.742264E+05  6.417894E+03  1.649375E+05 -1.117305E+04 -1.529188E+04 _shell_0000000108   
       108   6 -2.450526E+05 -2.860575E+05  2.873732E+03  1.563903E+05  2.288062E+03 -9.245018E+03 _shell_0000000108   
       108   7 -2.658247E+05 -2.815009E+05 -8.706782E+02  1.607775E+05  1.695232E+03 -8.741672E+03 _shell_0000000108   
       108   8 -2.693754E+05 -2.933461E+05 -4.411617E+03  1.522291E+05 -1.176643E+04 -1.579886E+04 _shell_0000000108   
       109   1  2.513428E+05  2.937202E+05 -4.195851E+03 -1.340982E+05 -1.042931E+04 -1.556018E+04 _shell_0000000109   
       109   2  2.541780E+05  3.032225E+05 -1.366575E+03 -1.252045E+05  3.574675E+03 -1.073509E+04 _shell_0000000109   
       109   3  2.767740E+05  3.013015E+05  3.371073E+03 -1.307753E+05  3.098474E+03 -1.032679E+04 _shell_0000000109   
       109   4  2.795984E+05  3.107917E+05  6.203086E+03 -1.218834E+05 -1.090568E+04 -1.596473E+04 _shell_0000000109   
       109   5 -2.516511E+05 -2.935326E+05  6.209283E+03  1.344433E+05 -1.044929E+04 -1.546409E+04 _shell_0000000109   
       109   6 -2.544757E+05 -3.029784E+05  3.378736E+03  1.255517E+05  3.555085E+03 -1.062966E+04 _shell_0000000109   
       109   7 -2.769409E+05 -3.011018E+05 -1.374248E+03  1.311220E+05  3.087740E+03 -1.023429E+04 _shell_0000000109   
       109   8 -2.797764E+05 -3.105597E+05 -4.202059E+03  1.222286E+05 -1.091650E+04 -1.586325E+04 _shell_0000000109   
       110   1  2.588793E+05  3.089520E+05 -3.943433E+03 -1.026099E+05 -9.703754E+03 -1.557048E+04 _shell_0000000110   
       110   2  2.610023E+05  3.160670E+05 -1.825459E+03 -9.347072E+04  4.685984E+03 -1.195387E+04 _shell_0000000110   
       110   3  2.850114E+05  3.167409E+05  3.831270E+03 -1.001215E+05  4.333224E+03 -1.165165E+04 _shell_0000000110   
       110   4  2.871259E+05  3.238463E+05  5.951394E+03 -9.098471E+04 -1.005725E+04 -1.586885E+04 _shell_0000000110   
       110   5 -2.591938E+05 -3.086909E+05  5.959395E+03  1.028718E+05 -9.720737E+03 -1.545420E+04 _shell_0000000110   
       110   6 -2.613085E+05 -3.157626E+05  3.839779E+03  9.373535E+04  4.669951E+03 -1.183025E+04 _shell_0000000110   
       110   7 -2.851810E+05 -3.164701E+05 -1.833989E+03  1.003856E+05  4.323537E+03 -1.153911E+04 _shell_0000000110   
       110   8 -2.873041E+05 -3.235514E+05 -3.951455E+03  9.124680E+04 -1.006645E+04 -1.574926E+04 _shell_0000000110   
       111   1  2.641495E+05  3.201072E+05 -3.657979E+03 -7.038164E+04 -8.967212E+03 -1.540051E+04 _shell_0000000111   
       111   2  2.655630E+05  3.248445E+05 -2.248044E+03 -6.107914E+04  5.679144E+03 -1.299079E+04 _shell_0000000111   
       111   3  2.907473E+05  3.280335E+05  4.254950E+03 -6.872428E+04  5.446289E+03 -1.279072E+04 _shell_0000000111   
       111   4  2.921550E+05  3.327642E+05  5.666401E+03 -5.942461E+04 -9.201218E+03 -1.559664E+04 _shell_0000000111   
       111   5 -2.644653E+05 -3.197900E+05  5.675637E+03  7.054728E+04 -8.979725E+03 -1.526886E+04 _shell_0000000111   
       111   6 -2.658731E+05 -3.244980E+05  4.264245E+03  6.124803E+04  5.667995E+03 -1.285409E+04 _shell_0000000111   
       111   7 -2.909169E+05 -3.277096E+05 -2.257368E+03  6.889265E+04  5.438866E+03 -1.266295E+04 _shell_0000000111   
       111   8 -2.923305E+05 -3.324243E+05 -3.667243E+03  5.959057E+04 -9.207740E+03 -1.546401E+04 _shell_0000000111   
       112   1  2.673694E+05  3.272480E+05 -3.344284E+03 -3.768040E+04 -8.210050E+03 -1.505577E+04 _shell_0000000112   
       112   2  2.680756E+05  3.296148E+05 -2.639978E+03 -2.828461E+04  6.582862E+03 -1.385135E+04 _shell_0000000112   
       112   3  2.942322E+05  3.352521E+05  4.647702E+03 -3.685156E+04  6.467446E+03 -1.375093E+04 _shell_0000000112   
       112   4  2.949354E+05  3.376155E+05  5.352869E+03 -2.745887E+04 -8.326873E+03 -1.515219E+04 _shell_0000000112   
       112   5 -2.676840E+05 -3.268937E+05  5.362762E+03  3.774077E+04 -8.217036E+03 -1.491416E+04 _shell_0000000112   
       112   6 -2.683873E+05 -3.292458E+05  4.657565E+03  2.834852E+04  6.577493E+03 -1.370714E+04 _shell_0000000112   
       112   7 -2.944019E+05 -3.348943E+05 -2.649874E+03  3.691498E+04  6.463180E+03 -1.361330E+04 _shell_0000000112   
       112   8 -2.951081E+05 -3.372497E+05 -3.354211E+03  2.751964E+04 -8.329980E+03 -1.501206E+04 _shell_0000000112   
       113   1  2.686644E+05  3.304126E+05 -3.004825E+03 -4.736764E+03 -7.420257E+03 -1.453915E+04 _shell_0000000113   
       113   2  2.686644E+05  3.304126E+05 -3.004876E+03  4.689343E+03  7.420287E+03 -1.453917E+04 _shell_0000000113   
       113   3  2.956117E+05  3.384407E+05  5.013115E+03 -4.735175E+03  7.421011E+03 -1.453714E+04 _shell_0000000113   
       113   4  2.956117E+05  3.384408E+05  5.013260E+03  4.687756E+03 -7.421026E+03 -1.453716E+04 _shell_0000000113   
       113   5 -2.689771E+05 -3.300409E+05  5.023257E+03  4.687569E+03 -7.421130E+03 -1.439332E+04 _shell_0000000113   
       113   6 -2.689771E+05 -3.300409E+05  5.023206E+03 -4.734907E+03  7.421116E+03 -1.439329E+04 _shell_0000000113   
       113   7 -2.957832E+05 -3.380690E+05 -3.015002E+03  4.689157E+03  7.420410E+03 -1.439535E+04 _shell_0000000113   
       113   8 -2.957832E+05 -3.380689E+05 -3.014858E+03 -4.736496E+03 -7.420381E+03 -1.439533E+04 _shell_0000000113   
       114   1  2.680760E+05  3.296147E+05 -2.639992E+03  2.823759E+04 -6.582833E+03 -1.385133E+04 _shell_0000000114   
       114   2  2.673698E+05  3.272480E+05 -3.344358E+03  3.763338E+04  8.210080E+03 -1.505579E+04 _shell_0000000114   
       114   3  2.949339E+05  3.376154E+05  5.352795E+03  2.741185E+04  8.326858E+03 -1.515216E+04 _shell_0000000114   
       114   4  2.942307E+05  3.352521E+05  4.647965E+03  3.680454E+04 -6.467462E+03 -1.375096E+04 _shell_0000000114   
       114   5 -2.683869E+05 -3.292458E+05  4.657552E+03 -2.839546E+04 -6.577508E+03 -1.370717E+04 _shell_0000000114   
       114   6 -2.676836E+05 -3.268938E+05  5.362689E+03 -3.778771E+04  8.217022E+03 -1.491414E+04 _shell_0000000114   
       114   7 -2.951097E+05 -3.372498E+05 -3.354284E+03 -2.756658E+04  8.330009E+03 -1.501208E+04 _shell_0000000114   
       114   8 -2.944034E+05 -3.348943E+05 -2.649612E+03 -3.696192E+04 -6.463152E+03 -1.361328E+04 _shell_0000000114   
       115   1  2.655633E+05  3.248443E+05 -2.248180E+03  6.103340E+04 -5.679115E+03 -1.299077E+04 _shell_0000000115   
       115   2  2.641497E+05  3.201070E+05 -3.658043E+03  7.033590E+04  8.967243E+03 -1.540053E+04 _shell_0000000115   
       115   3  2.921514E+05  3.327639E+05  5.666368E+03  5.937887E+04  9.201203E+03 -1.559662E+04 _shell_0000000115   
       115   4  2.907438E+05  3.280334E+05  4.255395E+03  6.867854E+04 -5.446306E+03 -1.279074E+04 _shell_0000000115   
       115   5 -2.658729E+05 -3.244983E+05  4.264112E+03 -6.129369E+04 -5.668011E+03 -1.285412E+04 _shell_0000000115   
       115   6 -2.644651E+05 -3.197903E+05  5.675574E+03 -7.059295E+04  8.979711E+03 -1.526884E+04 _shell_0000000115   
       115   7 -2.923342E+05 -3.324246E+05 -3.667277E+03 -5.963624E+04  9.207770E+03 -1.546403E+04 _shell_0000000115   
       115   8 -2.909205E+05 -3.277098E+05 -2.256924E+03 -6.893832E+04 -5.438838E+03 -1.266293E+04 _shell_0000000115   
       116   1  2.610012E+05  3.160662E+05 -1.825792E+03  9.342741E+04 -4.685954E+03 -1.195385E+04 _shell_0000000116   
       116   2  2.588782E+05  3.089511E+05 -3.943465E+03  1.025666E+05  9.703786E+03 -1.557051E+04 _shell_0000000116   
       116   3  2.871193E+05  3.238454E+05  5.951383E+03  9.094140E+04  1.005723E+04 -1.586883E+04 _shell_0000000116   
       116   4  2.850049E+05  3.167400E+05  3.831985E+03  1.000782E+05 -4.333243E+03 -1.165168E+04 _shell_0000000116   
       116   5 -2.613096E+05 -3.157634E+05  3.839448E+03 -9.377859E+04 -4.669969E+03 -1.183028E+04 _shell_0000000116   
       116   6 -2.591950E+05 -3.086919E+05  5.959365E+03 -1.029150E+05  9.720722E+03 -1.545418E+04 _shell_0000000116   
       116   7 -2.873108E+05 -3.235523E+05 -3.951467E+03 -9.129005E+04  1.006648E+04 -1.574929E+04 _shell_0000000116   
       116   8 -2.851876E+05 -3.164710E+05 -1.833276E+03 -1.004289E+05 -4.323508E+03 -1.153909E+04 _shell_0000000116   
       117   1  2.541738E+05  3.032204E+05 -1.367215E+03  1.251652E+05 -3.574646E+03 -1.073507E+04 _shell_0000000117   
       117   2  2.513385E+05  2.937177E+05 -4.195847E+03  1.340590E+05  1.042934E+04 -1.556021E+04 _shell_0000000117   
       117   3  2.795872E+05  3.107895E+05  6.203099E+03  1.218442E+05  1.090566E+04 -1.596471E+04 _shell_0000000117   
       117   4  2.767629E+05  3.012991E+05  3.372171E+03  1.307361E+05 -3.098495E+03 -1.032682E+04 _shell_0000000117   
       117   5 -2.544800E+05 -3.029806E+05  3.378098E+03 -1.255908E+05 -3.555105E+03 -1.062969E+04 _shell_0000000117   
       117   6 -2.516555E+05 -2.935352E+05  6.209289E+03 -1.344824E+05  1.044927E+04 -1.546407E+04 _shell_0000000117   
       117   7 -2.797877E+05 -3.105620E+05 -4.202048E+03 -1.222678E+05  1.091653E+04 -1.586328E+04 _shell_0000000117   
       117   8 -2.769521E+05 -3.011043E+05 -1.373152E+03 -1.311612E+05 -3.087712E+03 -1.023427E+04 _shell_0000000117   
       118   1  2.447615E+05  2.862203E+05 -8.648108E+02  1.559437E+05 -2.309515E+03 -9.327815E+03 _shell_0000000118   
       118   2  2.412110E+05  2.743202E+05 -4.407730E+03  1.644922E+05  1.115189E+04 -1.536377E+04 _shell_0000000118   
       118   3  2.691859E+05  2.934946E+05  6.414102E+03  1.517839E+05  1.175528E+04 -1.587782E+04 _shell_0000000118   
       118   4  2.656484E+05  2.816089E+05  2.868394E+03  1.603313E+05 -1.705601E+03 -8.810168E+03 _shell_0000000118   
       118   5 -2.450629E+05 -2.860623E+05  2.872636E+03 -1.564228E+05 -2.288083E+03 -9.245046E+03 _shell_0000000118   
       118   6 -2.415252E+05 -2.742323E+05  6.417920E+03 -1.649701E+05  1.117303E+04 -1.529186E+04 _shell_0000000118   
       118   7 -2.693932E+05 -2.933510E+05 -4.411549E+03 -1.522617E+05  1.176646E+04 -1.579889E+04 _shell_0000000118   
       118   8 -2.658425E+05 -2.815068E+05 -8.690545E+02 -1.608101E+05 -1.695206E+03 -8.741651E+03 _shell_0000000118   
       119   1  2.323202E+05  2.649527E+05 -3.091872E+02  1.853867E+05 -8.463000E+02 -7.724752E+03 _shell_0000000119   
       119   2  2.280533E+05  2.506515E+05 -4.568185E+03  1.934668E+05  1.187847E+04 -1.496224E+04 _shell_0000000119   
       119   3  2.554041E+05  2.718278E+05  6.573543E+03  1.803864E+05  1.261374E+04 -1.559783E+04 _shell_0000000119   
       119   4  2.511518E+05  2.575420E+05  2.311381E+03  1.884662E+05 -1.097298E+02 -7.085748E+03 _shell_0000000119   
       119   5 -2.326114E+05 -2.648937E+05  2.313949E+03 -1.858952E+05 -8.248571E+02 -7.668080E+03 _shell_0000000119   
       119   6 -2.283588E+05 -2.506733E+05  6.574440E+03 -1.939749E+05  1.189885E+04 -1.491755E+04 _shell_0000000119   
       119   7 -2.556129E+05 -2.717844E+05 -4.569072E+03 -1.808943E+05  1.262381E+04 -1.554484E+04 _shell_0000000119   
       119   8 -2.513457E+05 -2.575484E+05 -3.117463E+02 -1.889743E+05 -1.012341E+02 -7.044242E+03 _shell_0000000119   
       120   1  2.162482E+05  2.392808E+05  3.104615E+02  2.130422E+05  8.706145E+02 -5.925319E+03 _shell_0000000120   
       120   2  2.112682E+05  2.225899E+05 -4.662101E+03  2.205004E+05  1.261723E+04 -1.439049E+04 _shell_0000000120   
       120   3  2.375542E+05  2.456262E+05  6.666392E+03  2.072048E+05  1.348830E+04 -1.511603E+04 _shell_0000000120   
       120   4  2.325896E+05  2.289513E+05  1.690481E+03  2.146636E+05  1.743834E+03 -5.196571E+03 _shell_0000000120   
       120   5 -2.165204E+05 -2.393339E+05  1.691573E+03 -2.135537E+05  8.901513E+02 -5.897044E+03 _shell_0000000120   
       120   6 -2.115555E+05 -2.227312E+05  6.663879E+03 -2.210125E+05  1.263486E+04 -1.437470E+04 _shell_0000000120   
       120   7 -2.377554E+05 -2.456956E+05 -4.659571E+03 -2.077167E+05  1.349594E+04 -1.509125E+04 _shell_0000000120   
       120   8 -2.327751E+05 -2.290768E+05  3.093861E+02 -2.151749E+05  1.749050E+03 -5.183741E+03 _shell_0000000120   
       121   1  1.957139E+05  2.090498E+05  9.999919E+02  2.382565E+05  2.908683E+03 -3.918347E+03 _shell_0000000121   
       121   2  1.900408E+05  1.900385E+05 -4.666843E+03  2.449064E+05  1.338367E+04 -1.338367E+04 _shell_0000000121   
       121   3  2.147108E+05  2.147074E+05  6.670234E+03  2.316051E+05  1.439036E+04 -1.439035E+04 _shell_0000000121   
       121   4  2.090532E+05  1.957116E+05  1.000158E+03  2.382565E+05  3.918347E+03 -2.908683E+03 _shell_0000000121   
       121   5 -1.959545E+05 -2.092216E+05  1.000003E+03 -2.387445E+05  2.924581E+03 -3.919277E+03 _shell_0000000121   
       121   6 -1.902966E+05 -1.902989E+05  6.664090E+03 -2.453961E+05  1.339685E+04 -1.339684E+04 _shell_0000000121   
       121   7 -2.148914E+05 -2.148949E+05 -4.660677E+03 -2.320944E+05  1.439455E+04 -1.439455E+04 _shell_0000000121   
       121   8 -2.092181E+05 -1.959568E+05  1.000168E+03 -2.387445E+05  3.919278E+03 -2.924581E+03 _shell_0000000121   
       122   1  1.696349E+05  1.741173E+05  1.772143E+03  2.607304E+05  5.322237E+03 -1.811438E+03 _shell_0000000122   
       122   2  1.632881E+05  1.528542E+05 -4.570640E+03  2.663574E+05  1.418714E+04 -1.325157E+04 _shell_0000000122   
       122   3  1.857098E+05  1.789045E+05  6.573327E+03  2.532871E+05  1.533046E+04 -1.353008E+04 _shell_0000000122   
       122   4  1.793774E+05  1.576553E+05  2.278743E+02  2.589163E+05  6.469283E+03 -1.530177E+03 _shell_0000000122   
       122   5 -1.698286E+05 -1.744013E+05  2.267462E+02 -2.611695E+05  5.333336E+03 -1.840728E+03 _shell_0000000122   
       122   6 -1.634959E+05 -1.532157E+05  6.563425E+03 -2.667988E+05  1.419478E+04 -1.329198E+04 _shell_0000000122   
       122   7 -1.858548E+05 -1.792028E+05 -4.560715E+03 -2.537282E+05  1.533092E+04 -1.356238E+04 _shell_0000000122   
       122   8 -1.795077E+05 -1.580033E+05  1.773294E+03 -2.593553E+05  6.465726E+03 -1.573088E+03 _shell_0000000122   
       123   1  1.363604E+05  1.343350E+05  2.580087E+03  2.775558E+05  8.237961E+03  8.735688E+02 _shell_0000000123   
       123   2  1.294890E+05  1.113290E+05 -4.289629E+03  2.819015E+05  1.508692E+04 -6.864254E+03 _shell_0000000123   
       123   3  1.487783E+05  1.380328E+05  6.292419E+03  2.694951E+05  1.637213E+04 -1.181706E+04 _shell_0000000123   
       123   4  1.419191E+05  1.150381E+05 -5.787630E+02  2.738435E+05  9.527599E+03  5.828860E+03 _shell_0000000123   
       123   5 -1.364936E+05 -1.347029E+05 -5.816664E+02 -2.779212E+05  8.243737E+03  8.193521E+02 _shell_0000000123   
       123   6 -1.296343E+05 -1.117405E+05  6.279458E+03 -2.822712E+05  1.508854E+04 -6.927416E+03 _shell_0000000123   
       123   7 -1.488742E+05 -1.384124E+05 -4.276648E+03 -2.698631E+05  1.636934E+04 -1.187398E+04 _shell_0000000123   
       123   8 -1.420025E+05 -1.154387E+05  2.583010E+03 -2.742103E+05  9.520089E+03  5.763419E+03 _shell_0000000123   
       124   1  9.487054E+04  8.975713E+04  3.666619E+03  2.990237E+05  1.158693E+04  1.392190E+03 _shell_0000000124   
       124   2  8.712245E+04  6.384137E+04 -4.081762E+03  3.018514E+05  1.604013E+04 -3.222410E+04 _shell_0000000124   
       124   3  1.029455E+05  9.216059E+04  6.085368E+03  2.899318E+05  1.736416E+04 -1.292196E+04 _shell_0000000124   
       124   4  9.520659E+04  6.625298E+04 -1.662379E+03  2.927628E+05  1.291529E+04 -1.790757E+04 _shell_0000000124   
       124   5 -9.494077E+04 -9.014481E+04 -1.669186E+03 -2.992845E+05  1.158876E+04  1.315603E+03 _shell_0000000124   
       124   6 -8.720170E+04 -6.421225E+04  6.069591E+03 -3.021099E+05  1.603795E+04 -3.230655E+04 _shell_0000000124   
       124   7 -1.029873E+05 -9.255688E+04 -4.065972E+03 -2.901958E+05  1.736060E+04 -1.300108E+04 _shell_0000000124   
       124   8 -9.523913E+04 -6.661618E+04  3.673439E+03 -2.930179E+05  1.290708E+04 -1.799225E+04 _shell_0000000124   
       125   1  3.693031E+04  3.972014E+04  3.498823E+03  2.642808E+05  1.646190E+04  1.375212E+04 _shell_0000000125   
       125   2  3.109161E+04  2.024700E+04 -2.342642E+03  2.652408E+05  1.800580E+04  1.135891E+05 _shell_0000000125   
       125   3  3.973616E+04  4.055130E+04  4.347469E+03  2.574281E+05  1.944936E+04  2.963228E+03 _shell_0000000125   
       125   4  3.390195E+04  2.108205E+04 -1.489523E+03  2.583906E+05  1.791238E+04  1.243797E+05 _shell_0000000125   
       125   5 -3.696189E+04 -4.001099E+04 -1.504322E+03 -2.643895E+05  1.646254E+04  1.367510E+04 _shell_0000000125   
       125   6 -3.112766E+04 -2.040523E+04  4.327128E+03 -2.653860E+05  1.799968E+04  1.135111E+05 _shell_0000000125   
       125   7 -3.973560E+04 -4.084645E+04 -2.322298E+03 -2.575393E+05  1.944898E+04  2.884475E+03 _shell_0000000125   
       125   8 -3.389688E+04 -2.123680E+04  3.513626E+03 -2.585332E+05  1.790490E+04  1.243000E+05 _shell_0000000125   
       126   1  3.550978E+04  2.233969E+04 -2.533846E+03 -2.368760E+05 -2.023759E+04  1.000037E+05 _shell_0000000126   
       126   2  4.185655E+04  4.351232E+04  3.814164E+03 -2.360718E+05 -1.894021E+04  1.344515E+04 _shell_0000000126   
       126   3  3.788439E+04  2.304214E+04 -1.801809E+03 -2.294287E+05 -1.997195E+04  1.117322E+05 _shell_0000000126   
       126   4  4.422591E+04  4.421017E+04  4.539142E+03 -2.286241E+05 -2.126383E+04  1.717034E+03 _shell_0000000126   
       126   5 -3.554162E+04 -2.206525E+04  4.510641E+03  2.370872E+05 -2.022686E+04  9.992144E+04 _shell_0000000126   
       126   6 -4.188313E+04 -4.337079E+04 -1.829629E+03  2.362471E+05 -1.893481E+04  1.336326E+04 _shell_0000000126   
       126   7 -3.785628E+04 -2.276350E+04  3.841985E+03  2.296395E+05 -1.996047E+04  1.116496E+05 _shell_0000000126   
       126   8 -4.420305E+04 -4.407363E+04 -2.505343E+03  2.287998E+05 -2.125802E+04  1.634778E+03 _shell_0000000126   
       127   1  1.002766E+05  7.063938E+04 -4.216712E+03 -2.698812E+05 -1.785475E+04 -2.984509E+04 _shell_0000000127   
       127   2  1.086811E+05  9.871887E+04  4.183695E+03 -2.675023E+05 -1.411072E+04  2.920834E+03 _shell_0000000127   
       127   3  1.070771E+05  7.266791E+04 -2.174911E+03 -2.600213E+05 -1.508222E+04 -1.431692E+04 _shell_0000000127   
       127   4  1.154715E+05  1.007386E+05  6.221858E+03 -2.576417E+05 -1.882264E+04 -1.260668E+04 _shell_0000000127   
       127   5 -1.002907E+05 -7.058701E+04  6.207090E+03  2.702896E+05 -1.783797E+04 -2.993262E+04 _shell_0000000127   
       127   6 -1.086852E+05 -9.874732E+04 -2.191404E+03  2.679157E+05 -1.409726E+04  2.838441E+03 _shell_0000000127   
       127   7 -1.070446E+05 -7.260717E+04  4.200197E+03  2.604290E+05 -1.506014E+04 -1.440496E+04 _shell_0000000127   
       127   8 -1.154491E+05 -1.007763E+05 -4.201935E+03  2.580559E+05 -1.880448E+04 -1.268988E+04 _shell_0000000127   
       128   1  1.501776E+05  1.231142E+05 -4.353140E+03 -2.525467E+05 -1.668469E+04 -7.093191E+03 _shell_0000000128   
       128   2  1.577195E+05  1.483256E+05  3.182288E+03 -2.488265E+05 -1.082246E+04  2.494176E+03 _shell_0000000128   
       128   3  1.608132E+05  1.262900E+05 -1.176099E+03 -2.437012E+05 -1.172383E+04  6.837745E+03 _shell_0000000128   
       128   4  1.683419E+05  1.514895E+05  6.358458E+03 -2.399802E+05 -1.758216E+04 -1.143571E+04 _shell_0000000128   
       128   5 -1.501826E+05 -1.231988E+05  6.352295E+03  2.530827E+05 -1.666490E+04 -7.161327E+03 _shell_0000000128   
       128   6 -1.577114E+05 -1.484417E+05 -1.183026E+03  2.493602E+05 -1.080631E+04  2.434447E+03 _shell_0000000128   
       128   7 -1.607726E+05 -1.263632E+05  3.189228E+03  2.442365E+05 -1.169540E+04  6.768752E+03 _shell_0000000128   
       128   8 -1.683146E+05 -1.516179E+05 -4.346963E+03  2.405147E+05 -1.755793E+04 -1.149670E+04 _shell_0000000128   
       129   1  1.904838E+05  1.694668E+05 -4.598029E+03 -2.392048E+05 -1.546858E+04 -1.264745E+04 _shell_0000000129   
       129   2  1.975316E+05  1.930465E+05  2.442115E+03 -2.343226E+05 -7.777754E+03  1.619399E+02 _shell_0000000129   
       129   3  2.044369E+05  1.736330E+05 -4.384294E+02 -2.309404E+05 -8.600107E+03  3.684571E+02 _shell_0000000129   
       129   4  2.114695E+05  1.971985E+05  6.603086E+03 -2.260576E+05 -1.628734E+04 -1.285239E+04 _shell_0000000129   
       129   5 -1.904954E+05 -1.696101E+05  6.601527E+03  2.397768E+05 -1.544988E+04 -1.269272E+04 _shell_0000000129   
       129   6 -1.975281E+05 -1.931697E+05 -4.388863E+02  2.348937E+05 -7.762389E+03  1.275666E+02 _shell_0000000129   
       129   7 -2.043912E+05 -1.737624E+05  2.442589E+03  2.315117E+05 -8.570383E+03  3.218438E+02 _shell_0000000129   
       129   8 -2.114392E+05 -1.973362E+05 -4.596454E+03  2.266294E+05 -1.626149E+04 -1.288859E+04 _shell_0000000129   
       130   1  2.226451E+05  2.113500E+05 -4.660072E+03 -2.204751E+05 -1.439052E+04 -1.261726E+04 _shell_0000000130   
       130   2  2.290066E+05  2.326485E+05  1.692889E+03 -2.146382E+05 -5.196604E+03 -1.743816E+03 _shell_0000000130   
       130   3  2.393303E+05  2.163300E+05  3.089628E+02 -2.130169E+05 -5.925302E+03 -8.706495E+02 _shell_0000000130   
       130   4  2.456757E+05  2.376130E+05  6.664820E+03 -2.071795E+05 -1.511601E+04 -1.348828E+04 _shell_0000000130   
       130   5 -2.226758E+05 -2.114737E+05  6.665905E+03  2.210378E+05 -1.437468E+04 -1.263485E+04 _shell_0000000130   
       130   6 -2.290214E+05 -2.327162E+05  3.117942E+02  2.152003E+05 -5.183724E+03 -1.749083E+03 _shell_0000000130   
       130   7 -2.392843E+05 -2.164385E+05  1.690074E+03  2.135791E+05 -5.897077E+03 -8.901358E+02 _shell_0000000130   
       130   8 -2.456459E+05 -2.376965E+05 -4.661140E+03  2.077420E+05 -1.509128E+04 -1.349597E+04 _shell_0000000130   
       131   1  2.483094E+05  2.483100E+05 -4.621031E+03 -1.989462E+05 -1.337001E+04 -1.337001E+04 _shell_0000000131   
       131   2  2.539420E+05  2.671780E+05  1.002548E+03 -1.923434E+05 -2.970445E+03 -3.602385E+03 _shell_0000000131   
       131   3  2.671883E+05  2.539426E+05  9.982337E+02 -1.923434E+05 -3.602388E+03 -2.970445E+03 _shell_0000000131   
       131   4  2.728049E+05  2.727946E+05  6.625500E+03 -1.857403E+05 -1.399923E+04 -1.399923E+04 _shell_0000000131   
       131   5 -2.483604E+05 -2.483598E+05  6.628439E+03  1.994751E+05 -1.335791E+04 -1.335792E+04 _shell_0000000131   
       131   6 -2.539772E+05 -2.671530E+05  1.002555E+03  1.928719E+05 -2.960828E+03 -3.577493E+03 _shell_0000000131   
       131   7 -2.671427E+05 -2.539766E+05  9.982413E+02  1.928719E+05 -3.577496E+03 -2.960828E+03 _shell_0000000131   
       131   8 -2.727756E+05 -2.727858E+05 -4.623956E+03  1.862691E+05 -1.397734E+04 -1.397734E+04 _shell_0000000131   
       132   1  2.686612E+05  2.803937E+05 -4.490737E+03 -1.748983E+05 -1.239305E+04 -1.372811E+04 _shell_0000000132   
       132   2  2.735233E+05  2.966859E+05  3.621730E+02 -1.676952E+05 -1.048664E+03 -5.311609E+03 _shell_0000000132   
       132   3  2.892595E+05  2.865374E+05  1.638380E+03 -1.691993E+05 -1.583894E+03 -4.751746E+03 _shell_0000000132   
       132   4  2.941065E+05  3.028140E+05  6.495165E+03 -1.619962E+05 -1.292608E+04 -1.428469E+04 _shell_0000000132   
       132   5 -2.687255E+05 -2.803409E+05  6.499940E+03  1.753785E+05 -1.238469E+04 -1.368617E+04 _shell_0000000132   
       132   6 -2.735728E+05 -2.965542E+05  1.643395E+03  1.681754E+05 -1.042274E+03 -5.257248E+03 _shell_0000000132   
       132   7 -2.892113E+05 -2.864691E+05  3.571671E+02  1.696794E+05 -1.563161E+03 -4.712859E+03 _shell_0000000132   
       132   8 -2.940737E+05 -3.026981E+05 -4.495503E+03  1.624764E+05 -1.290782E+04 -1.423388E+04 _shell_0000000132   
       133   1  2.846340E+05  3.076145E+05 -4.289306E+03 -1.489491E+05 -1.144355E+04 -1.392919E+04 _shell_0000000133   
       133   2  2.887036E+05  3.212532E+05 -2.286603E+02 -1.412870E+05  6.232893E+02 -6.873493E+03 _shell_0000000133   
       133   3  3.065463E+05  3.141485E+05  2.229575E+03 -1.441795E+05  1.834168E+02 -6.416327E+03 _shell_0000000133   
       133   4  3.106024E+05  3.277729E+05  6.293908E+03 -1.365175E+05 -1.188174E+04 -1.438258E+04 _shell_0000000133   
       133   5 -2.847017E+05 -3.074520E+05  6.300512E+03  1.493680E+05 -1.143844E+04 -1.385898E+04 _shell_0000000133   
       133   6 -2.887580E+05 -3.210174E+05  2.235277E+03  1.417062E+05  6.269439E+02 -6.791930E+03 _shell_0000000133   
       133   7 -3.064911E+05 -3.139718E+05 -2.343617E+02  1.445985E+05  1.998231E+02 -6.349709E+03 _shell_0000000133   
       133   8 -3.105609E+05 -3.275515E+05 -4.295909E+03  1.369366E+05 -1.186728E+04 -1.430504E+04 _shell_0000000133   
       134   1  2.969337E+05  3.300254E+05 -4.031718E+03 -1.215523E+05 -1.051001E+04 -1.394292E+04 _shell_0000000134   
       134   2  3.001980E+05  3.409660E+05 -7.754683E+02 -1.135485E+05  2.094248E+03 -8.279433E+03 _shell_0000000134   
       134   3  3.198229E+05  3.368493E+05  2.777028E+03 -1.177267E+05  1.747051E+03 -7.916723E+03 _shell_0000000134   
       134   4  3.230757E+05  3.477775E+05  6.036496E+03 -1.097234E+05 -1.085600E+04 -1.430142E+04 _shell_0000000134   
       134   5 -2.969974E+05 -3.297604E+05  6.044626E+03  1.218971E+05 -1.050737E+04 -1.384745E+04 _shell_0000000134   
       134   6 -3.002504E+05 -3.406385E+05  2.783598E+03  1.138940E+05  2.095899E+03 -8.174227E+03 _shell_0000000134   
       134   7 -3.197572E+05 -3.365719E+05 -7.820452E+02  1.180719E+05  1.759375E+03 -7.825308E+03 _shell_0000000134   
       134   8 -3.230217E+05 -3.474624E+05 -4.039855E+03  1.100684E+05 -1.084515E+04 -1.420064E+04 _shell_0000000134   
       135   1  3.060896E+05  3.476853E+05 -3.729721E+03 -9.309470E+04 -9.582238E+03 -1.378648E+04 _shell_0000000135   
       135   2  3.085416E+05  3.559039E+05 -1.284166E+03 -8.484640E+04  3.406703E+03 -9.529082E+03 _shell_0000000135   
       135   3  3.296773E+05  3.547161E+05  3.286479E+03 -9.022104E+04  3.149291E+03 -9.259301E+03 _shell_0000000135   
       135   4  3.321204E+05  3.629249E+05  5.734611E+03 -8.197339E+04 -9.838828E+03 -1.405168E+04 _shell_0000000135   
       135   5 -3.061453E+05 -3.473331E+05  5.743837E+03  9.335348E+04 -9.581213E+03 -1.366987E+04 _shell_0000000135   
       135   6 -3.085886E+05 -3.555032E+05  3.294055E+03  8.510620E+04  3.407122E+03 -9.404805E+03 _shell_0000000135   
       135   7 -3.296006E+05 -3.543541E+05 -1.291756E+03  9.048044E+04  3.157977E+03 -9.147154E+03 _shell_0000000135   
       135   8 -3.320528E+05 -3.625340E+05 -3.738961E+03  8.223251E+04 -9.831222E+03 -1.393215E+04 _shell_0000000135   
       136   1  3.124864E+05  3.606487E+05 -3.391754E+03 -6.389328E+04 -8.649753E+03 -1.346574E+04 _shell_0000000136   
       136   2  3.141226E+05  3.661328E+05 -1.760101E+03 -5.548154E+04  4.596254E+03 -1.062349E+04 _shell_0000000136   
       136   3  3.365402E+05  3.678171E+05  3.763151E+03 -6.197568E+04  4.426132E+03 -1.044414E+04 _shell_0000000136   
       136   4  3.381703E+05  3.732945E+05  5.396630E+03 -5.356476E+04 -8.819349E+03 -1.364025E+04 _shell_0000000136   
       136   5 -3.125340E+05 -3.602296E+05  5.406443E+03  6.405608E+04 -8.649574E+03 -1.333302E+04 _shell_0000000136   
       136   6 -3.141642E+05 -3.656807E+05  3.771740E+03  5.564558E+04  4.596119E+03 -1.048547E+04 _shell_0000000136   
       136   7 -3.364548E+05 -3.673913E+05 -1.768709E+03  6.213927E+04  4.431663E+03 -1.031619E+04 _shell_0000000136   
       136   8 -3.380911E+05 -3.728491E+05 -3.401587E+03  5.372795E+04 -8.814600E+03 -1.350719E+04 _shell_0000000136   
       137   1  3.163864E+05  3.689580E+05 -3.023526E+03 -3.421452E+04 -7.700587E+03 -1.298637E+04 _shell_0000000137   
       137   2  3.172048E+05  3.717013E+05 -2.207293E+03 -2.570917E+04  5.692637E+03 -1.156415E+04 _shell_0000000137   
       137   3  3.407060E+05  3.762044E+05  4.210995E+03 -3.325504E+04  5.607984E+03 -1.147362E+04 _shell_0000000137   
       137   4  3.415214E+05  3.789444E+05  5.028237E+03 -2.475061E+04 -7.784896E+03 -1.307190E+04 _shell_0000000137   
       137   5 -3.164283E+05 -3.684948E+05  5.038119E+03  3.427444E+04 -7.700661E+03 -1.284318E+04 _shell_0000000137   
       137   6 -3.172437E+05 -3.712214E+05  4.220460E+03  2.577047E+04  5.692429E+03 -1.141824E+04 _shell_0000000137   
       137   7 -3.406167E+05 -3.757377E+05 -2.216782E+03  3.331587E+04  5.610766E+03 -1.133541E+04 _shell_0000000137   
       137   8 -3.414352E+05 -3.784678E+05 -3.033432E+03  2.481097E+04 -7.782712E+03 -1.293106E+04 _shell_0000000137   
       138   1  3.179416E+05  3.726392E+05 -2.628393E+03 -4.290566E+03 -6.720555E+03 -1.235188E+04 _shell_0000000138   
       138   2  3.179416E+05  3.726391E+05 -2.628165E+03  4.245247E+03  6.720579E+03 -1.235190E+04 _shell_0000000138   
       138   3  3.423464E+05  3.799098E+05  4.632386E+03 -4.290086E+03  6.720419E+03 -1.234936E+04 _shell_0000000138   
       138   4  3.423464E+05  3.799099E+05  4.632778E+03  4.244770E+03 -6.720433E+03 -1.234938E+04 _shell_0000000138   
       138   5 -3.179823E+05 -3.721561E+05  4.642238E+03  4.244577E+03 -6.720536E+03 -1.220425E+04 _shell_0000000138   
       138   6 -3.179824E+05 -3.721561E+05  4.642465E+03 -4.289818E+03  6.720524E+03 -1.220423E+04 _shell_0000000138   
       138   7 -3.422593E+05 -3.794267E+05 -2.638269E+03  4.245054E+03  6.720705E+03 -1.220680E+04 _shell_0000000138   
       138   8 -3.422593E+05 -3.794267E+05 -2.637878E+03 -4.290297E+03 -6.720682E+03 -1.220679E+04 _shell_0000000138   
       139   1  3.172018E+05  3.717003E+05 -2.207626E+03  2.566448E+04 -5.692614E+03 -1.156413E+04 _shell_0000000139   
       139   2  3.163833E+05  3.689569E+05 -3.023369E+03  3.416983E+04  7.700612E+03 -1.298639E+04 _shell_0000000139   
       139   3  3.415172E+05  3.789433E+05  5.027955E+03  2.470593E+04  7.784883E+03 -1.307188E+04 _shell_0000000139   
       139   4  3.407019E+05  3.762034E+05  4.211531E+03  3.321035E+04 -5.607999E+03 -1.147364E+04 _shell_0000000139   
       139   5 -3.172468E+05 -3.712224E+05  4.220129E+03 -2.581508E+04 -5.692443E+03 -1.141826E+04 _shell_0000000139   
       139   6 -3.164314E+05 -3.684959E+05  5.038276E+03 -3.431906E+04  7.700648E+03 -1.284316E+04 _shell_0000000139   
       139   7 -3.414394E+05 -3.784689E+05 -3.033714E+03 -2.485559E+04  7.782735E+03 -1.293108E+04 _shell_0000000139   
       139   8 -3.406209E+05 -3.757388E+05 -2.216247E+03 -3.336049E+04 -5.610744E+03 -1.133539E+04 _shell_0000000139   
       140   1  3.141161E+05  3.661305E+05 -1.760588E+03  5.543883E+04 -4.596232E+03 -1.062347E+04 _shell_0000000140   
       140   2  3.124799E+05  3.606461E+05 -3.391651E+03  6.385058E+04  8.649778E+03 -1.346576E+04 _shell_0000000140   
       140   3  3.381615E+05  3.732921E+05  5.396441E+03  5.352205E+04  8.819336E+03 -1.364024E+04 _shell_0000000140   
       140   4  3.365315E+05  3.678145E+05  3.763881E+03  6.193297E+04 -4.426147E+03 -1.044416E+04 _shell_0000000140   
       140   5 -3.141707E+05 -3.656831E+05  3.771254E+03 -5.568822E+04 -4.596133E+03 -1.048549E+04 _shell_0000000140   
       140   6 -3.125406E+05 -3.602323E+05  5.406547E+03 -6.409873E+04  8.649562E+03 -1.333300E+04 _shell_0000000140   
       140   7 -3.380999E+05 -3.728515E+05 -3.401777E+03 -5.377059E+04  8.814623E+03 -1.350721E+04 _shell_0000000140   
       140   8 -3.364636E+05 -3.673939E+05 -1.767981E+03 -6.218192E+04 -4.431642E+03 -1.031617E+04 _shell_0000000140   
       141   1  3.085307E+05  3.558995E+05 -1.284876E+03  8.480731E+04 -3.406682E+03 -9.529067E+03 _shell_0000000141   
       141   2  3.060787E+05  3.476801E+05 -3.729674E+03  9.305561E+04  9.582262E+03 -1.378650E+04 _shell_0000000141   
       141   3  3.321065E+05  3.629205E+05  5.734515E+03  8.193431E+04  9.838815E+03 -1.405167E+04 _shell_0000000141   
       141   4  3.296634E+05  3.547110E+05  3.287464E+03  9.018196E+04 -3.149307E+03 -9.259323E+03 _shell_0000000141   
       141   5 -3.085996E+05 -3.555077E+05  3.293346E+03 -8.514523E+04 -3.407137E+03 -9.404826E+03 _shell_0000000141   
       141   6 -3.061563E+05 -3.473383E+05  5.743886E+03 -9.339251E+04  9.581201E+03 -1.366985E+04 _shell_0000000141   
       141   7 -3.320668E+05 -3.625385E+05 -3.739058E+03 -8.227154E+04  9.831245E+03 -1.393217E+04 _shell_0000000141   
       141   8 -3.296146E+05 -3.543593E+05 -1.290773E+03 -9.051947E+04 -3.157957E+03 -9.147140E+03 _shell_0000000141   
       142   1  3.001813E+05  3.409583E+05 -7.764867E+02  1.135152E+05 -2.094230E+03 -8.279420E+03 _shell_0000000142   
       142   2  2.969170E+05  3.300161E+05 -4.031755E+03  1.215190E+05  1.051004E+04 -1.394294E+04 _shell_0000000142   
       142   3  3.230558E+05  3.477698E+05  6.036518E+03  1.096901E+05  1.085598E+04 -1.430140E+04 _shell_0000000142   
       142   4  3.198030E+05  3.368400E+05  2.778336E+03  1.176934E+05 -1.747068E+03 -7.916743E+03 _shell_0000000142   
       142   5 -3.002672E+05 -3.406463E+05  2.782582E+03 -1.139273E+05 -2.095914E+03 -8.174247E+03 _shell_0000000142   
       142   6 -2.970142E+05 -3.297697E+05  6.044591E+03 -1.219303E+05  1.050736E+04 -1.384743E+04 _shell_0000000142   
       142   7 -3.230417E+05 -3.474702E+05 -4.039834E+03 -1.101017E+05  1.084517E+04 -1.420066E+04 _shell_0000000142   
       142   8 -3.197772E+05 -3.365812E+05 -7.807390E+02 -1.181052E+05 -1.759357E+03 -7.825295E+03 _shell_0000000142   
       143   1  2.886794E+05  3.212401E+05 -2.300897E+02  1.412623E+05 -6.232750E+02 -6.873481E+03 _shell_0000000143   
       143   2  2.846098E+05  3.075982E+05 -4.289515E+03  1.489245E+05  1.144357E+04 -1.392921E+04 _shell_0000000143   
       143   3  3.105756E+05  3.277597E+05  6.294108E+03  1.364929E+05  1.188173E+04 -1.438256E+04 _shell_0000000143   
       143   4  3.065195E+05  3.141322E+05  2.231253E+03  1.441549E+05 -1.834324E+02 -6.416344E+03 _shell_0000000143   
       143   5 -2.887823E+05 -3.210306E+05  2.233850E+03 -1.417308E+05 -6.269583E+02 -6.791947E+03 _shell_0000000143   
       143   6 -2.847261E+05 -3.074685E+05  6.300305E+03 -1.493926E+05  1.143843E+04 -1.385897E+04 _shell_0000000143   
       143   7 -3.105879E+05 -3.275647E+05 -4.295710E+03 -1.369612E+05  1.186730E+04 -1.430505E+04 _shell_0000000143   
       143   8 -3.065180E+05 -3.139882E+05 -2.326846E+02 -1.446231E+05 -1.998100E+02 -6.349697E+03 _shell_0000000143   
       144   1  2.734898E+05  2.966636E+05  3.602466E+02  1.676831E+05  1.048669E+03 -5.311602E+03 _shell_0000000144   
       144   2  2.686277E+05  2.803652E+05 -4.491255E+03  1.748862E+05  1.239306E+04 -1.372812E+04 _shell_0000000144   
       144   3  2.940723E+05  3.027917E+05  6.495652E+03  1.619841E+05  1.292607E+04 -1.428469E+04 _shell_0000000144   
       144   4  2.892252E+05  2.865089E+05  1.640413E+03  1.691872E+05  1.583883E+03 -4.751753E+03 _shell_0000000144   
       144   5 -2.736064E+05 -2.965766E+05  1.641470E+03 -1.681875E+05  1.042264E+03 -5.257256E+03 _shell_0000000144   
       144   6 -2.687591E+05 -2.803695E+05  6.499424E+03 -1.753906E+05  1.238468E+04 -1.368616E+04 _shell_0000000144   
       144   7 -2.941081E+05 -3.027204E+05 -4.495019E+03 -1.624885E+05  1.290783E+04 -1.423388E+04 _shell_0000000144   
       144   8 -2.892457E+05 -2.864977E+05  3.591986E+02 -1.696915E+05  1.563165E+03 -4.712851E+03 _shell_0000000144   
       145   1  2.538983E+05  2.671403E+05  1.000104E+03  1.923486E+05  2.970437E+03 -3.602385E+03 _shell_0000000145   
       145   2  2.482657E+05  2.482604E+05 -4.622193E+03  1.989514E+05  1.337001E+04 -1.337001E+04 _shell_0000000145   
       145   3  2.727640E+05  2.727570E+05  6.626431E+03  1.857455E+05  1.399923E+04 -1.399923E+04 _shell_0000000145   
       145   4  2.671474E+05  2.538930E+05  1.000387E+03  1.923486E+05  3.602385E+03 -2.970437E+03 _shell_0000000145   
       145   5 -2.540210E+05 -2.671907E+05  1.000112E+03 -1.928668E+05  2.960827E+03 -3.577486E+03 _shell_0000000145   
       145   6 -2.484041E+05 -2.484094E+05  6.627279E+03 -1.994699E+05  1.335792E+04 -1.335791E+04 _shell_0000000145   
       145   7 -2.728166E+05 -2.728236E+05 -4.623027E+03 -1.862640E+05  1.397734E+04 -1.397733E+04 _shell_0000000145   
       145   8 -2.671837E+05 -2.540263E+05  1.000393E+03 -1.928668E+05  3.577487E+03 -2.960826E+03 _shell_0000000145   
       146   1  2.289552E+05  2.325850E+05  1.690258E+03  2.146649E+05  5.196571E+03 -1.743834E+03 _shell_0000000146   
       146   2  2.225938E+05  2.112652E+05 -4.662045E+03  2.205017E+05  1.439049E+04 -1.261722E+04 _shell_0000000146   
       146   3  2.456313E+05  2.375496E+05  6.666331E+03  2.072061E+05  1.511603E+04 -1.348830E+04 _shell_0000000146   
       146   4  2.392859E+05  2.162452E+05  3.106717E+02  2.130435E+05  5.925320E+03 -8.706137E+02 _shell_0000000146   
       146   5 -2.290729E+05 -2.327797E+05  3.091644E+02 -2.151736E+05  5.183742E+03 -1.749050E+03 _shell_0000000146   
       146   6 -2.227272E+05 -2.115585E+05  6.663934E+03 -2.210112E+05  1.437470E+04 -1.263486E+04 _shell_0000000146   
       146   7 -2.456904E+05 -2.377600E+05 -4.659631E+03 -2.077154E+05  1.509125E+04 -1.349593E+04 _shell_0000000146   
       146   8 -2.393288E+05 -2.165234E+05  1.691782E+03 -2.135525E+05  5.897044E+03 -8.901513E+02 _shell_0000000146   
       147   1  1.974799E+05  1.929416E+05  2.440142E+03  2.343708E+05  7.777687E+03  1.618966E+02 _shell_0000000147   
       147   2  1.904323E+05  1.693282E+05 -4.600531E+03  2.392530E+05  1.546851E+04 -1.264737E+04 _shell_0000000147   
       147   3  2.114277E+05  1.970938E+05  6.605050E+03  2.261058E+05  1.628739E+04 -1.285243E+04 _shell_0000000147   
       147   4  2.043949E+05  1.734942E+05 -4.380242E+02  2.309887E+05  8.600155E+03  3.685302E+02 _shell_0000000147   
       147   5 -1.975798E+05 -1.932746E+05 -4.408578E+02 -2.348455E+05  7.762437E+03  1.276379E+02 _shell_0000000147   
       147   6 -1.905468E+05 -1.697488E+05  6.599028E+03 -2.397285E+05  1.544993E+04 -1.269276E+04 _shell_0000000147   
       147   7 -2.114811E+05 -1.974410E+05 -4.594492E+03 -2.265812E+05  1.626143E+04 -1.288852E+04 _shell_0000000147   
       147   8 -2.044332E+05 -1.739013E+05  2.442992E+03 -2.314635E+05  8.570317E+03  3.218022E+02 _shell_0000000147   
       148   1  1.576796E+05  1.481610E+05  3.182259E+03  2.488877E+05  1.082235E+04  2.494103E+03 _shell_0000000148   
       148   2  1.501380E+05  1.229048E+05 -4.354886E+03  2.526079E+05  1.668460E+04 -7.093079E+03 _shell_0000000148   
       148   3  1.683100E+05  1.513252E+05  6.360237E+03  2.400415E+05  1.758225E+04 -1.143578E+04 _shell_0000000148   
       148   4  1.607810E+05  1.260803E+05 -1.177682E+03  2.437624E+05  1.172392E+04  6.837856E+03 _shell_0000000148   
       148   5 -1.577513E+05 -1.486064E+05 -1.183053E+03 -2.492990E+05  1.080639E+04  2.434557E+03 _shell_0000000148   
       148   6 -1.502222E+05 -1.234084E+05  6.350551E+03 -2.530216E+05  1.666498E+04 -7.161398E+03 _shell_0000000148   
       148   7 -1.683465E+05 -1.517823E+05 -4.345186E+03 -2.404535E+05  1.755783E+04 -1.149659E+04 _shell_0000000148   
       148   8 -1.608047E+05 -1.265730E+05  3.187643E+03 -2.441753E+05  1.169530E+04  6.768680E+03 _shell_0000000148   
       149   1  1.086620E+05  9.848089E+04  4.186414E+03  2.675569E+05  1.411061E+04  2.920743E+03 _shell_0000000149   
       149   2  1.002579E+05  7.035530E+04 -4.215884E+03  2.699359E+05  1.785464E+04 -2.984497E+04 _shell_0000000149   
       149   3  1.154537E+05  1.005009E+05  6.222302E+03  2.576963E+05  1.882275E+04 -1.260677E+04 _shell_0000000149   
       149   4  1.070590E+05  7.238354E+04 -2.178325E+03  2.600760E+05  1.508233E+04 -1.431680E+04 _shell_0000000149   
       149   5 -1.087042E+05 -9.898537E+04 -2.188683E+03 -2.678611E+05  1.409737E+04  2.838569E+03 _shell_0000000149   
       149   6 -1.003095E+05 -7.087116E+04  6.207920E+03 -2.702350E+05  1.783808E+04 -2.993271E+04 _shell_0000000149   
       149   7 -1.154668E+05 -1.010141E+05 -4.201493E+03 -2.580013E+05  1.880437E+04 -1.268975E+04 _shell_0000000149   
       149   8 -1.070626E+05 -7.289161E+04  4.196781E+03 -2.603744E+05  1.506002E+04 -1.440505E+04 _shell_0000000149   
       150   1  4.185535E+04  4.320347E+04  3.818995E+03  2.360949E+05  1.894012E+04  1.344508E+04 _shell_0000000150   
       150   2  3.550882E+04  2.199890E+04 -2.529510E+03  2.368991E+05  2.023750E+04  1.000038E+05 _shell_0000000150   
       150   3  4.421871E+04  4.390155E+04  4.537200E+03  2.286472E+05  2.126392E+04  1.716959E+03 _shell_0000000150   
       150   4  3.787696E+04  2.270112E+04 -1.805788E+03  2.294519E+05  1.997203E+04  1.117323E+05 _shell_0000000150   
       150   5 -4.188428E+04 -4.367969E+04 -1.824796E+03 -2.362240E+05  1.893490E+04  1.336336E+04 _shell_0000000150   
       150   6 -3.554253E+04 -2.240610E+04  4.514978E+03 -2.370641E+05  2.022694E+04  9.992138E+04 _shell_0000000150   
       150   7 -4.421021E+04 -4.438230E+04 -2.507286E+03 -2.287768E+05  2.125794E+04  1.634875E+03 _shell_0000000150   
       150   8 -3.786367E+04 -2.310457E+04  3.838006E+03 -2.296164E+05  1.996037E+04  1.116495E+05 _shell_0000000150   
       151   1  3.924759E+04  2.383729E+04 -2.638706E+03 -2.064716E+05 -2.184740E+04  8.584745E+04 _shell_0000000151   
       151   2  4.593056E+04  4.618145E+04  4.044790E+03 -2.058075E+05 -2.077331E+04  1.284960E+04 _shell_0000000151   
       151   3  4.121781E+04  2.441917E+04 -2.028753E+03 -1.986285E+05 -2.163300E+04  9.819707E+04 _shell_0000000151   
       151   4  4.789583E+04  4.675905E+04  4.648104E+03 -1.979659E+05 -2.270292E+04  4.990672E+02 _shell_0000000151   
       151   5 -3.927670E+04 -2.392017E+04  4.621698E+03  2.066723E+05 -2.183248E+04  8.576584E+04 _shell_0000000151   
       151   6 -4.595471E+04 -4.630624E+04 -2.055781E+03  2.059748E+05 -2.076242E+04  1.276835E+04 _shell_0000000151   
       151   7 -4.118940E+04 -2.449812E+04  4.071818E+03  1.988307E+05 -2.161739E+04  9.811642E+04 _shell_0000000151   
       151   8 -4.787236E+04 -4.688848E+04 -2.612301E+03  1.981318E+05 -2.269163E+04  4.186834E+02 _shell_0000000151   
       152   1  1.112310E+05  7.572800E+04 -4.294386E+03 -2.355710E+05 -1.916978E+04 -2.727813E+04 _shell_0000000152   
       152   2  1.201301E+05  1.054962E+05  4.599244E+03 -2.335834E+05 -1.604420E+04  4.202785E+03 _shell_0000000152   
       152   3  1.169121E+05  7.742187E+04 -2.587472E+03 -2.251289E+05 -1.685664E+04 -1.083580E+04 _shell_0000000152   
       152   4  1.258017E+05  1.071819E+05  6.302875E+03 -2.231429E+05 -1.997929E+04 -1.224050E+04 _shell_0000000152   
       152   5 -1.112316E+05 -7.588073E+04  6.289986E+03  2.359598E+05 -1.913918E+04 -2.736546E+04 _shell_0000000152   
       152   6 -1.201212E+05 -1.056662E+05 -2.605137E+03  2.339796E+05 -1.601625E+04  4.120315E+03 _shell_0000000152   
       152   7 -1.168660E+05 -7.756685E+04  4.616910E+03  2.255194E+05 -1.682099E+04 -1.092204E+04 _shell_0000000152   
       152   8 -1.257652E+05 -1.073605E+05 -4.281496E+03  2.235376E+05 -1.994687E+04 -1.232216E+04 _shell_0000000152   
       153   1  1.676331E+05  1.322491E+05 -4.349355E+03 -2.207428E+05 -1.773494E+04 -7.312405E+03 _shell_0000000153   
       153   2  1.756739E+05  1.591519E+05  3.682797E+03 -2.176114E+05 -1.280168E+04  3.806675E+03 _shell_0000000153   
       153   3  1.765873E+05  1.349221E+05 -1.674275E+03 -2.113103E+05 -1.357591E+04  7.540741E+03 _shell_0000000153   
       153   4  1.846155E+05  1.618139E+05  6.357098E+03 -2.081801E+05 -1.850576E+04 -1.104677E+04 _shell_0000000153   
       153   5 -1.676022E+05 -1.324295E+05  6.352906E+03  2.212608E+05 -1.769438E+04 -7.381192E+03 _shell_0000000153   
       153   6 -1.756305E+05 -1.593235E+05 -1.684112E+03  2.181289E+05 -1.276429E+04  3.745849E+03 _shell_0000000153   
       153   7 -1.765098E+05 -1.350919E+05  3.692639E+03  2.118295E+05 -1.352715E+04  7.472441E+03 _shell_0000000153   
       153   8 -1.845507E+05 -1.619968E+05 -4.345158E+03  2.086965E+05 -1.846067E+04 -1.110750E+04 _shell_0000000153   
       154   1  2.136691E+05  1.824891E+05 -4.545365E+03 -2.094679E+05 -1.627308E+04 -1.203784E+04 _shell_0000000154   
       154   2  2.212429E+05  2.078404E+05  3.017869E+03 -2.053213E+05 -9.741915E+03  1.804467E+03 _shell_0000000154   
       154   3  2.255214E+05  1.860276E+05 -1.012433E+03 -2.005850E+05 -1.045304E+04  1.950325E+03 _shell_0000000154   
       154   4  2.330805E+05  2.113656E+05  6.552070E+03 -1.964392E+05 -1.698076E+04 -1.218325E+04 _shell_0000000154   
       154   5 -2.136108E+05 -1.826548E+05  6.553159E+03  2.100282E+05 -1.622846E+04 -1.208479E+04 _shell_0000000154   
       154   6 -2.211700E+05 -2.079662E+05 -1.016615E+03  2.058823E+05 -9.700495E+03  1.767877E+03 _shell_0000000154   
       154   7 -2.254077E+05 -1.861803E+05  3.022059E+03  2.011462E+05 -1.039790E+04  1.903149E+03 _shell_0000000154   
       154   8 -2.329816E+05 -2.115051E+05 -4.546447E+03  1.969995E+05 -1.692933E+04 -1.222054E+04 _shell_0000000154   
       155   1  2.507023E+05  2.281541E+05 -4.566285E+03 -1.934430E+05 -1.496227E+04 -1.187851E+04 _shell_0000000155   
       155   2  2.575929E+05  2.512285E+05  2.312739E+03 -1.884424E+05 -7.085780E+03  1.097449E+02 _shell_0000000155   
       155   3  2.649979E+05  2.324211E+05 -3.097540E+02 -1.853629E+05 -7.724736E+03  8.462658E+02 _shell_0000000155   
       155   4  2.718729E+05  2.554808E+05  6.572007E+03 -1.803626E+05 -1.559781E+04 -1.261372E+04 _shell_0000000155   
       155   5 -2.506223E+05 -2.282580E+05  6.576337E+03  1.939986E+05 -1.491753E+04 -1.189883E+04 _shell_0000000155   
       155   6 -2.574974E+05 -2.512689E+05 -3.103881E+02  1.889981E+05 -7.044226E+03  1.012015E+02 _shell_0000000155   
       155   7 -2.648485E+05 -2.325105E+05  2.313382E+03  1.859189E+05 -7.668112E+03  8.248705E+02 _shell_0000000155   
       155   8 -2.717392E+05 -2.555361E+05 -4.570606E+03  1.809181E+05 -1.554487E+04 -1.262384E+04 _shell_0000000155   
       156   1  2.804164E+05  2.686899E+05 -4.489872E+03 -1.748778E+05 -1.372813E+04 -1.239307E+04 _shell_0000000156   
       156   2  2.865601E+05  2.892707E+05  1.641936E+03 -1.691788E+05 -4.751770E+03 -1.583877E+03 _shell_0000000156   
       156   3  2.967117E+05  2.735521E+05  3.591762E+02 -1.676747E+05 -5.311600E+03 -1.048684E+03 _shell_0000000156   
       156   4  3.028397E+05  2.941177E+05  6.494555E+03 -1.619756E+05 -1.428468E+04 -1.292606E+04 _shell_0000000156   
       156   5 -2.803181E+05 -2.686967E+05  6.500805E+03  1.753990E+05 -1.368615E+04 -1.238468E+04 _shell_0000000156   
       156   6 -2.864463E+05 -2.892001E+05  3.607209E+02  1.696999E+05 -4.712848E+03 -1.563179E+03 _shell_0000000156   
       156   7 -2.965284E+05 -2.735440E+05  1.640399E+03  1.681959E+05 -5.257273E+03 -1.042261E+03 _shell_0000000156   
       156   8 -3.026723E+05 -2.940626E+05 -4.496113E+03  1.624969E+05 -1.423390E+04 -1.290784E+04 _shell_0000000156   
       157   1  3.040644E+05  3.040611E+05 -4.322363E+03 -1.539953E+05 -1.255453E+04 -1.255453E+04 _shell_0000000157   
       157   2  3.093999E+05  3.219391E+05  1.001436E+03 -1.477408E+05 -2.703129E+03 -3.181347E+03 _shell_0000000157   
       157   3  3.219513E+05  3.093965E+05  9.985241E+02 -1.477408E+05 -3.181352E+03 -2.703127E+03 _shell_0000000157   
       157   4  3.272719E+05  3.272597E+05  6.326209E+03 -1.414858E+05 -1.302968E+04 -1.302968E+04 _shell_0000000157   
       157   5 -3.039474E+05 -3.039508E+05  6.333868E+03  1.544645E+05 -1.251713E+04 -1.251713E+04 _shell_0000000157   
       157   6 -3.092682E+05 -3.217479E+05  1.001438E+03  1.482096E+05 -2.668585E+03 -3.131920E+03 _shell_0000000157   
       157   7 -3.217357E+05 -3.092715E+05  9.985281E+02  1.482096E+05 -3.131925E+03 -2.668583E+03 _shell_0000000157   
       157   8 -3.270713E+05 -3.270835E+05 -4.330014E+03  1.419551E+05 -1.298359E+04 -1.298359E+04 _shell_0000000157   
       158   1  3.226600E+05  3.342073E+05 -4.082411E+03 -1.313341E+05 -1.142272E+04 -1.257018E+04 _shell_0000000158   
       158   2  3.271482E+05  3.492491E+05  3.949719E+02 -1.246488E+05 -8.930007E+02 -4.676345E+03 _shell_0000000158   
       158   3  3.417804E+05  3.399092E+05  1.604415E+03 -1.260734E+05 -1.289145E+03 -4.283255E+03 _shell_0000000158   
       158   4  3.462553E+05  3.549373E+05  6.085571E+03 -1.193874E+05 -1.181603E+04 -1.295939E+04 _shell_0000000158   
       158   5 -3.225222E+05 -3.339754E+05  6.094304E+03  1.317386E+05 -1.139093E+04 -1.250518E+04 _shell_0000000158   
       158   6 -3.269972E+05 -3.489410E+05  1.608446E+03  1.250528E+05 -8.638418E+02 -4.600294E+03 _shell_0000000158   
       158   7 -3.415341E+05 -3.396637E+05  3.909435E+02  1.264773E+05 -1.246334E+03 -4.221945E+03 _shell_0000000158   
       158   8 -3.460224E+05 -3.546430E+05 -4.091141E+03  1.197921E+05 -1.177631E+04 -1.288746E+04 _shell_0000000158   
       159   1  3.369914E+05  3.591203E+05 -3.783830E+03 -1.073002E+05 -1.031900E+04 -1.241486E+04 _shell_0000000159   
       159   2  3.406056E+05  3.712345E+05 -1.789956E+02 -1.002910E+05  7.208349E+02 -6.055012E+03 _shell_0000000159   
       159   3  3.570389E+05  3.650973E+05  2.178252E+03 -1.030644E+05  4.060855E+02 -5.741334E+03 _shell_0000000159   
       159   4  3.606419E+05  3.771996E+05  5.786442E+03 -9.605425E+04 -1.063116E+04 -1.272395E+04 _shell_0000000159   
       159   5 -3.368318E+05 -3.587747E+05  5.795956E+03  1.076296E+05 -1.029334E+04 -1.232509E+04 _shell_0000000159   
       159   6 -3.404349E+05 -3.708231E+05  2.183407E+03  1.006198E+05  7.441109E+02 -5.955741E+03 _shell_0000000159   
       159   7 -3.567646E+05 -3.647399E+05 -1.841520E+02  1.033929E+05  4.412399E+02 -5.656004E+03 _shell_0000000159   
       159   8 -3.603790E+05 -3.768001E+05 -3.793344E+03  9.638394E+04 -1.059885E+04 -1.262947E+04 _shell_0000000159   
       160   1  3.476609E+05  3.788094E+05 -3.438390E+03 -8.224993E+04 -9.230589E+03 -1.210499E+04 _shell_0000000160   
       160   2  3.503838E+05  3.879366E+05 -7.229257E+02 -7.500697E+04  2.177256E+03 -7.311056E+03 _shell_0000000160   
       160   3  3.683766E+05  3.849843E+05  2.722335E+03 -7.905902E+04  1.942619E+03 -7.076643E+03 _shell_0000000160   
       160   4  3.710908E+05  3.941021E+05  5.440515E+03 -7.181504E+04 -9.462844E+03 -1.233424E+04 _shell_0000000160   
       160   5 -3.474809E+05 -3.783665E+05  5.450428E+03  8.249521E+04 -9.211196E+03 -1.199446E+04 _shell_0000000160   
       160   6 -3.501952E+05 -3.874421E+05  2.728682E+03  7.525158E+04  2.194467E+03 -7.193010E+03 _shell_0000000160   
       160   7 -3.680788E+05 -3.845320E+05 -7.292783E+02  7.930331E+04  1.969541E+03 -6.971166E+03 _shell_0000000160   
       160   8 -3.708018E+05 -3.936170E+05 -3.448308E+03  7.206070E+04 -9.438554E+03 -1.222153E+04 _shell_0000000160   
       161   1  3.551112E+05  3.932925E+05 -3.055042E+03 -5.648156E+04 -8.144617E+03 -1.164711E+04 _shell_0000000161   
       161   2  3.569318E+05  3.993954E+05 -1.239539E+03 -4.908157E+04  3.510487E+03 -8.440644E+03 _shell_0000000161   
       161   3  3.762751E+05  3.995998E+05  3.239274E+03 -5.434836E+04  3.354619E+03 -8.284120E+03 _shell_0000000161   
       161   4  3.780897E+05  4.056962E+05  5.056708E+03 -4.694724E+04 -8.298270E+03 -1.179804E+04 _shell_0000000161   
       161   5 -3.549151E+05 -3.927747E+05  5.066603E+03  5.663551E+04 -8.131471E+03 -1.152071E+04 _shell_0000000161   
       161   6 -3.567298E+05 -3.988422E+05  3.246823E+03  4.923479E+04  3.521614E+03 -8.309049E+03 _shell_0000000161   
       161   7 -3.759606E+05 -3.990755E+05 -1.247097E+03  5.450120E+04  3.373031E+03 -8.163249E+03 _shell_0000000161   
       161   8 -3.777813E+05 -4.051494E+05 -3.064946E+03  4.710161E+04 -8.282320E+03 -1.167216E+04 _shell_0000000161   
       162   1  3.596453E+05  4.025869E+05 -2.640262E+03 -3.025012E+04 -7.047018E+03 -1.104764E+04 _shell_0000000162   
       162   2  3.605571E+05  4.056433E+05 -1.730888E+03 -2.275989E+04  4.750170E+03 -9.441414E+03 _shell_0000000162   
       162   3  3.810660E+05  4.089695E+05  3.731044E+03 -2.918210E+04  4.672007E+03 -9.361892E+03 _shell_0000000162   
       162   4  3.819747E+05  4.120226E+05  4.641471E+03 -2.169068E+04 -7.123071E+03 -1.112131E+04 _shell_0000000162   
       162   5 -3.594399E+05 -4.020199E+05  4.650921E+03  3.030788E+04 -7.040025E+03 -1.091092E+04 _shell_0000000162   
       162   6 -3.603487E+05 -4.050585E+05  3.739703E+03  2.281689E+04  4.755248E+03 -9.302026E+03 _shell_0000000162   
       162   7 -3.807435E+05 -4.083992E+05 -1.739559E+03  2.923869E+04  4.681806E+03 -9.231006E+03 _shell_0000000162   
       162   8 -3.816553E+05 -4.114410E+05 -2.649723E+03  2.174888E+04 -7.115627E+03 -1.098785E+04 _shell_0000000162   
       163   1  3.614399E+05  4.067029E+05 -2.198295E+03 -3.780178E+03 -5.921743E+03 -1.031125E+04 _shell_0000000163   
       163   2  3.614399E+05  4.067027E+05 -2.197882E+03  3.739475E+03  5.921760E+03 -1.031126E+04 _shell_0000000163   
       163   3  3.829430E+05  4.131089E+05  4.198503E+03 -3.780780E+03  5.920708E+03 -1.030828E+04 _shell_0000000163   
       163   4  3.829430E+05  4.131087E+05  4.199048E+03  3.740079E+03 -5.920721E+03 -1.030829E+04 _shell_0000000163   
       163   5 -3.612336E+05 -4.061147E+05  4.207654E+03  3.739892E+03 -5.920817E+03 -1.017015E+04 _shell_0000000163   
       163   6 -3.612337E+05 -4.061150E+05  4.208066E+03 -3.780525E+03  5.920805E+03 -1.017014E+04 _shell_0000000163   
       163   7 -3.826226E+05 -4.125207E+05 -2.207458E+03  3.739288E+03  5.921882E+03 -1.017315E+04 _shell_0000000163   
       163   8 -3.826226E+05 -4.125209E+05 -2.206914E+03 -3.779923E+03 -5.921865E+03 -1.017314E+04 _shell_0000000163   
       164   1  3.605519E+05  4.056411E+05 -1.731433E+03  2.271996E+04 -4.750153E+03 -9.441401E+03 _shell_0000000164   
       164   2  3.596400E+05  4.025841E+05 -2.639963E+03  3.021020E+04  7.047036E+03 -1.104765E+04 _shell_0000000164   
       164   3  3.819689E+05  4.120204E+05  4.641061E+03  2.165076E+04  7.123058E+03 -1.112130E+04 _shell_0000000164   
       164   4  3.810602E+05  4.089667E+05  3.731740E+03  2.914218E+04 -4.672020E+03 -9.361909E+03 _shell_0000000164   
       164   5 -3.603540E+05 -4.050608E+05  3.739159E+03 -2.285674E+04 -4.755260E+03 -9.302043E+03 _shell_0000000164   
       164   6 -3.594453E+05 -4.020228E+05  4.651219E+03 -3.034774E+04  7.040013E+03 -1.091091E+04 _shell_0000000164   
       164   7 -3.816612E+05 -4.114433E+05 -2.650133E+03 -2.178874E+04  7.115644E+03 -1.098787E+04 _shell_0000000164   
       164   8 -3.807494E+05 -4.084019E+05 -1.738864E+03 -2.927854E+04 -4.681790E+03 -9.230994E+03 _shell_0000000164   
       165   1  3.569210E+05  3.993903E+05 -1.240248E+03  4.904406E+04 -3.510471E+03 -8.440633E+03 _shell_0000000165   
       165   2  3.551003E+05  3.932865E+05 -3.054857E+03  5.644406E+04  8.144634E+03 -1.164712E+04 _shell_0000000165   
       165   3  3.780779E+05  4.056911E+05  5.056431E+03  4.690974E+04  8.298258E+03 -1.179803E+04 _shell_0000000165   
       165   4  3.762634E+05  3.995938E+05  3.240146E+03  5.431086E+04 -3.354632E+03 -8.284137E+03 _shell_0000000165   
       165   5 -3.567406E+05 -3.988472E+05  3.246115E+03 -4.927223E+04 -3.521627E+03 -8.309065E+03 _shell_0000000165   
       165   6 -3.549260E+05 -3.927808E+05  5.066788E+03 -5.667295E+04  8.131460E+03 -1.152070E+04 _shell_0000000165   
       165   7 -3.777931E+05 -4.051545E+05 -3.065223E+03 -4.713905E+04  8.282336E+03 -1.167218E+04 _shell_0000000165   
       165   8 -3.759724E+05 -3.990815E+05 -1.246227E+03 -5.453865E+04 -3.373016E+03 -8.163237E+03 _shell_0000000165   
       166   1  3.503670E+05  3.879278E+05 -7.238435E+02  7.497377E+04 -2.177243E+03 -7.311046E+03 _shell_0000000166   
       166   2  3.476440E+05  3.787987E+05 -3.438339E+03  8.221673E+04  9.230605E+03 -1.210500E+04 _shell_0000000166   
       166   3  3.710729E+05  3.940933E+05  5.440388E+03  7.178184E+04  9.462833E+03 -1.233423E+04 _shell_0000000166   
       166   4  3.683588E+05  3.849736E+05  2.723411E+03  7.902582E+04 -1.942633E+03 -7.076658E+03 _shell_0000000166   
       166   5 -3.502121E+05 -3.874510E+05  2.727766E+03 -7.528472E+04 -2.194480E+03 -7.193026E+03 _shell_0000000166   
       166   6 -3.474979E+05 -3.783772E+05  5.450480E+03 -8.252836E+04  9.211186E+03 -1.199445E+04 _shell_0000000166   
       166   7 -3.708198E+05 -3.936259E+05 -3.448436E+03 -7.209385E+04  9.438569E+03 -1.222154E+04 _shell_0000000166   
       166   8 -3.680968E+05 -3.845427E+05 -7.282035E+02 -7.933646E+04 -1.969529E+03 -6.971156E+03 _shell_0000000166   
       167   1  3.405821E+05  3.712201E+05 -1.801698E+02  1.002644E+05 -7.208249E+02 -6.055003E+03 _shell_0000000167   
       167   2  3.369678E+05  3.591028E+05 -3.783965E+03  1.072736E+05  1.031902E+04 -1.241487E+04 _shell_0000000167   
       167   3  3.606178E+05  3.771852E+05  5.786501E+03  9.602763E+04  1.063115E+04 -1.272394E+04 _shell_0000000167   
       167   4  3.570148E+05  3.650798E+05  2.179549E+03  1.030378E+05 -4.060985E+02 -5.741347E+03 _shell_0000000167   
       167   5 -3.404585E+05 -3.708375E+05  2.182235E+03 -1.006463E+05 -7.441230E+02 -5.955754E+03 _shell_0000000167   
       167   6 -3.368554E+05 -3.587923E+05  5.795822E+03 -1.076562E+05  1.029333E+04 -1.232508E+04 _shell_0000000167   
       167   7 -3.604032E+05 -3.768146E+05 -3.793287E+03 -9.641051E+04  1.059886E+04 -1.262948E+04 _shell_0000000167   
       167   8 -3.567888E+05 -3.647575E+05 -1.828570E+02 -1.034195E+05 -4.412309E+02 -5.655995E+03 _shell_0000000167   
       168   1  3.271174E+05  3.492264E+05  3.935076E+02  1.246315E+05  8.930052E+02 -4.676339E+03 _shell_0000000168   
       168   2  3.226292E+05  3.341792E+05 -4.082817E+03  1.313168E+05  1.142272E+04 -1.257018E+04 _shell_0000000168   
       168   3  3.462251E+05  3.549146E+05  6.085878E+03  1.193701E+05  1.181602E+04 -1.295938E+04 _shell_0000000168   
       168   4  3.417502E+05  3.398811E+05  1.605909E+03  1.260561E+05  1.289134E+03 -4.283262E+03 _shell_0000000168   
       168   5 -3.270281E+05 -3.489638E+05  1.606983E+03 -1.250701E+05  8.638319E+02 -4.600302E+03 _shell_0000000168   
       168   6 -3.225531E+05 -3.340037E+05  6.093900E+03 -1.317559E+05  1.139093E+04 -1.250517E+04 _shell_0000000168   
       168   7 -3.460528E+05 -3.546658E+05 -4.090836E+03 -1.198094E+05  1.177631E+04 -1.288746E+04 _shell_0000000168   
       168   8 -3.415644E+05 -3.396919E+05  3.924361E+02 -1.264945E+05  1.246338E+03 -4.221939E+03 _shell_0000000168   
       169   1  3.093620E+05  3.219038E+05  9.996949E+02  1.477359E+05  2.703126E+03 -3.181345E+03 _shell_0000000169   
       169   2  3.040265E+05  3.040167E+05 -4.323177E+03  1.539905E+05  1.255453E+04 -1.255453E+04 _shell_0000000169   
       169   3  3.272365E+05  3.272244E+05  6.326845E+03  1.414809E+05  1.302968E+04 -1.302968E+04 _shell_0000000169   
       169   4  3.219158E+05  3.093521E+05  1.000102E+03  1.477359E+05  3.181346E+03 -2.703125E+03 _shell_0000000169   
       169   5 -3.093062E+05 -3.217833E+05  9.996988E+02 -1.482144E+05  2.668580E+03 -3.131920E+03 _shell_0000000169   
       169   6 -3.039854E+05 -3.039953E+05  6.333056E+03 -1.544693E+05  1.251713E+04 -1.251713E+04 _shell_0000000169   
       169   7 -3.271069E+05 -3.271189E+05 -4.329381E+03 -1.419599E+05  1.298359E+04 -1.298358E+04 _shell_0000000169   
       169   8 -3.217713E+05 -3.093160E+05  1.000104E+03 -1.482144E+05  3.131921E+03 -2.668579E+03 _shell_0000000169   
       170   1  2.865166E+05  2.892163E+05  1.640068E+03  1.691892E+05  4.751753E+03 -1.583882E+03 _shell_0000000170   
       170   2  2.803729E+05  2.686210E+05 -4.491193E+03  1.748882E+05  1.372812E+04 -1.239305E+04 _shell_0000000170   
       170   3  3.028011E+05  2.940634E+05  6.495590E+03  1.619861E+05  1.428469E+04 -1.292607E+04 _shell_0000000170   
       170   4  2.966730E+05  2.734832E+05  3.605801E+02  1.676851E+05  5.311604E+03 -1.048668E+03 _shell_0000000170   
       170   5 -2.864900E+05 -2.892546E+05  3.588544E+02 -1.696895E+05  4.712852E+03 -1.563164E+03 _shell_0000000170   
       170   6 -2.803617E+05 -2.687658E+05  6.499486E+03 -1.753886E+05  1.368616E+04 -1.238468E+04 _shell_0000000170   
       170   7 -3.027110E+05 -2.941170E+05 -4.495080E+03 -1.624865E+05  1.423389E+04 -1.290782E+04 _shell_0000000170   
       170   8 -2.965672E+05 -2.736130E+05  1.641802E+03 -1.681855E+05  5.257256E+03 -1.042264E+03 _shell_0000000170   
       171   1  2.575477E+05  2.511460E+05  2.311108E+03  1.884694E+05  7.085748E+03  1.097295E+02 _shell_0000000171   
       171   2  2.506572E+05  2.280497E+05 -4.568065E+03  1.934700E+05  1.496224E+04 -1.187847E+04 _shell_0000000171   
       171   3  2.718347E+05  2.553983E+05  6.573418E+03  1.803896E+05  1.559783E+04 -1.261374E+04 _shell_0000000171   
       171   4  2.649596E+05  2.323166E+05 -3.089399E+02  1.853899E+05  7.724753E+03  8.463017E+02 _shell_0000000171   
       171   5 -2.575427E+05 -2.513515E+05 -3.120177E+02 -1.889711E+05  7.044243E+03  1.012359E+02 _shell_0000000171   
       171   6 -2.506675E+05 -2.283624E+05  6.574559E+03 -1.939717E+05  1.491755E+04 -1.189885E+04 _shell_0000000171   
       171   7 -2.717775E+05 -2.556187E+05 -4.569197E+03 -1.808911E+05  1.554484E+04 -1.262381E+04 _shell_0000000171   
       171   8 -2.648868E+05 -2.326150E+05  2.314195E+03 -1.858920E+05  7.668079E+03  8.248567E+02 _shell_0000000171   
       172   1  2.212026E+05  2.077185E+05  3.017078E+03  2.053622E+05  9.741864E+03  1.804438E+03 _shell_0000000172   
       172   2  2.136290E+05  1.823377E+05 -4.547163E+03  2.095088E+05  1.627303E+04 -1.203778E+04 _shell_0000000172   
       172   3  2.330475E+05  2.112438E+05  6.553627E+03  1.964802E+05  1.698080E+04 -1.218328E+04 _shell_0000000172   
       172   4  2.254882E+05  1.858761E+05 -1.012660E+03  2.006260E+05  1.045307E+04  1.950383E+03 _shell_0000000172   
       172   5 -2.212103E+05 -2.080882E+05 -1.017404E+03 -2.058413E+05  9.700531E+03  1.767934E+03 _shell_0000000172   
       172   6 -2.136510E+05 -1.828063E+05  6.551364E+03 -2.099873E+05  1.622850E+04 -1.208482E+04 _shell_0000000172   
       172   7 -2.330147E+05 -2.116269E+05 -4.544892E+03 -1.969586E+05  1.692929E+04 -1.222048E+04 _shell_0000000172   
       172   8 -2.254409E+05 -1.863319E+05  3.021830E+03 -2.011053E+05  1.039785E+04  1.903121E+03 _shell_0000000172   
       173   1  1.756457E+05  1.589801E+05  3.683451E+03  2.176582E+05  1.280162E+04  3.806632E+03 _shell_0000000173   
       173   2  1.676050E+05  1.320428E+05 -4.350327E+03  2.207896E+05  1.773487E+04 -7.312329E+03 _shell_0000000173   
       173   3  1.845921E+05  1.616422E+05  6.358289E+03  2.082268E+05  1.850581E+04 -1.104681E+04 _shell_0000000173   
       173   4  1.765637E+05  1.347156E+05 -1.675768E+03  2.113570E+05  1.357596E+04  7.540817E+03 _shell_0000000173   
       173   5 -1.756588E+05 -1.594954E+05 -1.683456E+03 -2.180823E+05  1.276434E+04  3.745925E+03 _shell_0000000173   
       173   6 -1.676303E+05 -1.326359E+05  6.351937E+03 -2.212141E+05  1.769443E+04 -7.381234E+03 _shell_0000000173   
       173   7 -1.845742E+05 -1.621686E+05 -4.343970E+03 -2.086498E+05  1.846061E+04 -1.110743E+04 _shell_0000000173   
       173   8 -1.765335E+05 -1.352985E+05  3.691144E+03 -2.117828E+05  1.352709E+04  7.472399E+03 _shell_0000000173   
       174   1  1.201176E+05  1.052690E+05  4.601538E+03  2.336222E+05  1.604413E+04  4.202738E+03 _shell_0000000174   
       174   2  1.112187E+05  7.546799E+04 -4.293623E+03  2.356099E+05  1.916972E+04 -2.727805E+04 _shell_0000000174   
       174   3  1.257893E+05  1.069548E+05  6.303024E+03  2.231818E+05  1.997936E+04 -1.224054E+04 _shell_0000000174   
       174   4  1.168995E+05  7.716169E+04 -2.589973E+03  2.251677E+05  1.685670E+04 -1.083573E+04 _shell_0000000174   
       174   5 -1.201337E+05 -1.058935E+05 -2.602841E+03 -2.339408E+05  1.601631E+04  4.120393E+03 _shell_0000000174   
       174   6 -1.112438E+05 -7.614081E+04  6.290753E+03 -2.359210E+05  1.913924E+04 -2.736551E+04 _shell_0000000174   
       174   7 -1.257776E+05 -1.075876E+05 -4.281349E+03 -2.234988E+05  1.994681E+04 -1.232208E+04 _shell_0000000174   
       174   8 -1.168786E+05 -7.782710E+04  4.614408E+03 -2.254807E+05  1.682093E+04 -1.092209E+04 _shell_0000000174   
       175   1  4.593004E+04  4.590390E+04  4.048143E+03  2.058233E+05  2.077326E+04  1.284957E+04 _shell_0000000175   
       175   2  3.924720E+04  2.353737E+04 -2.635763E+03  2.064874E+05  2.184735E+04  8.584752E+04 _shell_0000000175   
       175   3  4.789096E+04  4.648162E+04  4.646689E+03  1.979817E+05  2.270297E+04  4.990270E+02 _shell_0000000175   
       175   4  4.121281E+04  2.411911E+04 -2.031458E+03  1.986443E+05  2.163305E+04  9.819714E+04 _shell_0000000175   
       175   5 -4.595520E+04 -4.658385E+04 -2.052428E+03 -2.059591E+05  2.076247E+04  1.276841E+04 _shell_0000000175   
       175   6 -3.927706E+04 -2.422015E+04  4.624642E+03 -2.066566E+05  2.183253E+04  8.576581E+04 _shell_0000000175   
       175   7 -4.787720E+04 -4.716595E+04 -2.613717E+03 -1.981161E+05  2.269159E+04  4.187411E+02 _shell_0000000175   
       175   8 -4.119438E+04 -2.479823E+04  4.069113E+03 -1.988150E+05  2.161733E+04  9.811639E+04 _shell_0000000175   
       176   1  4.231349E+04  2.495346E+04 -2.711834E+03 -1.746350E+05 -2.316900E+04  7.108127E+04 _shell_0000000176   
       176   2  4.925746E+04  4.821344E+04  4.231875E+03 -1.740956E+05 -2.229525E+04  1.209371E+04 _shell_0000000176   
       176   3  4.391933E+04  2.542706E+04 -2.212763E+03 -1.664844E+05 -2.297568E+04  8.391329E+04 _shell_0000000176   
       176   4  5.085886E+04  4.868324E+04  4.725007E+03 -1.659482E+05 -2.384643E+04 -7.403406E+02 _shell_0000000176   
       176   5 -4.233807E+04 -2.536752E+04  4.701758E+03  1.748168E+05 -2.315024E+04  7.100505E+04 _shell_0000000176   
       176   6 -4.927757E+04 -4.858698E+04 -2.237999E+03  1.742484E+05 -2.227935E+04  1.201779E+04 _shell_0000000176   
       176   7 -4.389164E+04 -2.583764E+04  4.257108E+03  1.666694E+05 -2.295630E+04  8.383913E+04 _shell_0000000176   
       176   8 -5.083557E+04 -4.906089E+04 -2.688587E+03  1.660978E+05 -2.383018E+04 -8.142781E+02 _shell_0000000176   
       177   1  1.202974E+05  7.972107E+04 -4.319062E+03 -1.995034E+05 -2.022872E+04 -2.452010E+04 _shell_0000000177   
       177   2  1.295623E+05  1.107434E+05  4.939163E+03 -1.978802E+05 -1.767862E+04  5.295582E+03 _shell_0000000177   
       177   3  1.249351E+05  8.110336E+04 -2.924646E+03 -1.886303E+05 -1.832550E+04 -7.401486E+03 _shell_0000000177   
       177   4  1.341914E+05  1.121185E+05  6.330629E+03 -1.870109E+05 -2.087329E+04 -1.182542E+04 _shell_0000000177   
       177   5 -1.202821E+05 -8.006670E+04  6.320377E+03  1.998561E+05 -2.018531E+04 -2.460204E+04 _shell_0000000177   
       177   6 -1.295384E+05 -1.110500E+05 -2.942567E+03  1.982421E+05 -1.763729E+04  5.217990E+03 _shell_0000000177   
       177   7 -1.248768E+05 -8.144214E+04  4.957079E+03  1.889870E+05 -1.827759E+04 -7.480909E+03 _shell_0000000177   
       177   8 -1.341416E+05 -1.124327E+05 -4.308816E+03  1.873691E+05 -2.082794E+04 -1.190077E+04 _shell_0000000177   
       178   1  1.821589E+05  1.393996E+05 -4.294124E+03 -1.871293E+05 -1.857816E+04 -7.531559E+03 _shell_0000000178   
       178   2  1.905701E+05  1.675624E+05  4.106714E+03 -1.845563E+05 -1.452599E+04  4.891460E+03 _shell_0000000178   
       178   3  1.895161E+05  1.415955E+05 -2.095855E+03 -1.772605E+05 -1.514340E+04  8.006609E+03 _shell_0000000178   
       178   4  1.979159E+05  1.697486E+05  6.304273E+03 -1.746904E+05 -1.919262E+04 -1.064823E+04 _shell_0000000178   
       178   5 -1.820910E+05 -1.396748E+05  6.302520E+03  1.876028E+05 -1.851828E+04 -7.596677E+03 _shell_0000000178   
       178   6 -1.904908E+05 -1.677920E+05 -2.107560E+03  1.850313E+05 -1.446885E+04  4.833492E+03 _shell_0000000178   
       178   7 -1.894052E+05 -1.418613E+05  4.118413E+03  1.777371E+05 -1.507615E+04  7.943187E+03 _shell_0000000178   
       178   8 -1.978164E+05 -1.699882E+05 -4.292375E+03  1.751626E+05 -1.912855E+04 -1.070487E+04 _shell_0000000178   
       179   1  2.330957E+05  1.926881E+05 -4.433234E+03 -1.778241E+05 -1.688844E+04 -1.141518E+04 _shell_0000000179   
       179   2  2.410609E+05  2.193621E+05  3.519473E+03 -1.743954E+05 -1.148902E+04  3.196784E+03 _shell_0000000179   
       179   3  2.428958E+05  1.956138E+05 -1.512231E+03 -1.684803E+05 -1.206090E+04  3.297200E+03 _shell_0000000179   
       179   4  2.508476E+05  2.222758E+05  6.441591E+03 -1.650538E+05 -1.745703E+04 -1.151618E+04 _shell_0000000179   
       179   5 -2.329717E+05 -1.928805E+05  6.445149E+03  1.783401E+05 -1.681955E+04 -1.146053E+04 _shell_0000000179   
       179   6 -2.409235E+05 -2.194941E+05 -1.519197E+03  1.749134E+05 -1.142322E+04  3.160779E+03 _shell_0000000179   
       179   7 -2.427219E+05 -1.957946E+05  3.526435E+03  1.689986E+05 -1.198251E+04  3.252652E+03 _shell_0000000179   
       179   8 -2.506871E+05 -2.224200E+05 -4.436795E+03  1.655698E+05 -1.738218E+04 -1.155184E+04 _shell_0000000179   
       180   1  2.743653E+05  2.413243E+05 -4.406094E+03 -1.644742E+05 -1.536379E+04 -1.115192E+04 _shell_0000000180   
       180   2  2.816540E+05  2.657382E+05  2.868995E+03 -1.603133E+05 -8.810195E+03  1.705611E+03 _shell_0000000180   
       180   3  2.862607E+05  2.448748E+05 -8.648293E+02 -1.559256E+05 -9.327804E+03  2.309487E+03 _shell_0000000180   
       180   4  2.935350E+05  2.692756E+05  6.412716E+03 -1.517658E+05 -1.587781E+04 -1.175527E+04 _shell_0000000180   
       180   5 -2.741871E+05 -2.414118E+05  6.419554E+03  1.649881E+05 -1.529184E+04 -1.117302E+04 _shell_0000000180   
       180   6 -2.814615E+05 -2.657525E+05 -8.684532E+02  1.608281E+05 -8.741641E+03  1.695179E+03 _shell_0000000180   
       180   7 -2.860218E+05 -2.449494E+05  2.872618E+03  1.564409E+05 -9.245072E+03  2.288092E+03 _shell_0000000180   
       180   8 -2.933105E+05 -2.693033E+05 -4.412932E+03  1.522797E+05 -1.579891E+04 -1.176649E+04 _shell_0000000180   
       181   1  3.076476E+05  2.846857E+05 -4.288147E+03 -1.489174E+05 -1.392922E+04 -1.144358E+04 _shell_0000000181   
       181   2  3.141817E+05  3.065771E+05  2.232160E+03 -1.441478E+05 -6.416360E+03  1.834365E+02 _shell_0000000181   
       181   3  3.212860E+05  2.887553E+05 -2.305561E+02 -1.412552E+05 -6.873480E+03  6.232600E+02 _shell_0000000181   
       181   4  3.278056E+05  3.106331E+05  6.293019E+03 -1.364858E+05 -1.438256E+04 -1.188172E+04 _shell_0000000181   
       181   5 -3.074189E+05 -2.846501E+05  6.301671E+03  1.493997E+05 -1.385897E+04 -1.143842E+04 _shell_0000000181   
       181   6 -3.139386E+05 -3.064603E+05 -2.317779E+02  1.446303E+05 -6.349696E+03  1.997961E+02 _shell_0000000181   
       181   7 -3.209845E+05 -2.887063E+05  2.233383E+03  1.417379E+05 -6.791964E+03  6.269612E+02 _shell_0000000181   
       181   8 -3.275186E+05 -3.105302E+05 -4.296797E+03  1.369683E+05 -1.430507E+04 -1.186731E+04 _shell_0000000181   
       182   1  3.342291E+05  3.226755E+05 -4.081879E+03 -1.313201E+05 -1.257019E+04 -1.142273E+04 _shell_0000000182   
       182   2  3.399310E+05  3.417829E+05  1.606842E+03 -1.260594E+05 -4.283271E+03 -1.289134E+03 _shell_0000000182   
       182   3  3.492747E+05  3.271637E+05  3.928348E+02 -1.246348E+05 -4.676345E+03 -8.930096E+02 _shell_0000000182   
       182   4  3.549629E+05  3.462577E+05  6.085168E+03 -1.193734E+05 -1.295938E+04 -1.181602E+04 _shell_0000000182   
       182   5 -3.339536E+05 -3.225067E+05  6.094836E+03  1.317526E+05 -1.250517E+04 -1.139093E+04 _shell_0000000182   
       182   6 -3.396419E+05 -3.415316E+05  3.933692E+02  1.264913E+05 -4.221944E+03 -1.246341E+03 _shell_0000000182   
       182   7 -3.489153E+05 -3.269817E+05  1.606311E+03  1.250668E+05 -4.600311E+03 -8.638328E+02 _shell_0000000182   
       182   8 -3.546173E+05 -3.460200E+05 -4.091544E+03  1.198062E+05 -1.288747E+04 -1.177632E+04 _shell_0000000182   
       183   1  3.551783E+05  3.551698E+05 -3.804008E+03 -1.121330E+05 -1.126651E+04 -1.126651E+04 _shell_0000000183   
       183   2  3.599945E+05  3.713116E+05  1.000170E+03 -1.064870E+05 -2.372425E+03 -2.699878E+03 _shell_0000000183   
       183   3  3.713277E+05  3.599860E+05  9.981645E+02 -1.064870E+05 -2.699884E+03 -2.372420E+03 _shell_0000000183   
       183   4  3.761316E+05  3.761155E+05  5.805904E+03 -1.008397E+05 -1.159006E+04 -1.159006E+04 _shell_0000000183   
       183   5 -3.548596E+05 -3.548682E+05  5.816082E+03  1.125035E+05 -1.120928E+04 -1.120927E+04 _shell_0000000183   
       183   6 -3.596636E+05 -3.709327E+05  1.000171E+03  1.068563E+05 -2.318912E+03 -2.632500E+03 _shell_0000000183   
       183   7 -3.709166E+05 -3.596721E+05  9.981671E+02  1.068563E+05 -2.632506E+03 -2.318907E+03 _shell_0000000183   
       183   8 -3.757328E+05 -3.757490E+05 -3.814182E+03  1.012106E+05 -1.152683E+04 -1.152683E+04 _shell_0000000183   
       184   1  3.713434E+05  3.821048E+05 -3.467282E+03 -9.170470E+04 -1.000270E+04 -1.095544E+04 _shell_0000000184   
       184   2  3.752347E+05  3.951482E+05  4.137353E+02 -8.576619E+04 -6.474342E+02 -4.031635E+03 _shell_0000000184   
       184   3  3.883309E+05  3.871696E+05  1.583768E+03 -8.714374E+04 -9.089236E+02 -3.768978E+03 _shell_0000000184   
       184   4  3.922117E+05  4.002023E+05  5.467987E+03 -8.120318E+04 -1.026029E+04 -1.121324E+04 _shell_0000000184   
       184   5 -3.709864E+05 -3.816805E+05  5.478304E+03  9.200454E+04 -9.954991E+03 -1.087531E+04 _shell_0000000184   
       184   6 -3.748673E+05 -3.946569E+05  1.587165E+03  8.606421E+04 -6.034445E+02 -3.942755E+03 _shell_0000000184   
       184   7 -3.878756E+05 -3.867347E+05  4.103416E+02  8.744166E+04 -8.524696E+02 -3.693555E+03 _shell_0000000184   
       184   8 -3.917669E+05 -3.997218E+05 -3.477596E+03  8.150339E+04 -1.020796E+04 -1.112942E+04 _shell_0000000184   
       185   1  3.833835E+05  4.034434E+05 -3.083044E+03 -7.034825E+04 -8.764005E+03 -1.050548E+04 _shell_0000000185   
       185   2  3.863226E+05  4.132959E+05 -1.519852E+02 -6.419704E+04  9.265299E+02 -5.273997E+03 _shell_0000000185   
       185   3  4.009798E+05  4.086886E+05  2.149071E+03 -6.690401E+04  7.307088E+02 -5.076808E+03 _shell_0000000185   
       185   4  4.039107E+05  4.185325E+05  5.082741E+03 -6.075025E+04 -8.955970E+03 -1.069704E+04 _shell_0000000185   
       185   5 -3.829946E+05 -4.029147E+05  5.092856E+03  7.057053E+04 -8.726992E+03 -1.040611E+04 _shell_0000000185   
       185   6 -3.859256E+05 -4.127141E+05  2.153864E+03  6.441709E+04  9.598620E+02 -5.167693E+03 _shell_0000000185   
       185   7 -4.004894E+05 -4.081513E+05 -1.567758E+02  6.712385E+04  7.746804E+02 -4.982964E+03 _shell_0000000185   
       185   8 -4.034286E+05 -4.179593E+05 -3.093156E+03  6.097295E+04 -8.916084E+03 -1.059654E+04 _shell_0000000185   
       186   1  3.917887E+05  4.191677E+05 -2.660411E+03 -4.833123E+04 -7.535665E+03 -9.924274E+03 _shell_0000000186   
       186   2  3.937573E+05  4.257671E+05 -6.972041E+02 -4.203632E+04  2.381385E+03 -6.419305E+03 _shell_0000000186   
       186   3  4.097956E+05  4.245340E+05  2.694196E+03 -4.602493E+04  2.250665E+03 -6.287021E+03 _shell_0000000186   
       186   4  4.117586E+05  4.311276E+05  4.659263E+03 -3.972712E+04 -7.662569E+03 -1.005035E+04 _shell_0000000186   
       186   5 -3.913765E+05 -4.185585E+05  4.668832E+03  4.847083E+04 -7.510063E+03 -9.810179E+03 _shell_0000000186   
       186   6 -3.933395E+05 -4.251215E+05  2.700377E+03  4.217338E+04  2.403344E+03 -6.300405E+03 _shell_0000000186   
       186   7 -4.092811E+05 -4.239189E+05 -7.033832E+02  4.616170E+04  2.281140E+03 -6.179073E+03 _shell_0000000186   
       186   8 -4.112498E+05 -4.304879E+05 -2.669978E+03  3.986715E+04 -7.636137E+03 -9.937784E+03 _shell_0000000186   
       187   1  3.968968E+05  4.292685E+05 -2.206387E+03 -2.588604E+04 -6.301880E+03 -9.219341E+03 _shell_0000000187   
       187   2  3.978837E+05  4.325770E+05 -1.221943E+03 -1.950827E+04  3.745797E+03 -7.461856E+03 _shell_0000000187   
       187   3  4.151398E+05  4.347041E+05  3.219097E+03 -2.473064E+04  3.679645E+03 -7.394126E+03 _shell_0000000187   
       187   4  4.161239E+05  4.380096E+05  4.204546E+03 -1.834974E+04 -6.364245E+03 -9.280508E+03 _shell_0000000187   
       187   5 -3.964718E+05 -4.286069E+05  4.213236E+03  2.593974E+04 -6.288094E+03 -9.095655E+03 _shell_0000000187   
       187   6 -3.974559E+05 -4.318973E+05  3.226591E+03  1.955924E+04  3.755966E+03 -7.335704E+03 _shell_0000000187   
       187   7 -4.146135E+05 -4.340395E+05 -1.229436E+03  2.478125E+04  3.696025E+03 -7.276988E+03 _shell_0000000187   
       187   8 -4.156004E+05 -4.373328E+05 -2.215074E+03  1.840387E+04 -6.351878E+03 -9.161000E+03 _shell_0000000187   
       188   1  3.989052E+05  4.337397E+05 -1.726013E+03 -3.219700E+03 -5.045160E+03 -8.396782E+03 _shell_0000000188   
       188   2  3.989052E+05  4.337391E+05 -1.725494E+03  3.185126E+03  5.045171E+03 -8.396793E+03 _shell_0000000188   
       188   3  4.172243E+05  4.391968E+05  3.723014E+03 -3.221297E+03  5.043271E+03 -8.393440E+03 _shell_0000000188   
       188   4  4.172243E+05  4.391963E+05  3.723634E+03  3.186725E+03 -5.043283E+03 -8.393452E+03 _shell_0000000188   
       188   5 -3.984792E+05 -4.330564E+05  3.731141E+03  3.186554E+03 -5.043368E+03 -8.269030E+03 _shell_0000000188   
       188   6 -3.984792E+05 -4.330570E+05  3.731659E+03 -3.221068E+03  5.043357E+03 -8.269017E+03 _shell_0000000188   
       188   7 -4.166993E+05 -4.385135E+05 -1.734137E+03  3.184956E+03  5.045283E+03 -8.272403E+03 _shell_0000000188   
       188   8 -4.166993E+05 -4.385141E+05 -1.733518E+03 -3.219471E+03 -5.045273E+03 -8.272393E+03 _shell_0000000188   
       189   1  3.978772E+05  4.325735E+05 -1.222604E+03  1.947452E+04 -3.745786E+03 -7.461846E+03 _shell_0000000189   
       189   2  3.968903E+05  4.292637E+05 -2.206009E+03  2.585229E+04  6.301891E+03 -9.219352E+03 _shell_0000000189   
       189   3  4.161173E+05  4.380061E+05  4.204068E+03  1.831600E+04  6.364233E+03 -9.280496E+03 _shell_0000000189   
       189   4  4.151332E+05  4.346993E+05  3.219856E+03  2.469689E+04 -3.679658E+03 -7.394139E+03 _shell_0000000189   
       189   5 -3.974625E+05 -4.319007E+05  3.225932E+03 -1.959293E+04 -3.755978E+03 -7.335717E+03 _shell_0000000189   
       189   6 -3.964784E+05 -4.286117E+05  4.213612E+03 -2.597343E+04  6.288083E+03 -9.095643E+03 _shell_0000000189   
       189   7 -4.156071E+05 -4.373363E+05 -2.215552E+03 -1.843756E+04  6.351889E+03 -9.161010E+03 _shell_0000000189   
       189   8 -4.146201E+05 -4.340443E+05 -1.228678E+03 -2.481494E+04 -3.696014E+03 -7.276979E+03 _shell_0000000189   
       190   1  3.937442E+05  4.257592E+05 -6.980179E+02  4.200512E+04 -2.381375E+03 -6.419297E+03 _shell_0000000190   
       190   2  3.917756E+05  4.191578E+05 -2.660189E+03  4.830002E+04  7.535676E+03 -9.924285E+03 _shell_0000000190   
       190   3  4.117454E+05  4.311196E+05  4.658940E+03  3.969592E+04  7.662558E+03 -1.005034E+04 _shell_0000000190   
       190   4  4.097824E+05  4.245242E+05  2.695096E+03  4.599373E+04 -2.250678E+03 -6.287034E+03 _shell_0000000190   
       190   5 -3.933527E+05 -4.251295E+05  2.699565E+03 -4.220453E+04 -2.403355E+03 -6.300418E+03 _shell_0000000190   
       190   6 -3.913897E+05 -4.185684E+05  4.669054E+03 -4.850198E+04  7.510053E+03 -9.810169E+03 _shell_0000000190   
       190   7 -4.112630E+05 -4.304959E+05 -2.670301E+03 -3.989830E+04  7.636147E+03 -9.937794E+03 _shell_0000000190   
       190   8 -4.092943E+05 -4.239288E+05 -7.024846E+02 -4.619285E+04 -2.281131E+03 -6.179065E+03 _shell_0000000190   
       191   1  3.863029E+05  4.132823E+05 -1.529675E+02  6.417025E+04 -9.265228E+02 -5.273990E+03 _shell_0000000191   
       191   2  3.833638E+05  4.034268E+05 -3.083010E+03  7.032146E+04  8.764014E+03 -1.050549E+04 _shell_0000000191   
       191   3  4.038912E+05  4.185189E+05  5.082599E+03  6.072346E+04  8.955961E+03 -1.069703E+04 _shell_0000000191   
       191   4  4.009603E+05  4.086719E+05  2.150108E+03  6.687722E+04 -7.307208E+02 -5.076819E+03 _shell_0000000191   
       191   5 -3.859455E+05 -4.127278E+05  2.152883E+03 -6.444383E+04 -9.598731E+02 -5.167704E+03 _shell_0000000191   
       191   6 -3.830145E+05 -4.029314E+05  5.092891E+03 -7.059728E+04  8.726983E+03 -1.040611E+04 _shell_0000000191   
       191   7 -4.034482E+05 -4.179730E+05 -3.093299E+03 -6.099969E+04  8.916093E+03 -1.059655E+04 _shell_0000000191   
       191   8 -4.005090E+05 -4.081681E+05 -1.557397E+02 -6.715059E+04 -7.746741E+02 -4.982957E+03 _shell_0000000191   
       192   1  3.752084E+05  3.951269E+05  4.125762E+02  8.574591E+04  6.474378E+02 -4.031629E+03 _shell_0000000192   
       192   2  3.713171E+05  3.820787E+05 -3.467487E+03  9.168443E+04  1.000270E+04 -1.095544E+04 _shell_0000000192   
       192   3  3.921864E+05  4.001810E+05  5.468064E+03  8.118290E+04  1.026028E+04 -1.121323E+04 _shell_0000000192   
       192   4  3.883057E+05  3.871435E+05  1.584921E+03  8.712347E+04  9.089129E+02 -3.768986E+03 _shell_0000000192   
       192   5 -3.748937E+05 -3.946783E+05  1.586008E+03 -8.608445E+04  6.034345E+02 -3.942763E+03 _shell_0000000192   
       192   6 -3.710128E+05 -3.817067E+05  5.478100E+03 -9.202478E+04  9.954984E+03 -1.087530E+04 _shell_0000000192   
       192   7 -3.917924E+05 -3.997432E+05 -3.477519E+03 -8.152363E+04  1.020797E+04 -1.112943E+04 _shell_0000000192   
       192   8 -3.879010E+05 -3.867609E+05  4.114933E+02 -8.746190E+04  8.524724E+02 -3.693549E+03 _shell_0000000192   
       193   1  3.599621E+05  3.712795E+05  9.988520E+02  1.064755E+05  2.372423E+03 -2.699875E+03 _shell_0000000193   
       193   2  3.551460E+05  3.551303E+05 -3.804521E+03  1.121215E+05  1.126651E+04 -1.126651E+04 _shell_0000000193   
       193   3  3.761014E+05  3.760833E+05  5.806250E+03  1.008282E+05  1.159006E+04 -1.159006E+04 _shell_0000000193   
       193   4  3.712976E+05  3.599465E+05  9.993700E+02  1.064755E+05  2.699876E+03 -2.372422E+03 _shell_0000000193   
       193   5 -3.596960E+05 -3.709650E+05  9.988545E+02 -1.068678E+05  2.318904E+03 -2.632503E+03 _shell_0000000193   
       193   6 -3.548921E+05 -3.549077E+05  5.815570E+03 -1.125150E+05  1.120927E+04 -1.120927E+04 _shell_0000000193   
       193   7 -3.757632E+05 -3.757812E+05 -3.813837E+03 -1.012220E+05  1.152683E+04 -1.152683E+04 _shell_0000000193   
       193   8 -3.709469E+05 -3.597117E+05  9.993712E+02 -1.068678E+05  2.632504E+03 -2.318903E+03 _shell_0000000193   
       194   1  3.398940E+05  3.417355E+05  1.605443E+03  1.260588E+05  4.283262E+03 -1.289134E+03 _shell_0000000194   
       194   2  3.341921E+05  3.226173E+05 -4.082759E+03  1.313195E+05  1.257019E+04 -1.142272E+04 _shell_0000000194   
       194   3  3.549295E+05  3.462104E+05  6.085825E+03  1.193728E+05  1.295938E+04 -1.181602E+04 _shell_0000000194   
       194   4  3.492413E+05  3.271055E+05  3.939630E+02  1.246342E+05  4.676341E+03 -8.930033E+02 _shell_0000000194   
       194   5 -3.396791E+05 -3.415791E+05  3.919719E+02 -1.264918E+05  4.221940E+03 -1.246336E+03 _shell_0000000194   
       194   6 -3.339908E+05 -3.225650E+05  6.093958E+03 -1.317532E+05  1.250517E+04 -1.139092E+04 _shell_0000000194   
       194   7 -3.546510E+05 -3.460674E+05 -4.090888E+03 -1.198067E+05  1.288747E+04 -1.177631E+04 _shell_0000000194   
       194   8 -3.489490E+05 -3.270400E+05  1.607437E+03 -1.250674E+05  4.600302E+03 -8.638318E+02 _shell_0000000194   
       195   1  3.141423E+05  3.065087E+05  2.230856E+03  1.441596E+05  6.416343E+03  1.834319E+02 _shell_0000000195   
       195   2  3.076083E+05  2.846018E+05 -4.289392E+03  1.489292E+05  1.392921E+04 -1.144356E+04 _shell_0000000195   
       195   3  3.277714E+05  3.105648E+05  6.293991E+03  1.364976E+05  1.438257E+04 -1.188172E+04 _shell_0000000195   
       195   4  3.212517E+05  2.886714E+05 -2.297153E+02  1.412670E+05  6.873484E+03  6.232776E+02 _shell_0000000195   
       195   5 -3.139781E+05 -3.065288E+05 -2.330805E+02 -1.446185E+05  6.349699E+03  1.998127E+02 _shell_0000000195   
       195   6 -3.074584E+05 -2.847340E+05  6.300428E+03 -1.493880E+05  1.385898E+04 -1.143842E+04 _shell_0000000195   
       195   7 -3.275531E+05 -3.105986E+05 -4.295828E+03 -1.369565E+05  1.430505E+04 -1.186729E+04 _shell_0000000195   
       195   8 -3.210190E+05 -2.887903E+05  2.234223E+03 -1.417262E+05  6.791946E+03  6.269577E+02 _shell_0000000195   
       196   1  2.816163E+05  2.656416E+05  2.868080E+03  1.603371E+05  8.810167E+03  1.705600E+03 _shell_0000000196   
       196   2  2.743277E+05  2.412070E+05 -4.407543E+03  1.644980E+05  1.536377E+04 -1.115189E+04 _shell_0000000196   
       196   3  2.935032E+05  2.691791E+05  6.413914E+03  1.517896E+05  1.587782E+04 -1.175528E+04 _shell_0000000196   
       196   4  2.862288E+05  2.447575E+05 -8.645353E+02  1.559494E+05  9.327817E+03  2.309518E+03 _shell_0000000196   
       196   5 -2.814993E+05 -2.658492E+05 -8.693666E+02 -1.608043E+05  8.741654E+03  1.695209E+03 _shell_0000000196   
       196   6 -2.742248E+05 -2.415292E+05  6.418106E+03 -1.649643E+05  1.529186E+04 -1.117303E+04 _shell_0000000196   
       196   7 -2.933425E+05 -2.694000E+05 -4.411736E+03 -1.522560E+05  1.579889E+04 -1.176646E+04 _shell_0000000196   
       196   8 -2.860538E+05 -2.450669E+05  2.872911E+03 -1.564171E+05  9.245045E+03  2.288082E+03 _shell_0000000196   
       197   1  2.410298E+05  2.192297E+05  3.519302E+03  1.744280E+05  1.148898E+04  3.196766E+03 _shell_0000000197   
       197   2  2.330646E+05  1.925305E+05 -4.434519E+03  1.778567E+05  1.688841E+04 -1.141513E+04 _shell_0000000197   
       197   3  2.508217E+05  2.221435E+05  6.442787E+03  1.650864E+05  1.745706E+04 -1.151620E+04 _shell_0000000197   
       197   4  2.428698E+05  1.954560E+05 -1.512701E+03  1.685129E+05  1.206093E+04  3.297244E+03 _shell_0000000197   
       197   5 -2.409548E+05 -2.196266E+05 -1.519366E+03 -1.748808E+05  1.142324E+04  3.160822E+03 _shell_0000000197   
       197   6 -2.330028E+05 -1.930382E+05  6.443867E+03 -1.783075E+05  1.681958E+04 -1.146054E+04 _shell_0000000197   
       197   7 -2.507132E+05 -2.225525E+05 -4.435602E+03 -1.655373E+05  1.738215E+04 -1.155180E+04 _shell_0000000197   
       197   8 -2.427480E+05 -1.959524E+05  3.525964E+03 -1.689660E+05  1.198248E+04  3.252635E+03 _shell_0000000197   
       198   1  1.905496E+05  1.673883E+05  4.107555E+03  1.845910E+05  1.452595E+04  4.891437E+03 _shell_0000000198   
       198   2  1.821386E+05  1.391983E+05 -4.294703E+03  1.871640E+05  1.857812E+04 -7.531507E+03 _shell_0000000198   
       198   3  1.978984E+05  1.695745E+05  6.305101E+03  1.747251E+05  1.919266E+04 -1.064825E+04 _shell_0000000198   
       198   4  1.894985E+05  1.413941E+05 -2.097125E+03  1.772952E+05  1.514343E+04  8.006662E+03 _shell_0000000198   
       198   5 -1.905113E+05 -1.679662E+05 -2.106717E+03 -1.849966E+05  1.446888E+04  4.833544E+03 _shell_0000000198   
       198   6 -1.821114E+05 -1.398761E+05  6.301943E+03 -1.875681E+05  1.851832E+04 -7.596701E+03 _shell_0000000198   
       198   7 -1.978340E+05 -1.701623E+05 -4.291550E+03 -1.751279E+05  1.912852E+04 -1.070482E+04 _shell_0000000198   
       198   8 -1.894229E+05 -1.420627E+05  4.117142E+03 -1.777024E+05  1.507611E+04  7.943164E+03 _shell_0000000198   
       199   1  1.295537E+05  1.105260E+05  4.940985E+03  1.979077E+05  1.767858E+04  5.295557E+03 _shell_0000000199   
       199   2  1.202890E+05  7.947908E+04 -4.318439E+03  1.995310E+05  2.022869E+04 -2.452006E+04 _shell_0000000199   
       199   3  1.341825E+05  1.119012E+05  6.330678E+03  1.870385E+05  2.087333E+04 -1.182545E+04 _shell_0000000199   
       199   4  1.249261E+05  8.086126E+04 -2.926470E+03  1.886579E+05  1.832553E+04 -7.401439E+03 _shell_0000000199   
       199   5 -1.295470E+05 -1.112675E+05 -2.940744E+03 -1.982146E+05  1.763733E+04  5.218040E+03 _shell_0000000199   
       199   6 -1.202906E+05 -8.030876E+04  6.321003E+03 -1.998286E+05  2.018536E+04 -2.460207E+04 _shell_0000000199   
       199   7 -1.341505E+05 -1.126500E+05 -4.308770E+03 -1.873416E+05  2.082791E+04 -1.190072E+04 _shell_0000000199   
       199   8 -1.248858E+05 -8.168430E+04  4.955254E+03 -1.889595E+05  1.827755E+04 -7.480937E+03 _shell_0000000199   
       200   1  4.925716E+04  4.795816E+04  4.234237E+03  1.741065E+05  2.229523E+04  1.209369E+04 _shell_0000000200   
       200   2  4.231327E+04  2.468129E+04 -2.709829E+03  1.746459E+05  2.316897E+04  7.108131E+04 _shell_0000000200   
       200   3  5.085547E+04  4.842804E+04  4.724005E+03  1.659591E+05  2.384647E+04 -7.403617E+02 _shell_0000000200   
       200   4  4.391587E+04  2.515482E+04 -2.214622E+03  1.664953E+05  2.297571E+04  8.391334E+04 _shell_0000000200   
       200   5 -4.927784E+04 -4.884231E+04 -2.235638E+03 -1.742375E+05  2.227938E+04  1.201783E+04 _shell_0000000200   
       200   6 -4.233827E+04 -2.563974E+04  4.703764E+03 -1.748060E+05  2.315026E+04  7.100504E+04 _shell_0000000200   
       200   7 -5.083895E+04 -4.931615E+04 -2.689590E+03 -1.660870E+05  2.383016E+04 -8.142435E+02 _shell_0000000200   
       200   8 -4.389508E+04 -2.610993E+04  4.255249E+03 -1.666586E+05  2.295627E+04  8.383912E+04 _shell_0000000200   
       201   1  4.478978E+04  2.580939E+04 -2.752285E+03 -1.417107E+05 -2.419621E+04  5.590600E+04 _shell_0000000201   
       201   2  5.192294E+04  4.973966E+04  4.379905E+03 -1.412872E+05 -2.350995E+04  1.120365E+04 _shell_0000000201   
       201   3  4.605321E+04  2.618156E+04 -2.358323E+03 -1.333369E+05 -2.403549E+04  6.908795E+04 _shell_0000000201   
       201   4  5.318262E+04  5.010865E+04  4.768842E+03 -1.329180E+05 -2.471977E+04 -1.981258E+03 _shell_0000000201   
       201   5 -4.480883E+04 -2.651532E+04  4.749692E+03  1.418656E+05 -2.417410E+04  5.583930E+04 _shell_0000000201   
       201   6 -5.193820E+04 -5.033355E+04 -2.380655E+03  1.414188E+05 -2.348971E+04  1.113720E+04 _shell_0000000201   
       201   7 -4.602755E+04 -2.688457E+04  4.402232E+03  1.334965E+05 -2.401286E+04  6.902424E+04 _shell_0000000201   
       201   8 -5.316067E+04 -5.070598E+04 -2.733141E+03  1.330450E+05 -2.469924E+04 -2.044795E+03 _shell_0000000201   
       202   1  1.276224E+05  8.279541E+04 -4.303850E+03 -1.621308E+05 -2.102564E+04 -2.162544E+04 _shell_0000000202   
       202   2  1.371549E+05  1.147399E+05  5.221118E+03 -1.608505E+05 -1.901686E+04  6.248391E+03 _shell_0000000202   
       202   3  1.312772E+05  8.388446E+04 -3.204261E+03 -1.509418E+05 -1.951864E+04 -4.011555E+03 _shell_0000000202   
       202   4  1.408024E+05  1.158229E+05  6.318191E+03 -1.496673E+05 -2.152564E+04 -1.136909E+04 _shell_0000000202   
       202   5 -1.275913E+05 -8.331252E+04  6.311137E+03  1.624319E+05 -2.097101E+04 -2.169743E+04 _shell_0000000202   
       202   6 -1.371165E+05 -1.151696E+05 -3.221528E+03  1.611620E+05 -1.896381E+04  6.180073E+03 _shell_0000000202   
       202   7 -1.312092E+05 -8.439583E+04  5.238372E+03  1.512488E+05 -1.946021E+04 -4.079819E+03 _shell_0000000202   
       202   8 -1.407416E+05 -1.162590E+05 -4.296808E+03  1.499732E+05 -2.146921E+04 -1.143395E+04 _shell_0000000202   
       203   1  1.939498E+05  1.449043E+05 -4.198138E+03 -1.521681E+05 -1.917485E+04 -7.741185E+03 _shell_0000000203   
       203   2  2.026306E+05  1.739883E+05  4.471218E+03 -1.501313E+05 -1.596870E+04  5.802241E+03 _shell_0000000203   
       203   3  1.997722E+05  1.466419E+05 -2.458250E+03 -1.419811E+05 -1.644997E+04  8.296306E+03 _shell_0000000203   
       203   4  2.084432E+05  1.757177E+05  6.210480E+03 -1.399487E+05 -1.965358E+04 -1.023781E+04 _shell_0000000203   
       203   5 -1.938479E+05 -1.452656E+05  6.211348E+03  1.525746E+05 -1.909793E+04 -7.798773E+03 _shell_0000000203   
       203   6 -2.025189E+05 -1.742720E+05 -2.470967E+03  1.505410E+05 -1.589415E+04  5.750711E+03 _shell_0000000203   
       203   7 -1.996335E+05 -1.469953E+05  4.483920E+03  1.423922E+05 -1.636681E+04  8.241449E+03 _shell_0000000203   
       203   8 -2.083142E+05 -1.760099E+05 -4.199021E+03  1.403542E+05 -1.957317E+04 -1.028697E+04 _shell_0000000203   
       204   1  2.489400E+05  2.005366E+05 -4.275122E+03 -1.447578E+05 -1.727993E+04 -1.077951E+04 _shell_0000000204   
       204   2  2.571911E+05  2.281801E+05  3.962360E+03 -1.420321E+05 -1.298843E+04  4.396467E+03 _shell_0000000204   
       204   3  2.567299E+05  2.028620E+05 -1.953409E+03 -1.350768E+05 -1.343669E+04  4.462690E+03 _shell_0000000204   
       204   4  2.649696E+05  2.304955E+05  6.284995E+03 -1.323542E+05 -1.772503E+04 -1.084721E+04 _shell_0000000204   
       204   5 -2.487581E+05 -2.007551E+05  6.290814E+03  1.452026E+05 -1.718954E+04 -1.082022E+04 _shell_0000000204   
       204   6 -2.569977E+05 -2.283196E+05 -1.962426E+03  1.424800E+05 -1.290103E+04  4.363705E+03 _shell_0000000204   
       204   7 -2.565059E+05 -2.030708E+05  3.971362E+03  1.355250E+05 -1.333824E+04  4.423670E+03 _shell_0000000204   
       204   8 -2.647570E+05 -2.306454E+05 -4.280956E+03  1.327992E+05 -1.762995E+04 -1.087873E+04 _shell_0000000204   
       205   1  2.937577E+05  2.514599E+05 -4.194454E+03 -1.340486E+05 -1.556022E+04 -1.042936E+04 _shell_0000000205   
       205   2  3.013391E+05  2.768617E+05  3.372276E+03 -1.307257E+05 -1.032684E+04  3.098500E+03 _shell_0000000205   
       205   3  3.032569E+05  2.542952E+05 -1.366920E+03 -1.251549E+05 -1.073506E+04  3.574626E+03 _shell_0000000205   
       205   4  3.108259E+05  2.796860E+05  6.201887E+03 -1.218338E+05 -1.596470E+04 -1.090565E+04 _shell_0000000205   
       205   5 -2.934951E+05 -2.515340E+05  6.210680E+03  1.344928E+05 -1.546406E+04 -1.044927E+04 _shell_0000000205   
       205   6 -3.010641E+05 -2.768532E+05 -1.373048E+03  1.311716E+05 -1.023426E+04  3.087692E+03 _shell_0000000205   
       205   7 -3.029439E+05 -2.543584E+05  3.378393E+03  1.256012E+05 -1.062971E+04  3.555109E+03 _shell_0000000205   
       205   8 -3.105254E+05 -2.796888E+05 -4.203258E+03  1.222782E+05 -1.586330E+04 -1.091655E+04 _shell_0000000205   
       206   1  3.300625E+05  2.970026E+05 -4.030515E+03 -1.215160E+05 -1.394296E+04 -1.051005E+04 _shell_0000000206   
       206   2  3.368864E+05  3.198696E+05  2.778743E+03 -1.176904E+05 -7.916757E+03  1.747069E+03 _shell_0000000206   
       206   3  3.410017E+05  3.002669E+05 -7.765288E+02 -1.135122E+05 -8.279421E+03  2.094218E+03 _shell_0000000206   
       206   4  3.478131E+05  3.231224E+05  6.035526E+03 -1.096871E+05 -1.430140E+04 -1.085598E+04 _shell_0000000206   
       206   5 -3.297232E+05 -2.969285E+05  6.045830E+03  1.219333E+05 -1.384743E+04 -1.050735E+04 _shell_0000000206   
       206   6 -3.365347E+05 -3.197105E+05 -7.803321E+02  1.181081E+05 -7.825296E+03  1.759346E+03 _shell_0000000206   
       206   7 -3.406027E+05 -3.001815E+05  2.782540E+03  1.139303E+05 -8.174261E+03  2.095915E+03 _shell_0000000206   
       206   8 -3.474267E+05 -3.229750E+05 -4.040824E+03  1.101047E+05 -1.420067E+04 -1.084518E+04 _shell_0000000206   
       207   1  3.591522E+05  3.370230E+05 -3.783042E+03 -1.072781E+05 -1.241488E+04 -1.031902E+04 _shell_0000000207   
       207   2  3.651293E+05  3.570550E+05  2.180081E+03 -1.030422E+05 -5.741357E+03  4.060983E+02 _shell_0000000207   
       207   3  3.712677E+05  3.406373E+05 -1.804269E+02 -1.002688E+05 -6.055009E+03  7.208205E+02 _shell_0000000207   
       207   4  3.772328E+05  3.606579E+05  5.785823E+03 -9.603209E+04 -1.272395E+04 -1.063115E+04 _shell_0000000207   
       207   5 -3.587426E+05 -3.368001E+05  5.796744E+03  1.076518E+05 -1.232509E+04 -1.029333E+04 _shell_0000000207   
       207   6 -3.647078E+05 -3.567485E+05 -1.823254E+02  1.034151E+05 -5.656001E+03  4.412273E+02 _shell_0000000207   
       207   7 -3.707897E+05 -3.404032E+05  2.181978E+03  1.006419E+05 -5.955764E+03  7.441219E+02 _shell_0000000207   
       207   8 -3.767668E+05 -3.603630E+05 -3.793964E+03  9.640608E+04 -1.262949E+04 -1.059887E+04 _shell_0000000207   
       208   1  3.821286E+05  3.713479E+05 -3.466929E+03 -9.169500E+04 -1.095545E+04 -1.000270E+04 _shell_0000000208   
       208   2  3.871934E+05  3.883249E+05  1.585445E+03 -8.713405E+04 -3.768991E+03 -9.089144E+02 _shell_0000000208   
       208   3  3.951762E+05  3.752392E+05  4.122263E+02 -8.575648E+04 -4.031639E+03 -6.474364E+02 _shell_0000000208   
       208   4  4.002304E+05  3.922057E+05  5.467713E+03 -8.119348E+04 -1.121324E+04 -1.026028E+04 _shell_0000000208   
       208   5 -3.816566E+05 -3.709820E+05  5.478657E+03  9.201423E+04 -1.087531E+04 -9.954986E+03 _shell_0000000208   
       208   6 -3.867108E+05 -3.878816E+05  4.120173E+02  8.745136E+04 -3.693558E+03 -8.524704E+02 _shell_0000000208   
       208   7 -3.946288E+05 -3.748628E+05  1.585658E+03  8.607391E+04 -3.942769E+03 -6.034368E+02 _shell_0000000208   
       208   8 -3.996937E+05 -3.917730E+05 -3.477870E+03  8.151308E+04 -1.112943E+04 -1.020797E+04 _shell_0000000208   
       209   1  3.998819E+05  3.998672E+05 -3.093747E+03 -7.505137E+04 -9.547951E+03 -9.547947E+03 _shell_0000000209   
       209   2  4.039850E+05  4.136220E+05  9.988179E+02 -7.024145E+04 -1.968585E+03 -2.179304E+03 _shell_0000000209   
       209   3  4.136434E+05  4.039703E+05  9.974269E+02 -7.024145E+04 -2.179311E+03 -1.968579E+03 _shell_0000000209   
       209   4  4.177373E+05  4.177160E+05  5.092811E+03 -6.542846E+04 -9.753635E+03 -9.753630E+03 _shell_0000000209   
       209   5 -3.993568E+05 -3.993715E+05  5.103376E+03  7.530885E+04 -9.480373E+03 -9.480369E+03 _shell_0000000209   
       209   6 -4.034508E+05 -4.130592E+05  9.988209E+02  7.049607E+04 -1.905904E+03 -2.104174E+03 _shell_0000000209   
       209   7 -4.130378E+05 -4.034655E+05  9.974315E+02  7.049607E+04 -2.104181E+03 -1.905898E+03 _shell_0000000209   
       209   8 -4.171410E+05 -4.171624E+05 -3.104305E+03  6.568635E+04 -9.683750E+03 -9.683745E+03 _shell_0000000209   
       210   1  4.131133E+05  4.225042E+05 -2.674269E+03 -5.760791E+04 -8.176101E+03 -8.970460E+03 _shell_0000000210   
       210   2  4.162187E+05  4.329154E+05  4.230670E+02 -5.261578E+04 -3.091447E+02 -3.391961E+03 _shell_0000000210   
       210   3  4.273969E+05  4.267619E+05  1.572249E+03 -5.396836E+04 -4.676858E+02 -3.233039E+03 _shell_0000000210   
       210   4  4.304952E+05  4.371659E+05  4.671897E+03 -4.897237E+04 -8.329475E+03 -9.123392E+03 _shell_0000000210   
       210   5 -4.125459E+05 -4.218986E+05  4.681761E+03  5.779847E+04 -8.123168E+03 -8.886154E+03 _shell_0000000210   
       210   6 -4.156443E+05 -4.322569E+05  1.575226E+03  5.280274E+04 -2.612370E+02 -3.301660E+03 _shell_0000000210   
       210   7 -4.267462E+05 -4.261491E+05  4.201013E+02  5.415521E+04 -4.087373E+02 -3.154620E+03 _shell_0000000210   
       210   8 -4.298517E+05 -4.365146E+05 -2.684123E+03  4.916335E+04 -8.275894E+03 -9.039247E+03 _shell_0000000210   
       211   1  4.223497E+05  4.392084E+05 -2.217515E+03 -3.959148E+04 -6.823549E+03 -8.279137E+03 _shell_0000000211   
       211   2  4.244328E+05  4.461924E+05 -1.398280E+02 -3.447565E+04  1.238687E+03 -4.536484E+03 _shell_0000000211   
       211   3  4.369873E+05  4.435707E+05  2.134656E+03 -3.715111E+04  1.132261E+03 -4.429313E+03 _shell_0000000211   
       211   4  4.390655E+05  4.505495E+05  4.213992E+03 -3.203083E+04 -6.924732E+03 -8.379613E+03 _shell_0000000211   
       211   5 -4.217524E+05 -4.385188E+05  4.222875E+03  3.971155E+04 -6.786679E+03 -8.182012E+03 _shell_0000000211   
       211   6 -4.238306E+05 -4.454664E+05  2.139194E+03  3.459156E+04  1.270453E+03 -4.435199E+03 _shell_0000000211   
       211   7 -4.363058E+05 -4.428760E+05 -1.443532E+02  3.726683E+04  1.173346E+03 -4.338823E+03 _shell_0000000211   
       211   8 -4.383889E+05 -4.498286E+05 -2.226385E+03  3.215130E+04 -6.889088E+03 -8.285149E+03 _shell_0000000211   
       212   1  4.279569E+05  4.499471E+05 -1.730795E+03 -2.120196E+04 -5.473080E+03 -7.482747E+03 _shell_0000000212   
       212   2  4.290022E+05  4.534512E+05 -6.880058E+02 -1.601455E+04  2.702142E+03 -5.604529E+03 _shell_0000000212   
       212   3  4.427988E+05  4.543692E+05  2.682731E+03 -1.997872E+04  2.647658E+03 -5.549109E+03 _shell_0000000212   
       212   4  4.438416E+05  4.578707E+05  3.726407E+03 -1.478651E+04 -5.522279E+03 -7.531037E+03 _shell_0000000212   
       212   5 -4.273434E+05 -4.492032E+05  3.734056E+03  2.124948E+04 -5.453148E+03 -7.377265E+03 _shell_0000000212   
       212   6 -4.283862E+05 -4.526896E+05  2.688767E+03  1.605760E+04  2.716927E+03 -5.496913E+03 _shell_0000000212   
       212   7 -4.421017E+05 -4.536227E+05 -6.940277E+02  2.002149E+04  2.669833E+03 -5.450744E+03 _shell_0000000212   
       212   8 -4.431470E+05 -4.571117E+05 -1.738429E+03  1.483442E+04 -5.505586E+03 -7.430632E+03 _shell_0000000212   
       213   1  4.301492E+05  4.546982E+05 -1.219780E+03 -2.619261E+03 -4.106085E+03 -6.588879E+03 _shell_0000000213   
       213   2  4.301492E+05  4.546972E+05 -1.219213E+03  2.591549E+03  4.106091E+03 -6.588886E+03 _shell_0000000213   
       213   3  4.450572E+05  4.591390E+05  3.214179E+03 -2.621723E+03  4.103434E+03 -6.585239E+03 _shell_0000000213   
       213   4  4.450572E+05  4.591380E+05  3.214821E+03  2.594012E+03 -4.103445E+03 -6.585249E+03 _shell_0000000213   
       213   5 -4.295342E+05 -4.539329E+05  3.221018E+03  2.593867E+03 -4.103513E+03 -6.479857E+03 _shell_0000000213   
       213   6 -4.295342E+05 -4.539339E+05  3.221584E+03 -2.621528E+03  4.103503E+03 -6.479848E+03 _shell_0000000213   
       213   7 -4.443602E+05 -4.583737E+05 -1.226603E+03  2.591404E+03  4.106189E+03 -6.483528E+03 _shell_0000000213   
       213   8 -4.443602E+05 -4.583747E+05 -1.225963E+03 -2.619067E+03 -4.106183E+03 -6.483521E+03 _shell_0000000213   
       214   1  4.289951E+05  4.534466E+05 -6.887075E+02  1.598762E+04 -2.702136E+03 -5.604523E+03 _shell_0000000214   
       214   2  4.279498E+05  4.499402E+05 -1.730378E+03  2.117502E+04  5.473086E+03 -7.482754E+03 _shell_0000000214   
       214   3  4.438347E+05  4.578661E+05  3.725898E+03  1.475958E+04  5.522268E+03 -7.531028E+03 _shell_0000000214   
       214   4  4.427920E+05  4.543623E+05  2.683486E+03  1.995179E+04 -2.647670E+03 -5.549118E+03 _shell_0000000214   
       214   5 -4.283933E+05 -4.526942E+05  2.688067E+03 -1.608448E+04 -2.716938E+03 -5.496923E+03 _shell_0000000214   
       214   6 -4.273505E+05 -4.492101E+05  3.734472E+03 -2.127636E+04  5.453138E+03 -7.377256E+03 _shell_0000000214   
       214   7 -4.431539E+05 -4.571163E+05 -1.738938E+03 -1.486130E+04  5.505592E+03 -7.430639E+03 _shell_0000000214   
       214   8 -4.421086E+05 -4.536296E+05 -6.932736E+02 -2.004838E+04 -2.669828E+03 -5.450738E+03 _shell_0000000214   
       215   1  4.244188E+05  4.461816E+05 -1.406556E+02  3.445108E+04 -1.238683E+03 -4.536478E+03 _shell_0000000215   
       215   2  4.223357E+05  4.391947E+05 -2.217272E+03  3.956691E+04  6.823554E+03 -8.279144E+03 _shell_0000000215   
       215   3  4.390520E+05  4.505388E+05  4.213639E+03  3.200626E+04  6.924722E+03 -8.379605E+03 _shell_0000000215   
       215   4  4.369738E+05  4.435570E+05  2.135507E+03  3.712654E+04 -1.132272E+03 -4.429322E+03 _shell_0000000215   
       215   5 -4.238447E+05 -4.454772E+05  2.138368E+03 -3.461609E+04 -1.270464E+03 -4.435209E+03 _shell_0000000215   
       215   6 -4.217664E+05 -4.385326E+05  4.223117E+03 -3.973607E+04  6.786669E+03 -8.182004E+03 _shell_0000000215   
       215   7 -4.384025E+05 -4.498394E+05 -2.226738E+03 -3.217583E+04  6.889093E+03 -8.285156E+03 _shell_0000000215   
       215   8 -4.363193E+05 -4.428897E+05 -1.435038E+02 -3.729136E+04 -1.173343E+03 -4.338817E+03 _shell_0000000215   
       216   1  4.161982E+05  4.328972E+05  4.221231E+02  5.259524E+04  3.091469E+02 -3.391957E+03 _shell_0000000216   
       216   2  4.130927E+05  4.224818E+05 -2.674236E+03  5.758737E+04  8.176105E+03 -8.970465E+03 _shell_0000000216   
       216   3  4.304756E+05  4.371477E+05  4.671732E+03  4.895183E+04  8.329466E+03 -9.123385E+03 _shell_0000000216   
       216   4  4.273773E+05  4.267395E+05  1.573171E+03  5.394782E+04  4.676751E+02 -3.233047E+03 _shell_0000000216   
       216   5 -4.156649E+05 -4.322752E+05  1.574283E+03 -5.282324E+04  2.612270E+02 -3.301668E+03 _shell_0000000216   
       216   6 -4.125666E+05 -4.219211E+05  4.681794E+03 -5.781897E+04  8.123160E+03 -8.886148E+03 _shell_0000000216   
       216   7 -4.298714E+05 -4.365329E+05 -2.684288E+03 -4.918385E+04  8.275897E+03 -9.039252E+03 _shell_0000000216   
       216   8 -4.267659E+05 -4.261716E+05  4.210212E+02 -5.417572E+04  4.087389E+02 -3.154615E+03 _shell_0000000216   
       217   1  4.039585E+05  4.135942E+05  9.977785E+02  7.022667E+04  1.968584E+03 -2.179301E+03 _shell_0000000217   
       217   2  3.998555E+05  3.998333E+05 -3.093968E+03  7.503660E+04  9.547952E+03 -9.547949E+03 _shell_0000000217   
       217   3  4.177126E+05  4.176881E+05  5.092870E+03  6.541369E+04  9.753628E+03 -9.753625E+03 _shell_0000000217   
       217   4  4.136186E+05  4.039364E+05  9.983762E+02  7.022667E+04  2.179302E+03 -1.968583E+03 _shell_0000000217   
       217   5 -4.034774E+05 -4.130872E+05  9.977830E+02 -7.051081E+04  1.905896E+03 -2.104178E+03 _shell_0000000217   
       217   6 -3.993834E+05 -3.994055E+05  5.103156E+03 -7.532359E+04  9.480366E+03 -9.480363E+03 _shell_0000000217   
       217   7 -4.171659E+05 -4.171903E+05 -3.104245E+03 -6.570109E+04  9.683751E+03 -9.683748E+03 _shell_0000000217   
       217   8 -4.130627E+05 -4.034995E+05  9.983792E+02 -7.051082E+04  2.104179E+03 -1.905895E+03 _shell_0000000217   
       218   1  3.871623E+05  3.882844E+05  1.584359E+03  8.712672E+04  3.768986E+03 -9.089127E+02 _shell_0000000218   
       218   2  3.820975E+05  3.712987E+05 -3.467442E+03  9.168768E+04  1.095545E+04 -1.000270E+04 _shell_0000000218   
       218   3  4.002019E+05  3.921652E+05  5.468030E+03  8.118616E+04  1.121324E+04 -1.026028E+04 _shell_0000000218   
       218   4  3.951477E+05  3.751900E+05  4.131307E+02  8.574917E+04  4.031632E+03 -6.474357E+02 _shell_0000000218   
       218   5 -3.867421E+05 -3.879223E+05  4.109319E+02 -8.745865E+04  3.693551E+03 -8.524702E+02 _shell_0000000218   
       218   6 -3.816879E+05 -3.710312E+05  5.478145E+03 -9.202153E+04  1.087531E+04 -9.954982E+03 _shell_0000000218   
       218   7 -3.997224E+05 -3.918136E+05 -3.477553E+03 -8.152038E+04  1.112943E+04 -1.020796E+04 _shell_0000000218   
       218   8 -3.946575E+05 -3.749121E+05  1.586561E+03 -8.608121E+04  3.942764E+03 -6.034346E+02 _shell_0000000218   
       219   1  3.650953E+05  3.569976E+05  2.179039E+03  1.030437E+05  5.741347E+03  4.060978E+02 _shell_0000000219   
       219   2  3.591183E+05  3.369538E+05 -3.783860E+03  1.072796E+05  1.241487E+04 -1.031901E+04 _shell_0000000219   
       219   3  3.772025E+05  3.606006E+05  5.786412E+03  9.603357E+04  1.272395E+04 -1.063115E+04 _shell_0000000219   
       219   4  3.712373E+05  3.405681E+05 -1.796791E+02  1.002703E+05  6.055006E+03  7.208280E+02 _shell_0000000219   
       219   5 -3.647420E+05 -3.568060E+05 -1.833651E+02 -1.034136E+05  5.655998E+03  4.412341E+02 _shell_0000000219   
       219   6 -3.587768E+05 -3.368694E+05  5.795927E+03 -1.076503E+05  1.232509E+04 -1.029333E+04 _shell_0000000219   
       219   7 -3.767974E+05 -3.604205E+05 -3.793376E+03 -9.640459E+04  1.262949E+04 -1.059886E+04 _shell_0000000219   
       219   8 -3.708203E+05 -3.404726E+05  2.182724E+03 -1.006404E+05  5.955754E+03  7.441221E+02 _shell_0000000219   
       220   1  3.368523E+05  3.197904E+05  2.777899E+03  1.177012E+05  7.916741E+03  1.747066E+03 _shell_0000000220   
       220   2  3.300284E+05  2.969079E+05 -4.031578E+03  1.215268E+05  1.394294E+04 -1.051003E+04 _shell_0000000220   
       220   3  3.477834E+05  3.230432E+05  6.036357E+03  1.096979E+05  1.430141E+04 -1.085598E+04 _shell_0000000220   
       220   4  3.409719E+05  3.001722E+05 -7.760821E+02  1.135230E+05  8.279424E+03  2.094234E+03 _shell_0000000220   
       220   5 -3.365690E+05 -3.197898E+05 -7.811744E+02 -1.180973E+05  7.825298E+03  1.759362E+03 _shell_0000000220   
       220   6 -3.297575E+05 -2.970233E+05  6.044768E+03 -1.219225E+05  1.384744E+04 -1.050736E+04 _shell_0000000220   
       220   7 -3.474566E+05 -3.230543E+05 -4.039994E+03 -1.100939E+05  1.420066E+04 -1.084516E+04 _shell_0000000220   
       220   8 -3.406327E+05 -3.002763E+05  2.782985E+03 -1.139195E+05  8.174246E+03  2.095912E+03 _shell_0000000220   
       221   1  3.013082E+05  2.767553E+05  3.371827E+03  1.307449E+05  1.032682E+04  3.098493E+03 _shell_0000000221   
       221   2  2.937268E+05  2.513343E+05 -4.195597E+03  1.340678E+05  1.556021E+04 -1.042933E+04 _shell_0000000221   
       221   3  3.107995E+05  2.795796E+05  6.202858E+03  1.218530E+05  1.596471E+04 -1.090566E+04 _shell_0000000221   
       221   4  3.032304E+05  2.541696E+05 -1.366920E+03  1.251740E+05  1.073507E+04  3.574651E+03 _shell_0000000221   
       221   5 -3.010952E+05 -2.769598E+05 -1.373495E+03 -1.311524E+05  1.023427E+04  3.087717E+03 _shell_0000000221   
       221   6 -2.935261E+05 -2.516597E+05  6.209539E+03 -1.344737E+05  1.546407E+04 -1.044927E+04 _shell_0000000221   
       221   7 -3.105520E+05 -2.797953E+05 -4.202289E+03 -1.222590E+05  1.586328E+04 -1.091653E+04 _shell_0000000221   
       221   8 -3.029706E+05 -2.544842E+05  3.378391E+03 -1.255820E+05  1.062968E+04  3.555103E+03 _shell_0000000221   
       222   1  2.571669E+05  2.280413E+05  3.962500E+03  1.420568E+05  1.298840E+04  4.396457E+03 _shell_0000000222   
       222   2  2.489158E+05  2.003761E+05 -4.276060E+03  1.447825E+05  1.727991E+04 -1.077948E+04 _shell_0000000222   
       222   3  2.649489E+05  2.303568E+05  6.285915E+03  1.323789E+05  1.772506E+04 -1.084722E+04 _shell_0000000222   
       222   4  2.567092E+05  2.027015E+05 -1.953944E+03  1.351014E+05  1.343671E+04  4.462723E+03 _shell_0000000222   
       222   5 -2.570220E+05 -2.284585E+05 -1.962285E+03 -1.424554E+05  1.290105E+04  4.363738E+03 _shell_0000000222   
       222   6 -2.487824E+05 -2.009156E+05  6.289880E+03 -1.451780E+05  1.718956E+04 -1.082023E+04 _shell_0000000222   
       222   7 -2.647778E+05 -2.307842E+05 -4.280038E+03 -1.327746E+05  1.762993E+04 -1.087870E+04 _shell_0000000222   
       222   8 -2.565268E+05 -2.032314E+05  3.970826E+03 -1.355004E+05  1.333821E+04  4.423661E+03 _shell_0000000222   
       223   1  2.026154E+05  1.738141E+05  4.472040E+03  1.501565E+05  1.596867E+04  5.802229E+03 _shell_0000000223   
       223   2  1.939347E+05  1.447080E+05 -4.198523E+03  1.521932E+05  1.917483E+04 -7.741150E+03 _shell_0000000223   
       223   3  2.084298E+05  1.755436E+05  6.211090E+03  1.399739E+05  1.965361E+04 -1.023782E+04 _shell_0000000223   
       223   4  1.997588E+05  1.464455E+05 -2.459278E+03  1.420062E+05  1.644999E+04  8.296343E+03 _shell_0000000223   
       223   5 -2.025341E+05 -1.744463E+05 -2.470144E+03 -1.505159E+05  1.589417E+04  5.750747E+03 _shell_0000000223   
       223   6 -1.938631E+05 -1.454620E+05  6.210966E+03 -1.525495E+05  1.909796E+04 -7.798787E+03 _shell_0000000223   
       223   7 -2.083276E+05 -1.761842E+05 -4.198413E+03 -1.403292E+05  1.957315E+04 -1.028694E+04 _shell_0000000223   
       223   8 -1.996470E+05 -1.471918E+05  4.482890E+03 -1.423671E+05  1.636678E+04  8.241437E+03 _shell_0000000223   
       224   1  1.371487E+05  1.145306E+05  5.222525E+03  1.608698E+05  1.901684E+04  6.248379E+03 _shell_0000000224   
       224   2  1.276163E+05  8.256657E+04 -4.303399E+03  1.621501E+05  2.102562E+04 -2.162541E+04 _shell_0000000224   
       224   3  1.407958E+05  1.156137E+05  6.318236E+03  1.496866E+05  2.152567E+04 -1.136911E+04 _shell_0000000224   
       224   4  1.312705E+05  8.365555E+04 -3.205583E+03  1.509611E+05  1.951867E+04 -4.011525E+03 _shell_0000000224   
       224   5 -1.371227E+05 -1.153790E+05 -3.220121E+03 -1.611428E+05  1.896383E+04  6.180106E+03 _shell_0000000224   
       224   6 -1.275975E+05 -8.354143E+04  6.311590E+03 -1.624127E+05  2.097103E+04 -2.169745E+04 _shell_0000000224   
       224   7 -1.407483E+05 -1.164683E+05 -4.296766E+03 -1.499540E+05  2.146919E+04 -1.143392E+04 _shell_0000000224   
       224   8 -1.312159E+05 -8.462480E+04  5.237051E+03 -1.512296E+05  1.946019E+04 -4.079834E+03 _shell_0000000224   
       225   1  5.192272E+04  4.950011E+04  4.381572E+03  1.412947E+05  2.350994E+04  1.120364E+04 _shell_0000000225   
       225   2  4.478959E+04  2.555620E+04 -2.750915E+03  1.417182E+05  2.419620E+04  5.590603E+04 _shell_0000000225   
       225   3  5.318023E+04  4.986914E+04  4.768165E+03  1.329254E+05  2.471980E+04 -1.981269E+03 _shell_0000000225   
       225   4  4.605077E+04  2.592833E+04 -2.359593E+03  1.333444E+05  2.403551E+04  6.908799E+04 _shell_0000000225   
       225   5 -5.193842E+04 -5.057315E+04 -2.378989E+03 -1.414114E+05  2.348973E+04  1.113722E+04 _shell_0000000225   
       225   6 -4.480901E+04 -2.676855E+04  4.751064E+03 -1.418582E+05  2.417411E+04  5.583930E+04 _shell_0000000225   
       225   7 -5.316306E+04 -5.094554E+04 -2.733819E+03 -1.330376E+05  2.469923E+04 -2.044773E+03 _shell_0000000225   
       225   8 -4.602998E+04 -2.713784E+04  4.400963E+03 -1.334891E+05  2.401285E+04  6.902424E+04 _shell_0000000225   
       226   1  4.671348E+04  2.643954E+04 -2.767670E+03 -1.080015E+05 -2.496493E+04  4.043153E+04 _shell_0000000226   
       226   2  5.398106E+04  5.085020E+04  4.498297E+03 -1.076875E+05 -2.445703E+04  1.021422E+04 _shell_0000000226   
       226   3  4.764990E+04  2.671512E+04 -2.474906E+03 -9.946883E+04 -2.484041E+04  5.386234E+04 _shell_0000000226   
       226   4  5.491454E+04  5.112331E+04  4.787136E+03 -9.916064E+04 -2.534715E+04 -3.220292E+03 _shell_0000000226   
       226   5 -4.672638E+04 -2.738581E+04  4.772854E+03  1.081228E+05 -2.494008E+04  4.037777E+04 _shell_0000000226   
       226   6 -5.399097E+04 -5.162631E+04 -2.493343E+03  1.077924E+05 -2.443326E+04  1.016065E+04 _shell_0000000226   
       226   7 -4.762757E+04 -2.765912E+04  4.516725E+03  9.959594E+04 -2.481516E+04  5.381231E+04 _shell_0000000226   
       226   8 -5.489509E+04 -5.190209E+04 -2.753396E+03  9.925977E+04 -2.532316E+04 -3.270194E+03 _shell_0000000226   
       227   1  1.333200E+05  8.508917E+04 -4.255489E+03 -1.238135E+05 -2.158625E+04 -1.862318E+04 _shell_0000000227   
       227   2  1.430416E+05  1.176889E+05  5.458042E+03 -1.228625E+05 -2.009658E+04  7.092809E+03 _shell_0000000227   
       227   3  1.360312E+05  8.589688E+04 -3.439374E+03 -1.124009E+05 -2.046382E+04 -6.587997E+02 _shell_0000000227   
       227   4  1.457470E+05  1.184919E+05  6.272176E+03 -1.114571E+05 -2.195215E+04 -1.087614E+04 _shell_0000000227   
       227   5 -1.332748E+05 -8.574831E+04  6.268652E+03  1.240500E+05 -2.152236E+04 -1.868143E+04 _shell_0000000227   
       227   6 -1.429906E+05 -1.182214E+05 -3.455155E+03  1.231098E+05 -2.003389E+04  7.037443E+03 _shell_0000000227   
       227   7 -1.359569E+05 -8.655157E+04  5.473805E+03  1.126448E+05 -2.039698E+04 -7.123528E+02 _shell_0000000227   
       227   8 -1.456784E+05 -1.190294E+05 -4.251985E+03  1.116975E+05 -2.188682E+04 -1.092707E+04 _shell_0000000227   
       228   1  2.031473E+05  1.490060E+05 -4.069537E+03 -1.162360E+05 -1.955110E+04 -7.938665E+03 _shell_0000000228   
       228   2  2.120182E+05  1.787429E+05  4.789516E+03 -1.147197E+05 -1.716580E+04  6.580912E+03 _shell_0000000228   
       228   3  2.074795E+05  1.502987E+05 -2.774826E+03 -1.058240E+05 -1.751896E+04  8.451885E+03 _shell_0000000228   
       228   4  2.163427E+05  1.800294E+05  6.083717E+03 -1.043132E+05 -1.990204E+04 -9.813028E+03 _shell_0000000228   
       228   5 -2.030164E+05 -1.494394E+05  6.087200E+03  1.165567E+05 -1.946008E+04 -7.985471E+03 _shell_0000000228   
       228   6 -2.118796E+05 -1.790730E+05 -2.787824E+03  1.150450E+05 -1.707686E+04  6.538864E+03 _shell_0000000228   
       228   7 -2.073197E+05 -1.507260E+05  4.802489E+03  1.061505E+05 -1.742306E+04  8.408638E+03 _shell_0000000228   
       228   8 -2.161905E+05 -1.803660E+05 -4.073045E+03  1.046332E+05 -1.980852E+04 -9.851876E+03 _shell_0000000228   
       229   1  2.613401E+05  2.063816E+05 -4.080592E+03 -1.106644E+05 -1.746855E+04 -1.012779E+04 _shell_0000000229   
       229   2  2.697930E+05  2.347123E+05  4.358326E+03 -1.086295E+05 -1.426570E+04  5.448026E+03 _shell_0000000229   
       229   3  2.671539E+05  2.081171E+05 -2.347906E+03 -1.007445E+05 -1.459599E+04  5.489378E+03 _shell_0000000229   
       229   4  2.755978E+05  2.364401E+05  6.091716E+03 -9.871373E+04 -1.779579E+04 -1.017133E+04 _shell_0000000229   
       229   5 -2.611102E+05 -2.066226E+05  6.099496E+03  1.110163E+05 -1.736031E+04 -1.016123E+04 _shell_0000000229   
       229   6 -2.695540E+05 -2.348593E+05 -2.358347E+03  1.089855E+05 -1.416039E+04  5.420837E+03 _shell_0000000229   
       229   7 -2.668914E+05 -2.083506E+05  4.368743E+03  1.011009E+05 -1.448143E+04  5.458336E+03 _shell_0000000229   
       229   8 -2.753442E+05 -2.365950E+05 -4.088397E+03  9.906592E+04 -1.768445E+04 -1.019656E+04 _shell_0000000229   
       230   1  3.089871E+05  2.590049E+05 -3.942268E+03 -1.025646E+05 -1.557052E+04 -9.703796E+03 _shell_0000000230   
       230   2  3.167760E+05  2.851097E+05  3.831768E+03 -1.000762E+05 -1.165169E+04  4.333243E+03 _shell_0000000230   
       230   3  3.160998E+05  2.611279E+05 -1.825318E+03 -9.342548E+04 -1.195385E+04  4.685943E+03 _shell_0000000230   
       230   4  3.238790E+05  2.872241E+05  5.950337E+03 -9.093947E+04 -1.586882E+04 -1.005723E+04 _shell_0000000230   
       230   5 -3.086557E+05 -2.590682E+05  5.960560E+03  1.029170E+05 -1.545418E+04 -9.720720E+03 _shell_0000000230   
       230   6 -3.164349E+05 -2.850827E+05 -1.833492E+03  1.004308E+05 -1.153909E+04  4.323497E+03 _shell_0000000230   
       230   7 -3.157297E+05 -2.611828E+05  3.839922E+03  9.378055E+04 -1.183029E+04  4.669969E+03 _shell_0000000230   
       230   8 -3.235186E+05 -2.872059E+05 -3.952511E+03  9.129200E+04 -1.574930E+04 -1.006649E+04 _shell_0000000230   
       231   1  3.477235E+05  3.061706E+05 -3.728594E+03 -9.305841E+04 -1.378650E+04 -9.582267E+03 _shell_0000000231   
       231   2  3.547543E+05  3.297361E+05  3.287493E+03 -9.018476E+04 -9.259333E+03  3.149306E+03 _shell_0000000231   
       231   3  3.559406E+05  3.086227E+05 -1.284623E+03 -8.481011E+04 -9.529072E+03  3.406675E+03 _shell_0000000231   
       231   4  3.629616E+05  3.321792E+05  5.733665E+03 -8.193711E+04 -1.405167E+04 -9.838815E+03 _shell_0000000231   
       231   5 -3.472948E+05 -3.060642E+05  5.744964E+03  9.338973E+04 -1.366986E+04 -9.581201E+03 _shell_0000000231   
       231   6 -3.543158E+05 -3.295417E+05 -1.290743E+03  9.051669E+04 -9.147144E+03  3.157950E+03 _shell_0000000231   
       231   7 -3.554664E+05 -3.085075E+05  3.293599E+03  8.514245E+04 -9.404836E+03  3.407136E+03 _shell_0000000231   
       231   8 -3.624972E+05 -3.319940E+05 -3.739906E+03  8.226876E+04 -1.393218E+04 -9.831251E+03 _shell_0000000231   
       232   1  3.788467E+05  3.477053E+05 -3.437515E+03 -8.222423E+04 -1.210501E+04 -9.230606E+03 _shell_0000000232   
       232   2  3.850216E+05  3.684041E+05  2.723593E+03 -7.903332E+04 -7.076666E+03  1.942631E+03 _shell_0000000232   
       232   3  3.879742E+05  3.504283E+05 -7.237741E+02 -7.498127E+04 -7.311053E+03  2.177240E+03 _shell_0000000232   
       232   4  3.941397E+05  3.711182E+05  5.439813E+03 -7.178933E+04 -1.233424E+04 -9.462834E+03 _shell_0000000232   
       232   5 -3.783290E+05 -3.474365E+05  5.451303E+03  8.252089E+04 -1.199446E+04 -9.211187E+03 _shell_0000000232   
       232   6 -3.844945E+05 -3.680513E+05 -7.280214E+02  7.932899E+04 -6.971164E+03  1.969527E+03 _shell_0000000232   
       232   7 -3.874044E+05 -3.501507E+05  2.727835E+03  7.527725E+04 -7.193034E+03  2.194478E+03 _shell_0000000232   
       232   8 -3.935794E+05 -3.707744E+05 -3.449011E+03  7.208638E+04 -1.222155E+04 -9.438570E+03 _shell_0000000232   
       233   1  4.034769E+05  3.833993E+05 -3.082499E+03 -7.033277E+04 -1.050550E+04 -8.764013E+03 _shell_0000000233   
       233   2  4.087220E+05  4.009832E+05  2.150355E+03 -6.688853E+04 -5.076825E+03  7.307186E+02 _shell_0000000233   
       233   3  4.133316E+05  3.863384E+05 -1.530211E+02 -6.418156E+04 -5.274000E+03  9.265240E+02 _shell_0000000233   
       233   4  4.185682E+05  4.039141E+05  5.082315E+03 -6.073477E+04 -1.069704E+04 -8.955963E+03 _shell_0000000233   
       233   5 -4.028812E+05 -3.829788E+05  5.093401E+03  7.058600E+04 -1.040611E+04 -8.726985E+03 _shell_0000000233   
       233   6 -4.081178E+05 -4.004860E+05 -1.554930E+02  6.713931E+04 -4.982967E+03  7.746759E+02 _shell_0000000233   
       233   7 -4.126784E+05 -3.859098E+05  2.152830E+03  6.443255E+04 -5.167711E+03  9.598705E+02 _shell_0000000233   
       233   8 -4.179235E+05 -4.034252E+05 -3.093582E+03  6.098841E+04 -1.059655E+04 -8.916091E+03 _shell_0000000233   
       234   1  4.225319E+05  4.131076E+05 -2.674032E+03 -5.760115E+04 -8.970469E+03 -8.176101E+03 _shell_0000000234   
       234   2  4.267896E+05  4.273825E+05  1.573418E+03 -5.396160E+04 -3.233050E+03 -4.676775E+02 _shell_0000000234   
       234   3  4.329473E+05  4.162130E+05  4.220056E+02 -5.260901E+04 -3.391968E+03 -3.091431E+02 _shell_0000000234   
       234   4  4.371978E+05  4.304809E+05  4.671716E+03 -4.896560E+04 -9.123396E+03 -8.329469E+03 _shell_0000000234   
       234   5 -4.218709E+05 -4.125516E+05  4.681998E+03  5.780523E+04 -8.886158E+03 -8.123162E+03 _shell_0000000234   
       234   6 -4.261213E+05 -4.267606E+05  4.212687E+02  5.416197E+04 -3.154626E+03 -4.087347E+02 _shell_0000000234   
       234   7 -4.322249E+05 -4.156500E+05  1.574166E+03  5.280949E+04 -3.301672E+03 -2.612297E+02 _shell_0000000234   
       234   8 -4.364826E+05 -4.298661E+05 -2.684303E+03  4.917010E+04 -9.039256E+03 -8.275893E+03 _shell_0000000234   
       235   1  4.367429E+05  4.367216E+05 -2.222227E+03 -4.423161E+04 -7.482415E+03 -7.482410E+03 _shell_0000000235   
       235   2  4.399705E+05  4.475436E+05  9.975233E+02 -4.044836E+04 -1.517765E+03 -1.637918E+03 _shell_0000000235   
       235   3  4.475708E+05  4.399492E+05  9.965436E+02 -4.044836E+04 -1.637926E+03 -1.517758E+03 _shell_0000000235   
       235   4  4.507927E+05  4.507655E+05  4.218153E+03 -3.666018E+04 -7.596325E+03 -7.596320E+03 _shell_0000000235   
       235   5 -4.360308E+05 -4.360521E+05  4.227341E+03  4.438275E+04 -7.416060E+03 -7.416055E+03 _shell_0000000235   
       235   6 -4.392527E+05 -4.468221E+05  9.975312E+02  4.059478E+04 -1.457559E+03 -1.566790E+03 _shell_0000000235   
       235   7 -4.467949E+05 -4.392740E+05  9.965530E+02  4.059478E+04 -1.566797E+03 -1.457552E+03 _shell_0000000235   
       235   8 -4.500225E+05 -4.500497E+05 -2.231397E+03  3.681174E+04 -7.531612E+03 -7.531607E+03 _shell_0000000235   
       236   1  4.466640E+05  4.541650E+05 -1.735842E+03 -3.040268E+04 -6.023673E+03 -6.693148E+03 _shell_0000000236   
       236   2  4.488315E+05  4.614326E+05  4.264650E+02 -2.652147E+04  9.591237E+01 -2.767812E+03 _shell_0000000236   
       236   3  4.577727E+05  4.574755E+05  1.566765E+03 -2.786329E+04  1.468700E+01 -2.686241E+03 _shell_0000000236   
       236   4  4.599363E+05  4.647392E+05  3.730400E+03 -2.397638E+04 -6.098473E+03 -6.767660E+03 _shell_0000000236   
       236   5 -4.459161E+05 -4.534091E+05  3.738265E+03  3.049846E+04 -5.977295E+03 -6.616500E+03 _shell_0000000236   
       236   6 -4.480798E+05 -4.606413E+05  1.569461E+03  2.661179E+04  1.359652E+02 -2.687851E+03 _shell_0000000236   
       236   7 -4.569603E+05 -4.567157E+05  4.237913E+02  2.795351E+04  6.441254E+01 -2.616594E+03 _shell_0000000236   
       236   8 -4.591278E+05 -4.639518E+05 -1.743684E+03  2.407254E+04 -6.055336E+03 -6.694882E+03 _shell_0000000236   
       237   1  4.526820E+05  4.653850E+05 -1.222287E+03 -1.627351E+04 -4.575851E+03 -5.818274E+03 _shell_0000000237   
       237   2  4.537703E+05  4.690338E+05 -1.362738E+02 -1.233548E+04  1.633627E+03 -3.847109E+03 _shell_0000000237   
       237   3  4.639533E+05  4.687432E+05  2.129151E+03 -1.500008E+04  1.591369E+03 -3.804317E+03 _shell_0000000237   
       237   4  4.650396E+05  4.723900E+05  3.215876E+03 -1.105588E+04 -4.611582E+03 -5.853508E+03 _shell_0000000237   
       237   5 -4.519149E+05 -4.645740E+05  3.222232E+03  1.631265E+04 -4.550732E+03 -5.734916E+03 _shell_0000000237   
       237   6 -4.530013E+05 -4.682059E+05  2.133506E+03  1.236871E+04  1.652318E+03 -3.762049E+03 _shell_0000000237   
       237   7 -4.631219E+05 -4.679301E+05 -1.406034E+02  1.503312E+04  1.618268E+03 -3.728504E+03 _shell_0000000237   
       237   8 -4.642102E+05 -4.715640E+05 -1.228618E+03  1.109535E+04 -4.591372E+03 -5.776087E+03 _shell_0000000237   
       238   1  4.550243E+05  4.703466E+05 -6.876671E+02 -1.988639E+03 -3.119458E+03 -4.866757E+03 _shell_0000000238   
       238   2  4.550243E+05  4.703452E+05 -6.870870E+02  1.968003E+03  3.119460E+03 -4.866761E+03 _shell_0000000238   
       238   3  4.663482E+05  4.737197E+05  2.680065E+03 -1.991802E+03  3.116174E+03 -4.862892E+03 _shell_0000000238   
       238   4  4.663482E+05  4.737183E+05  2.680697E+03  1.971168E+03 -3.116185E+03 -4.862899E+03 _shell_0000000238   
       238   5 -4.542549E+05 -4.695148E+05  2.685400E+03  1.971053E+03 -3.116234E+03 -4.780557E+03 _shell_0000000238   
       238   6 -4.542549E+05 -4.695162E+05  2.685979E+03 -1.991649E+03  3.116224E+03 -4.780550E+03 _shell_0000000238   
       238   7 -4.655158E+05 -4.728878E+05 -6.929749E+02  1.967888E+03  3.119541E+03 -4.784453E+03 _shell_0000000238   
       238   8 -4.655158E+05 -4.728892E+05 -6.923440E+02 -1.988487E+03 -3.119539E+03 -4.784449E+03 _shell_0000000238   
       239   1  4.537632E+05  4.690282E+05 -1.369672E+02  1.231549E+04 -1.633625E+03 -3.847105E+03 _shell_0000000239   
       239   2  4.526749E+05  4.653763E+05 -1.221847E+03  1.625352E+04  4.575853E+03 -5.818279E+03 _shell_0000000239   
       239   3  4.650328E+05  4.723843E+05  3.215353E+03  1.103589E+04  4.611572E+03 -5.853501E+03 _shell_0000000239   
       239   4  4.639464E+05  4.687345E+05  2.129862E+03  1.498009E+04 -1.591380E+03 -3.804324E+03 _shell_0000000239   
       239   5 -4.530084E+05 -4.682115E+05  2.132814E+03 -1.238866E+04 -1.652328E+03 -3.762057E+03 _shell_0000000239   
       239   6 -4.519221E+05 -4.645828E+05  3.222671E+03 -1.633260E+04  4.550723E+03 -5.734909E+03 _shell_0000000239   
       239   7 -4.642171E+05 -4.715697E+05 -1.229140E+03 -1.111530E+04  4.591373E+03 -5.776091E+03 _shell_0000000239   
       239   8 -4.631287E+05 -4.679389E+05 -1.398939E+02 -1.505308E+04 -1.618267E+03 -3.728500E+03 _shell_0000000239   
       240   1  4.488175E+05  4.614194E+05  4.256827E+02  2.650343E+04 -9.591214E+01 -2.767808E+03 _shell_0000000240   
       240   2  4.466500E+05  4.541479E+05 -1.735574E+03  3.038464E+04  6.023675E+03 -6.693152E+03 _shell_0000000240   
       240   3  4.599230E+05  4.647260E+05  3.730018E+03  2.395834E+04  6.098464E+03 -6.767654E+03 _shell_0000000240   
       240   4  4.577594E+05  4.574585E+05  1.567523E+03  2.784525E+04 -1.469727E+01 -2.686247E+03 _shell_0000000240   
       240   5 -4.480938E+05 -4.606545E+05  1.568680E+03 -2.662979E+04 -1.359749E+02 -2.687857E+03 _shell_0000000240   
       240   6 -4.459302E+05 -4.534262E+05  3.738532E+03 -3.051646E+04  5.977286E+03 -6.616494E+03 _shell_0000000240   
       240   7 -4.591412E+05 -4.639651E+05 -1.744065E+03 -2.409054E+04  6.055337E+03 -6.694886E+03 _shell_0000000240   
       240   8 -4.569736E+05 -4.567328E+05  4.245483E+02 -2.797151E+04 -6.441284E+01 -2.616590E+03 _shell_0000000240   
       241   1  4.399504E+05  4.475215E+05  9.966790E+02  4.043359E+04  1.517764E+03 -1.637915E+03 _shell_0000000241   
       241   2  4.367228E+05  4.366943E+05 -2.222166E+03  4.421685E+04  7.482415E+03 -7.482413E+03 _shell_0000000241   
       241   3  4.507737E+05  4.507434E+05  4.217948E+03  3.664542E+04  7.596317E+03 -7.596314E+03 _shell_0000000241   
       241   4  4.475518E+05  4.399219E+05  9.973127E+02  4.043359E+04  1.637916E+03 -1.517763E+03 _shell_0000000241   
       241   5 -4.392730E+05 -4.468443E+05  9.966884E+02 -4.060952E+04  1.457550E+03 -1.566795E+03 _shell_0000000241   
       241   6 -4.360510E+05 -4.360795E+05  4.227401E+03 -4.439749E+04  7.416052E+03 -7.416050E+03 _shell_0000000241   
       241   7 -4.500417E+05 -4.500719E+05 -2.231602E+03 -3.682647E+04  7.531611E+03 -7.531609E+03 _shell_0000000241   
       241   8 -4.468140E+05 -4.393015E+05  9.973206E+02 -4.060952E+04  1.566796E+03 -1.457549E+03 _shell_0000000241   
       242   1  4.267644E+05  4.273493E+05  1.572549E+03  5.395141E+04  3.233047E+03 -4.676755E+02 _shell_0000000242   
       242   2  4.225067E+05  4.130672E+05 -2.674212E+03  5.759096E+04  8.970467E+03 -8.176101E+03 _shell_0000000242   
       242   3  4.371743E+05  4.304476E+05  4.671720E+03  4.895542E+04  9.123389E+03 -8.329465E+03 _shell_0000000242   
       242   4  4.329238E+05  4.161727E+05  4.227367E+02  5.259883E+04  3.391959E+03 -3.091452E+02 _shell_0000000242   
       242   5 -4.261467E+05 -4.267939E+05  4.204013E+02 -5.417213E+04  3.154618E+03 -4.087371E+02 _shell_0000000242   
       242   6 -4.218963E+05 -4.125920E+05  4.681818E+03 -5.781539E+04  8.886152E+03 -8.123158E+03 _shell_0000000242   
       242   7 -4.365063E+05 -4.298994E+05 -2.684300E+03 -4.918026E+04  9.039254E+03 -8.275894E+03 _shell_0000000242   
       242   8 -4.322486E+05 -4.156904E+05  1.574896E+03 -5.281966E+04  3.301668E+03 -2.612275E+02 _shell_0000000242   
       243   1  4.086932E+05  4.009359E+05  2.149519E+03  6.688409E+04  5.076819E+03  7.307195E+02 _shell_0000000243   
       243   2  4.034480E+05  3.833425E+05 -3.082940E+03  7.032833E+04  1.050549E+04 -8.764010E+03 _shell_0000000243   
       243   3  4.185417E+05  4.038667E+05  5.082552E+03  6.073033E+04  1.069704E+04 -8.955960E+03 _shell_0000000243   
       243   4  4.133051E+05  3.862816E+05 -1.523934E+02  6.417712E+04  5.273994E+03  9.265258E+02 _shell_0000000243   
       243   5 -4.081468E+05 -4.005335E+05 -1.563280E+02 -6.714374E+04  4.982961E+03  7.746772E+02 _shell_0000000243   
       243   6 -4.029102E+05 -3.830357E+05  5.092961E+03 -7.059043E+04  1.040611E+04 -8.726983E+03 _shell_0000000243   
       243   7 -4.179502E+05 -4.034726E+05 -3.093346E+03 -6.099284E+04  1.059655E+04 -8.916088E+03 _shell_0000000243   
       243   8 -4.127050E+05 -3.859667E+05  2.153456E+03 -6.443698E+04  5.167704E+03  9.598718E+02 _shell_0000000243   
       244   1  3.849913E+05  3.683389E+05  2.722873E+03  7.903539E+04  7.076657E+03  1.942631E+03 _shell_0000000244   
       244   2  3.788164E+05  3.476279E+05 -3.438202E+03  8.222630E+04  1.210500E+04 -9.230599E+03 _shell_0000000244   
       244   3  3.941123E+05  3.710531E+05  5.440283E+03  7.179141E+04  1.233424E+04 -9.462833E+03 _shell_0000000244   
       244   4  3.879468E+05  3.503509E+05 -7.233312E+02  7.498334E+04  7.311051E+03  2.177247E+03 _shell_0000000244   
       244   5 -3.845251E+05 -3.681166E+05 -7.287401E+02 -7.932691E+04  6.971161E+03  1.969533E+03 _shell_0000000244   
       244   6 -3.783596E+05 -3.475140E+05  5.450617E+03 -8.251881E+04  1.199446E+04 -9.211186E+03 _shell_0000000244   
       244   7 -3.936069E+05 -3.708396E+05 -3.448541E+03 -7.208430E+04  1.222154E+04 -9.438562E+03 _shell_0000000244   
       244   8 -3.874320E+05 -3.502282E+05  2.728276E+03 -7.527518E+04  7.193024E+03  2.194478E+03 _shell_0000000244   
       245   1  3.547250E+05  3.296490E+05  3.287000E+03  9.019341E+04  9.259320E+03  3.149305E+03 _shell_0000000245   
       245   2  3.476942E+05  3.060684E+05 -3.729456E+03  9.306707E+04  1.378649E+04 -9.582254E+03 _shell_0000000245   
       245   3  3.629356E+05  3.320922E+05  5.734330E+03  8.194576E+04  1.405168E+04 -9.838816E+03 _shell_0000000245   
       245   4  3.559146E+05  3.085205E+05 -1.284452E+03  8.481877E+04  9.529073E+03  3.406688E+03 _shell_0000000245   
       245   5 -3.543453E+05 -3.296289E+05 -1.291235E+03 -9.050805E+04  9.147145E+03  3.157963E+03 _shell_0000000245   
       245   6 -3.473243E+05 -3.061666E+05  5.744104E+03 -9.338109E+04  1.366986E+04 -9.581202E+03 _shell_0000000245   
       245   7 -3.625234E+05 -3.320811E+05 -3.739242E+03 -8.226011E+04  1.393217E+04 -9.831238E+03 _shell_0000000245   
       245   8 -3.554926E+05 -3.086098E+05  3.293769E+03 -8.513380E+04  9.404824E+03  3.407134E+03 _shell_0000000245   
       246   1  3.167505E+05  2.849965E+05  3.831620E+03  1.000905E+05  1.165167E+04  4.333240E+03 _shell_0000000246   
       246   2  3.089616E+05  2.588741E+05 -3.943159E+03  1.025789E+05  1.557051E+04 -9.703778E+03 _shell_0000000246   
       246   3  3.238567E+05  2.871110E+05  5.951104E+03  9.095369E+04  1.586883E+04 -1.005723E+04 _shell_0000000246   
       246   4  3.160775E+05  2.609971E+05 -1.825487E+03  9.343970E+04  1.195386E+04  4.685961E+03 _shell_0000000246   
       246   5 -3.164605E+05 -2.851959E+05 -1.833639E+03 -1.004166E+05  1.153910E+04  4.323515E+03 _shell_0000000246   
       246   6 -3.086814E+05 -2.591991E+05  5.959670E+03 -1.029028E+05  1.545419E+04 -9.720723E+03 _shell_0000000246   
       246   7 -3.235411E+05 -2.873191E+05 -3.951745E+03 -9.127779E+04  1.574928E+04 -1.006648E+04 _shell_0000000246   
       246   8 -3.157522E+05 -2.613137E+05  3.839752E+03 -9.376634E+04  1.183028E+04  4.669967E+03 _shell_0000000246   
       247   1  2.697738E+05  2.345698E+05  4.358613E+03  1.086470E+05  1.426569E+04  5.448022E+03 _shell_0000000247   
       247   2  2.613209E+05  2.062200E+05 -4.081304E+03  1.106819E+05  1.746854E+04 -1.012776E+04 _shell_0000000247   
       247   3  2.755809E+05  2.362976E+05  6.092437E+03  9.873124E+04  1.779580E+04 -1.017134E+04 _shell_0000000247   
       247   4  2.671370E+05  2.079554E+05 -2.348431E+03  1.007620E+05  1.459600E+04  5.489401E+03 _shell_0000000247   
       247   5 -2.695734E+05 -2.350019E+05 -2.358060E+03 -1.089680E+05  1.416040E+04  5.420860E+03 _shell_0000000247   
       247   6 -2.611296E+05 -2.067843E+05  6.098787E+03 -1.109989E+05  1.736032E+04 -1.016123E+04 _shell_0000000247   
       247   7 -2.753612E+05 -2.367376E+05 -4.087678E+03 -9.904844E+04  1.768443E+04 -1.019654E+04 _shell_0000000247   
       247   8 -2.669084E+05 -2.085123E+05  4.368217E+03 -1.010834E+05  1.448141E+04  5.458331E+03 _shell_0000000247   
       248   1  2.120065E+05  1.785695E+05  4.790248E+03  1.147370E+05  1.716579E+04  6.580907E+03 _shell_0000000248   
       248   2  2.031356E+05  1.488137E+05 -4.069839E+03  1.162533E+05  1.955109E+04 -7.938642E+03 _shell_0000000248   
       248   3  2.163321E+05  1.798559E+05  6.084208E+03  1.043305E+05  1.990206E+04 -9.813035E+03 _shell_0000000248   
       248   4  2.074688E+05  1.501064E+05 -2.775639E+03  1.058413E+05  1.751897E+04  8.451910E+03 _shell_0000000248   
       248   5 -2.118914E+05 -1.792466E+05 -2.787092E+03 -1.150277E+05  1.707688E+04  6.538889E+03 _shell_0000000248   
       248   6 -2.030282E+05 -1.496317E+05  6.086901E+03 -1.165394E+05  1.946009E+04 -7.985478E+03 _shell_0000000248   
       248   7 -2.162013E+05 -1.805395E+05 -4.072556E+03 -1.046160E+05  1.980851E+04 -9.851853E+03 _shell_0000000248   
       248   8 -2.073305E+05 -1.509184E+05  4.801676E+03 -1.061332E+05  1.742305E+04  8.408633E+03 _shell_0000000248   
       249   1  1.430369E+05  1.174856E+05  5.459109E+03  1.228755E+05  2.009657E+04  7.092804E+03 _shell_0000000249   
       249   2  1.333154E+05  8.486960E+04 -4.255207E+03  1.238265E+05  2.158624E+04 -1.862316E+04 _shell_0000000249   
       249   3  1.457420E+05  1.182887E+05  6.272266E+03  1.114701E+05  2.195217E+04 -1.087615E+04 _shell_0000000249   
       249   4  1.360261E+05  8.567727E+04 -3.440315E+03  1.124140E+05  2.046384E+04 -6.587799E+02 _shell_0000000249   
       249   5 -1.429953E+05 -1.184248E+05 -3.454090E+03 -1.230969E+05  2.003390E+04  7.037465E+03 _shell_0000000249   
       249   6 -1.332795E+05 -8.596795E+04  6.268937E+03 -1.240370E+05  2.152238E+04 -1.868144E+04 _shell_0000000249   
       249   7 -1.456834E+05 -1.192327E+05 -4.251898E+03 -1.116845E+05  2.188681E+04 -1.092706E+04 _shell_0000000249   
       249   8 -1.359620E+05 -8.677124E+04  5.472864E+03 -1.126318E+05  2.039697E+04 -7.123605E+02 _shell_0000000249   
       250   1  5.398081E+04  5.062149E+04  4.499462E+03  1.076925E+05  2.445702E+04  1.021421E+04 _shell_0000000250   
       250   2  4.671326E+04  2.619915E+04 -2.766761E+03  1.080065E+05  2.496493E+04  4.043155E+04 _shell_0000000250   
       250   3  5.491283E+04  5.089462E+04  4.786725E+03  9.916560E+04  2.534717E+04 -3.220298E+03 _shell_0000000250   
       250   4  4.764816E+04  2.647471E+04 -2.475745E+03  9.947379E+04  2.484043E+04  5.386236E+04 _shell_0000000250   
       250   5 -5.399122E+04 -5.185506E+04 -2.492179E+03 -1.077874E+05  2.443327E+04  1.016067E+04 _shell_0000000250   
       250   6 -4.672661E+04 -2.762624E+04  4.773765E+03 -1.081178E+05  2.494009E+04  4.037777E+04 _shell_0000000250   
       250   7 -5.489680E+04 -5.213082E+04 -2.753808E+03 -9.925485E+04  2.532315E+04 -3.270181E+03 _shell_0000000250   
       250   8 -4.762931E+04 -2.789957E+04  4.515888E+03 -9.959101E+04  2.481515E+04  5.381232E+04 _shell_0000000250   
       251   1  4.811335E+04  2.687995E+04 -2.761988E+03 -7.374542E+04 -2.549423E+04  2.475830E+04 _shell_0000000251   
       251   2  5.546996E+04  5.161155E+04  4.592497E+03 -7.353693E+04 -2.515869E+04  9.149039E+03 _shell_0000000251   
       251   3  4.873267E+04  2.706209E+04 -2.567993E+03 -6.510728E+04 -2.540938E+04  3.835427E+04 _shell_0000000251   
       251   4  5.608726E+04  5.179200E+04  4.783802E+03 -6.490538E+04 -2.574434E+04 -4.451178E+03 _shell_0000000251   
       251   5 -4.811976E+04 -2.800507E+04  4.774940E+03  7.382787E+04 -2.546733E+04  2.472013E+04 _shell_0000000251   
       251   6 -5.547430E+04 -5.252381E+04 -2.581719E+03  7.361056E+04 -2.513232E+04  9.111013E+03 _shell_0000000251   
       251   7 -4.871478E+04 -2.818565E+04  4.606213E+03  6.519641E+04 -2.538221E+04  3.832038E+04 _shell_0000000251   
       251   8 -5.607133E+04 -5.270609E+04 -2.753135E+03  6.497250E+04 -2.571781E+04 -4.485000E+03 _shell_0000000251   
       252   1  1.374663E+05  8.669967E+04 -4.179430E+03 -8.483932E+04 -2.192421E+04 -1.553810E+04 _shell_0000000252   
       252   2  1.473129E+05  1.197356E+05  5.659058E+03 -8.420833E+04 -2.093858E+04  7.853168E+03 _shell_0000000252   
       252   3  1.392603E+05  8.723409E+04 -3.639163E+03 -7.327830E+04 -2.117935E+04  2.658878E+03 _shell_0000000252   
       252   4  1.491031E+05  1.202668E+05  6.197956E+03 -7.265554E+04 -2.216394E+04 -1.034908E+04 _shell_0000000252   
       252   5 -1.374091E+05 -8.746486E+04  6.198135E+03  8.500101E+04 -2.185334E+04 -1.557965E+04 _shell_0000000252   
       252   6 -1.472518E+05 -1.203455E+05 -3.652730E+03  8.438084E+04 -2.086865E+04  7.813621E+03 _shell_0000000252   
       252   7 -1.391831E+05 -8.799625E+04  5.672600E+03  7.344844E+04 -2.110646E+04  2.622720E+03 _shell_0000000252   
       252   8 -1.490297E+05 -1.208801E+05 -4.179633E+03  7.282004E+04 -2.209221E+04 -1.038349E+04 _shell_0000000252   
       253   1  2.098527E+05  1.518794E+05 -3.913638E+03 -7.962969E+04 -1.971633E+04 -8.118986E+03 _shell_0000000253   
       253   2  2.188492E+05  1.820501E+05  5.071051E+03 -7.862307E+04 -1.813470E+04  7.258689E+03 _shell_0000000253   
       253   3  2.127251E+05  1.527366E+05 -3.055111E+03 -6.906837E+04 -1.836679E+04  8.505601E+03 _shell_0000000253   
       253   4  2.217163E+05  1.829029E+05  5.929217E+03 -6.806820E+04 -1.994645E+04 -9.369896E+03 _shell_0000000253   
       253   5 -2.096991E+05 -1.523669E+05  5.935183E+03  7.985023E+04 -1.961463E+04 -8.152465E+03 _shell_0000000253   
       253   6 -2.186902E+05 -1.824156E+05 -3.067725E+03  7.884937E+04 -1.803490E+04  7.228519E+03 _shell_0000000253   
       253   7 -2.125517E+05 -1.532199E+05  5.083633E+03  6.929567E+04 -1.826176E+04  8.476285E+03 _shell_0000000253   
       253   8 -2.215481E+05 -1.832729E+05 -3.919636E+03  6.828837E+04 -1.984351E+04 -9.396256E+03 _shell_0000000253   
       254   1  2.703998E+05  2.104719E+05 -3.856036E+03 -7.585724E+04 -1.746130E+04 -9.456204E+03 _shell_0000000254   
       254   2  2.789861E+05  2.392589E+05  4.716473E+03 -7.450437E+04 -1.533309E+04  6.386424E+03 _shell_0000000254   
       254   3  2.742624E+05  2.116249E+05 -2.704912E+03 -6.577886E+04 -1.555090E+04  6.409711E+03 _shell_0000000254   
       254   4  2.828424E+05  2.404066E+05  5.868071E+03 -6.443078E+04 -1.767614E+04 -9.482212E+03 _shell_0000000254   
       254   5 -2.701334E+05 -2.107299E+05  5.877451E+03  7.609999E+04 -1.733950E+04 -9.480298E+03 _shell_0000000254   
       254   6 -2.787133E+05 -2.394122E+05 -2.716195E+03  7.475186E+04 -1.521420E+04  6.366680E+03 _shell_0000000254   
       254   7 -2.739736E+05 -2.118778E+05  4.727724E+03  6.602679E+04 -1.542477E+04  6.388538E+03 _shell_0000000254   
       254   8 -2.825598E+05 -2.405654E+05 -3.865448E+03  6.467387E+04 -1.755310E+04 -9.499464E+03 _shell_0000000254   
       255   1  3.201401E+05  2.642797E+05 -3.656998E+03 -7.034263E+04 -1.540054E+04 -8.967245E+03 _shell_0000000255   
       255   2  3.280665E+05  2.908522E+05  4.254968E+03 -6.868527E+04 -1.279075E+04  5.446303E+03 _shell_0000000255   
       255   3  3.248759E+05  2.656933E+05 -2.247596E+03 -6.104014E+04 -1.299078E+04  5.679111E+03 _shell_0000000255   
       255   4  3.327956E+05  2.922599E+05  5.665478E+03 -5.938560E+04 -1.559662E+04 -9.201204E+03 _shell_0000000255   
       255   5 -3.197569E+05 -2.643350E+05  5.676617E+03  7.058624E+04 -1.526885E+04 -8.979712E+03 _shell_0000000255   
       255   6 -3.276765E+05 -2.908119E+05 -2.257351E+03  6.893161E+04 -1.266294E+04  5.438834E+03 _shell_0000000255   
       255   7 -3.244665E+05 -2.657428E+05  4.264695E+03  6.128698E+04 -1.285412E+04  5.668008E+03 _shell_0000000255   
       255   8 -3.323928E+05 -2.922256E+05 -3.668165E+03  5.962953E+04 -1.546404E+04 -9.207772E+03 _shell_0000000255   
       256   1  3.606869E+05  3.125757E+05 -3.390741E+03 -6.385992E+04 -1.346576E+04 -8.649778E+03 _shell_0000000256   
       256   2  3.678554E+05  3.366077E+05  3.763631E+03 -6.194231E+04 -1.044417E+04  4.426144E+03 _shell_0000000256   
       256   3  3.661699E+05  3.142119E+05 -1.760124E+03 -5.544818E+04 -1.062348E+04  4.596231E+03 _shell_0000000256   
       256   4  3.733315E+05  3.382378E+05  5.395762E+03 -5.353139E+04 -1.364024E+04 -8.819338E+03 _shell_0000000256   
       256   5 -3.601913E+05 -3.124447E+05  5.407457E+03  6.408941E+04 -1.333301E+04 -8.649564E+03 _shell_0000000256   
       256   6 -3.673529E+05 -3.363872E+05 -1.768231E+03  6.217260E+04 -1.031618E+04  4.431641E+03 _shell_0000000256   
       256   7 -3.656435E+05 -3.140749E+05  3.771718E+03  5.567891E+04 -1.048550E+04  4.596130E+03 _shell_0000000256   
       256   8 -3.728119E+05 -3.380235E+05 -3.402455E+03  5.376128E+04 -1.350722E+04 -8.814623E+03 _shell_0000000256   
       257   1  3.933328E+05  3.551651E+05 -3.054182E+03 -5.645564E+04 -1.164713E+04 -8.144633E+03 _shell_0000000257   
       257   2  3.996401E+05  3.763115E+05  3.240043E+03 -5.432244E+04 -8.284143E+03  3.354629E+03 _shell_0000000257   
       257   3  3.994354E+05  3.569857E+05 -1.239927E+03 -4.905565E+04 -8.440643E+03  3.510472E+03 _shell_0000000257   
       257   4  4.057362E+05  3.781261E+05  5.056013E+03 -4.692132E+04 -1.179804E+04 -8.298261E+03 _shell_0000000257   
       257   5 -3.927343E+05 -3.548611E+05  5.067462E+03  5.666139E+04 -1.152071E+04 -8.131463E+03 _shell_0000000257   
       257   6 -3.990351E+05 -3.759241E+05 -1.246330E+03  5.452709E+04 -8.163248E+03  3.373017E+03 _shell_0000000257   
       257   7 -3.988019E+05 -3.566758E+05  3.246437E+03  4.926067E+04 -8.309071E+03  3.521624E+03 _shell_0000000257   
       257   8 -4.051092E+05 -3.777448E+05 -3.065641E+03  4.712749E+04 -1.167218E+04 -8.282335E+03 _shell_0000000257   
       258   1  4.192071E+05  3.918136E+05 -2.659794E+03 -4.831311E+04 -9.924290E+03 -7.535674E+03 _shell_0000000258   
       258   2  4.245735E+05  4.098070E+05  2.695096E+03 -4.600681E+04 -6.287039E+03  2.250674E+03 _shell_0000000258   
       258   3  4.258077E+05  3.937823E+05 -6.978278E+02 -4.201820E+04 -6.419308E+03  2.381378E+03 _shell_0000000258   
       258   4  4.311682E+05  4.117700E+05  4.658786E+03 -3.970900E+04 -1.005035E+04 -7.662561E+03 _shell_0000000258   
       258   5 -4.185189E+05 -3.913515E+05  4.669449E+03  4.848893E+04 -9.810180E+03 -7.510056E+03 _shell_0000000258   
       258   6 -4.238794E+05 -4.092696E+05 -7.024843E+02  4.617979E+04 -6.179076E+03  2.281134E+03 _shell_0000000258   
       258   7 -4.250808E+05 -3.933145E+05  2.699755E+03  4.219147E+04 -6.300423E+03  2.403352E+03 _shell_0000000258   
       258   8 -4.304472E+05 -4.112383E+05 -2.670454E+03  3.988525E+04 -9.937800E+03 -7.636145E+03 _shell_0000000258   
       259   1  4.392450E+05  4.223518E+05 -2.217152E+03 -3.958054E+04 -8.279149E+03 -6.823551E+03 _shell_0000000259   
       259   2  4.436072E+05  4.369795E+05  2.135565E+03 -3.714017E+04 -4.429326E+03  1.132269E+03 _shell_0000000259   
       259   3  4.462314E+05  4.244350E+05 -1.405691E+02 -3.446470E+04 -4.536489E+03  1.238686E+03 _shell_0000000259   
       259   4  4.505886E+05  4.390577E+05  4.213723E+03 -3.201988E+04 -8.379617E+03 -6.924726E+03 _shell_0000000259   
       259   5 -4.384822E+05 -4.217502E+05  4.223238E+03  3.972247E+04 -8.182015E+03 -6.786673E+03 _shell_0000000259   
       259   6 -4.428394E+05 -4.363135E+05 -1.434448E+02  3.727776E+04 -4.338828E+03  1.173346E+03 _shell_0000000259   
       259   7 -4.454272E+05 -4.238284E+05  2.138454E+03  3.460249E+04 -4.435213E+03  1.270461E+03 _shell_0000000259   
       259   8 -4.497895E+05 -4.383967E+05 -2.226654E+03  3.216223E+04 -8.285161E+03 -6.889090E+03 _shell_0000000259   
       260   1  4.541974E+05  4.466489E+05 -1.735692E+03 -3.039781E+04 -6.693156E+03 -6.023672E+03 _shell_0000000260   
       260   2  4.575079E+05  4.577505E+05  1.567605E+03 -2.785842E+04 -2.686250E+03  1.469441E+01 _shell_0000000260   
       260   3  4.614688E+05  4.488164E+05  4.256992E+02 -2.651660E+04 -2.767819E+03  9.591584E+01 _shell_0000000260   
       260   4  4.647754E+05  4.599141E+05  3.730295E+03 -2.397151E+04 -6.767665E+03 -6.098467E+03 _shell_0000000260   
       260   5 -4.533767E+05 -4.459312E+05  3.738414E+03  3.050332E+04 -6.616505E+03 -5.977290E+03 _shell_0000000260   
       260   6 -4.566833E+05 -4.569824E+05  4.246301E+02  2.795837E+04 -2.616600E+03  6.441661E+01 _shell_0000000260   
       260   7 -4.606051E+05 -4.480948E+05  1.568696E+03  2.661665E+04 -2.687861E+03  1.359719E+02 _shell_0000000260   
       260   8 -4.639156E+05 -4.591499E+05 -1.743789E+03  2.407740E+04 -6.694891E+03 -6.055334E+03 _shell_0000000260   
       261   1  4.646371E+05  4.646094E+05 -1.223781E+03 -2.088969E+04 -5.147489E+03 -5.147485E+03 _shell_0000000261   
       261   2  4.668621E+05  4.720707E+05  9.964542E+02 -1.828260E+04 -1.033150E+03 -1.088871E+03 _shell_0000000261   
       261   3  4.721033E+05  4.668344E+05  9.957258E+02 -1.828260E+04 -1.088878E+03 -1.033143E+03 _shell_0000000261   
       261   4  4.743255E+05  4.742930E+05  3.216889E+03 -1.566890E+04 -5.195908E+03 -5.195903E+03 _shell_0000000261   
       261   5 -4.637763E+05 -4.638041E+05  3.223435E+03  2.095721E+04 -5.093814E+03 -5.093809E+03 _shell_0000000261   
       261   6 -4.659986E+05 -4.712312E+05  9.964681E+02  1.834367E+04 -9.867259E+02 -1.032875E+03 _shell_0000000261   
       261   7 -4.711987E+05 -4.660263E+05  9.957412E+02  1.834367E+04 -1.032882E+03 -9.867194E+02 _shell_0000000261   
       261   8 -4.734236E+05 -4.734562E+05 -1.230297E+03  1.573674E+04 -5.147344E+03 -5.147339E+03 _shell_0000000261   
       262   1  4.709662E+05  4.761662E+05 -6.887398E+02 -1.116838E+04 -3.622723E+03 -4.205974E+03 _shell_0000000262   
       262   2  4.720839E+05  4.799139E+05  4.269137E+02 -8.521943E+03  5.540767E+02 -2.166955E+03 _shell_0000000262   
       262   3  4.785452E+05  4.784242E+05  1.564692E+03 -9.860587E+03  5.243042E+02 -2.136980E+03 _shell_0000000262   
       262   4  4.796616E+05  4.821705E+05  2.680841E+03 -7.206983E+03 -3.645040E+03 -4.228094E+03 _shell_0000000262   
       262   5 -4.700836E+05 -4.753054E+05  2.685684E+03  1.119714E+04 -3.593624E+03 -4.147543E+03 _shell_0000000262   
       262   6 -4.712000E+05 -4.790372E+05  1.567217E+03  8.543710E+03  5.757765E+02 -2.107333E+03 _shell_0000000262   
       262   7 -4.776190E+05 -4.775621E+05  4.244219E+02  9.882260E+03  5.546358E+02 -2.086392E+03 _shell_0000000262   
       262   8 -4.787368E+05 -4.812952E+05 -6.935486E+02  7.236006E+03 -3.622286E+03 -4.176407E+03 _shell_0000000262   
       263   1  4.734210E+05  4.812743E+05 -1.368915E+02 -1.336476E+03 -2.098640E+03 -3.209234E+03 _shell_0000000263   
       263   2  4.734210E+05  4.812726E+05 -1.363142E+02  1.322853E+03  2.098638E+03 -3.209236E+03 _shell_0000000263   
       263   3  4.810367E+05  4.835427E+05  2.127875E+03 -1.340155E+03  2.094882E+03 -3.205212E+03 _shell_0000000263   
       263   4  4.810367E+05  4.835410E+05  2.128485E+03  1.326534E+03 -2.094892E+03 -3.205218E+03 _shell_0000000263   
       263   5 -4.725355E+05 -4.803935E+05  2.131537E+03  1.326455E+03 -2.094920E+03 -3.148794E+03 _shell_0000000263   
       263   6 -4.725355E+05 -4.803952E+05  2.132113E+03 -1.340050E+03  2.094911E+03 -3.148789E+03 _shell_0000000263   
       263   7 -4.801083E+05 -4.826619E+05 -1.405175E+02  1.322774E+03  2.098699E+03 -3.152846E+03 _shell_0000000263   
       263   8 -4.801083E+05 -4.826636E+05 -1.399090E+02 -1.336372E+03 -2.098701E+03 -3.152844E+03 _shell_0000000263   
       264   1  4.720770E+05  4.799075E+05  4.262547E+02  8.508779E+03 -5.540789E+02 -2.166953E+03 _shell_0000000264   
       264   2  4.709592E+05  4.761560E+05 -6.882790E+02  1.115521E+04  3.622721E+03 -4.205977E+03 _shell_0000000264   
       264   3  4.796549E+05  4.821641E+05  2.680308E+03  7.193821E+03  3.645031E+03 -4.228089E+03 _shell_0000000264   
       264   4  4.785385E+05  4.784141E+05  1.565340E+03  9.847426E+03 -5.243137E+02 -2.136985E+03 _shell_0000000264   
       264   5 -4.712070E+05 -4.790436E+05  1.566559E+03 -8.556848E+03 -5.757856E+02 -2.107338E+03 _shell_0000000264   
       264   6 -4.700906E+05 -4.753156E+05  2.686143E+03 -1.121027E+04  3.593616E+03 -4.147538E+03 _shell_0000000264   
       264   7 -4.787435E+05 -4.813016E+05 -6.940810E+02 -7.249145E+03  3.622284E+03 -4.176409E+03 _shell_0000000264   
       264   8 -4.776257E+05 -4.775722E+05  4.250693E+02 -9.895400E+03 -5.546383E+02 -2.086390E+03 _shell_0000000264   
       265   1  4.668486E+05  4.720557E+05  9.957477E+02  1.827081E+04  1.033147E+03 -1.088869E+03 _shell_0000000265   
       265   2  4.646237E+05  4.645898E+05 -1.223473E+03  2.087790E+04  5.147487E+03 -5.147486E+03 _shell_0000000265   
       265   3  4.743126E+05  4.742779E+05  3.216469E+03  1.565711E+04  5.195899E+03 -5.195898E+03 _shell_0000000265   
       265   4  4.720903E+05  4.668147E+05  9.963753E+02  1.827081E+04  1.088868E+03 -1.033147E+03 _shell_0000000265   
       265   5 -4.660122E+05 -4.712463E+05  9.957632E+02 -1.835543E+04  9.867169E+02 -1.032879E+03 _shell_0000000265   
       265   6 -4.637899E+05 -4.638238E+05  3.223742E+03 -2.096897E+04  5.093805E+03 -5.093804E+03 _shell_0000000265   
       265   7 -4.734367E+05 -4.734713E+05 -1.230716E+03 -1.574851E+04  5.147342E+03 -5.147341E+03 _shell_0000000265   
       265   8 -4.712117E+05 -4.660460E+05  9.963892E+02 -1.835543E+04  1.032879E+03 -9.867176E+02 _shell_0000000265   
       266   1  4.574887E+05  4.577254E+05  1.566888E+03  2.784892E+04  2.686246E+03  1.469580E+01 _shell_0000000266   
       266   2  4.541781E+05  4.466178E+05 -1.735572E+03  3.038832E+04  6.693153E+03 -6.023672E+03 _shell_0000000266   
       266   3  4.647571E+05  4.598890E+05  3.730026E+03  2.396201E+04  6.767657E+03 -6.098464E+03 _shell_0000000266   
       266   4  4.614505E+05  4.487853E+05  4.263081E+02  2.650711E+04  2.767810E+03  9.591279E+01 _shell_0000000266   
       266   5 -4.567026E+05 -4.570076E+05  4.239145E+02 -2.796784E+04  2.616592E+03  6.441349E+01 _shell_0000000266   
       266   6 -4.533961E+05 -4.459623E+05  3.738534E+03 -3.051280E+04  6.616497E+03 -5.977286E+03 _shell_0000000266   
       266   7 -4.639340E+05 -4.591751E+05 -1.744058E+03 -2.408687E+04  6.694887E+03 -6.055335E+03 _shell_0000000266   
       266   8 -4.606235E+05 -4.481259E+05  1.569304E+03 -2.662613E+04  2.687857E+03  1.359734E+02 _shell_0000000266   
       267   1  4.435835E+05  4.369422E+05  2.134881E+03  3.713382E+04  4.429321E+03  1.132270E+03 _shell_0000000267   
       267   2  4.392213E+05  4.223068E+05 -2.217248E+03  3.957419E+04  8.279145E+03 -6.823550E+03 _shell_0000000267   
       267   3  4.505663E+05  4.390204E+05  4.213637E+03  3.201353E+04  8.379610E+03 -6.924723E+03 _shell_0000000267   
       267   4  4.462091E+05  4.243899E+05 -1.400467E+02  3.445835E+04  4.536482E+03  1.238685E+03 _shell_0000000267   
       267   5 -4.428632E+05 -4.363509E+05 -1.441276E+02 -3.728410E+04  4.338820E+03  1.173345E+03 _shell_0000000267   
       267   6 -4.385061E+05 -4.217953E+05  4.223142E+03 -3.972881E+04  8.182009E+03 -6.786670E+03 _shell_0000000267   
       267   7 -4.498120E+05 -4.384341E+05 -2.226740E+03 -3.216856E+04  8.285157E+03 -6.889089E+03 _shell_0000000267   
       267   8 -4.454498E+05 -4.238736E+05  2.138975E+03 -3.460883E+04  4.435208E+03  1.270462E+03 _shell_0000000267   
       268   1  4.245470E+05  4.097548E+05  2.694498E+03  4.600432E+04  6.287033E+03  2.250675E+03 _shell_0000000268   
       268   2  4.191806E+05  3.917514E+05 -2.660117E+03  4.831062E+04  9.924285E+03 -7.535671E+03 _shell_0000000268   
       268   3  4.311435E+05  4.117177E+05  4.658905E+03  3.970651E+04  1.005035E+04 -7.662559E+03 _shell_0000000268   
       268   4  4.257830E+05  3.937200E+05 -6.974426E+02  4.201571E+04  6.419302E+03  2.381379E+03 _shell_0000000268   
       268   5 -4.239060E+05 -4.093220E+05 -7.030809E+02 -4.618228E+04  6.179070E+03  2.281135E+03 _shell_0000000268   
       268   6 -4.185456E+05 -3.914138E+05  4.669126E+03 -4.849141E+04  9.810175E+03 -7.510054E+03 _shell_0000000268   
       268   7 -4.304721E+05 -4.112907E+05 -2.670335E+03 -3.988773E+04  9.937794E+03 -7.636142E+03 _shell_0000000268   
       268   8 -4.251057E+05 -3.933769E+05  2.700139E+03 -4.219396E+04  6.300416E+03  2.403352E+03 _shell_0000000268   
       269   1  3.996129E+05  3.762409E+05  3.239596E+03  5.432422E+04  8.284135E+03  3.354629E+03 _shell_0000000269   
       269   2  3.933056E+05  3.550821E+05 -3.054712E+03  5.645742E+04  1.164712E+04 -8.144627E+03 _shell_0000000269   
       269   3  4.057112E+05  3.780555E+05  5.056337E+03  4.692310E+04  1.179804E+04 -8.298260E+03 _shell_0000000269   
       269   4  3.994104E+05  3.569028E+05 -1.239729E+03  4.905742E+04  8.440640E+03  3.510477E+03 _shell_0000000269   
       269   5 -3.990624E+05 -3.759948E+05 -1.246776E+03 -5.452532E+04  8.163244E+03  3.373022E+03 _shell_0000000269   
       269   6 -3.927617E+05 -3.549442E+05  5.066933E+03 -5.665962E+04  1.152071E+04 -8.131462E+03 _shell_0000000269   
       269   7 -4.051345E+05 -3.778155E+05 -3.065317E+03 -4.712572E+04  1.167218E+04 -8.282329E+03 _shell_0000000269   
       269   8 -3.988272E+05 -3.567588E+05  3.246633E+03 -4.925890E+04  8.309063E+03  3.521624E+03 _shell_0000000269   
       270   1  3.678299E+05  3.365154E+05  3.763403E+03  6.194825E+04  1.044416E+04  4.426143E+03 _shell_0000000270   
       270   2  3.606614E+05  3.124686E+05 -3.391413E+03  6.386586E+04  1.346575E+04 -8.649769E+03 _shell_0000000270   
       270   3  3.733083E+05  3.381454E+05  5.396258E+03  5.353733E+04  1.364025E+04 -8.819338E+03 _shell_0000000270   
       270   4  3.661466E+05  3.141048E+05 -1.760156E+03  5.545412E+04  1.062348E+04  4.596239E+03 _shell_0000000270   
       270   5 -3.673786E+05 -3.364797E+05 -1.768457E+03 -6.216666E+04  1.031618E+04  4.431649E+03 _shell_0000000270   
       270   6 -3.602170E+05 -3.125519E+05  5.406786E+03 -6.408348E+04  1.333301E+04 -8.649564E+03 _shell_0000000270   
       270   7 -3.728354E+05 -3.381160E+05 -3.401960E+03 -5.375534E+04  1.350721E+04 -8.814614E+03 _shell_0000000270   
       270   8 -3.656670E+05 -3.141821E+05  3.771685E+03 -5.567297E+04  1.048549E+04  4.596129E+03 _shell_0000000270   
       271   1  3.280450E+05  2.907348E+05  4.255020E+03  6.869460E+04  1.279074E+04  5.446302E+03 _shell_0000000271   
       271   2  3.201186E+05  2.641458E+05 -3.657697E+03  7.035196E+04  1.540053E+04 -8.967233E+03 _shell_0000000271   
       271   3  3.327760E+05  2.921425E+05  5.666073E+03  5.939493E+04  1.559663E+04 -9.201206E+03 _shell_0000000271   
       271   4  3.248564E+05  2.655594E+05 -2.247872E+03  6.104947E+04  1.299078E+04  5.679124E+03 _shell_0000000271   
       271   5 -3.276982E+05 -2.909294E+05 -2.257299E+03 -6.892229E+04  1.266294E+04  5.438847E+03 _shell_0000000271   
       271   6 -3.197787E+05 -2.644690E+05  5.675919E+03 -7.057692E+04  1.526885E+04 -8.979714E+03 _shell_0000000271   
       271   7 -3.324125E+05 -2.923431E+05 -3.667571E+03 -5.962021E+04  1.546403E+04 -9.207760E+03 _shell_0000000271   
       271   8 -3.244862E+05 -2.658768E+05  4.264418E+03 -6.127767E+04  1.285411E+04  5.668007E+03 _shell_0000000271   
       272   1  2.789702E+05  2.391142E+05  4.716830E+03  7.451554E+04  1.533308E+04  6.386423E+03 _shell_0000000272   
       272   2  2.703840E+05  2.103099E+05 -3.856610E+03  7.586841E+04  1.746129E+04 -9.456191E+03 _shell_0000000272   
       272   3  2.828280E+05  2.402620E+05  5.868655E+03  6.444196E+04  1.767615E+04 -9.482215E+03 _shell_0000000272   
       272   4  2.742480E+05  2.114629E+05 -2.705407E+03  6.579004E+04  1.555091E+04  6.409726E+03 _shell_0000000272   
       272   5 -2.787293E+05 -2.395570E+05 -2.715839E+03 -7.474071E+04  1.521420E+04  6.366695E+03 _shell_0000000272   
       272   6 -2.701494E+05 -2.108920E+05  5.876880E+03 -7.608884E+04  1.733951E+04 -9.480301E+03 _shell_0000000272   
       272   7 -2.825743E+05 -2.407101E+05 -3.864867E+03 -6.466272E+04  1.755309E+04 -9.499450E+03 _shell_0000000272   
       272   8 -2.739882E+05 -2.120399E+05  4.727229E+03 -6.601563E+04  1.542476E+04  6.388537E+03 _shell_0000000272   
       273   1  2.188397E+05  1.818775E+05  5.071679E+03  7.863390E+04  1.813469E+04  7.258687E+03 _shell_0000000273   
       273   2  2.098433E+05  1.516902E+05 -3.913925E+03  7.964053E+04  1.971632E+04 -8.118973E+03 _shell_0000000273   
       273   3  2.217075E+05  1.827303E+05  5.929656E+03  6.807903E+04  1.994647E+04 -9.369899E+03 _shell_0000000273   
       273   4  2.127163E+05  1.525473E+05 -3.055745E+03  6.907920E+04  1.836681E+04  8.505617E+03 _shell_0000000273   
       273   5 -2.186998E+05 -1.825883E+05 -3.067098E+03 -7.883857E+04  1.803491E+04  7.228535E+03 _shell_0000000273   
       273   6 -2.097086E+05 -1.525563E+05  5.934899E+03 -7.983943E+04  1.961464E+04 -8.152469E+03 _shell_0000000273   
       273   7 -2.215570E+05 -1.834456E+05 -3.919200E+03 -6.827756E+04  1.984351E+04 -9.396242E+03 _shell_0000000273   
       273   8 -2.125607E+05 -1.534093E+05  5.083000E+03 -6.928487E+04  1.826176E+04  8.476284E+03 _shell_0000000273   
       274   1  1.473092E+05  1.195365E+05  5.659851E+03  8.421635E+04  2.093857E+04  7.853167E+03 _shell_0000000274   
       274   2  1.374625E+05  8.648623E+04 -4.179311E+03  8.484735E+04  2.192420E+04 -1.553809E+04 _shell_0000000274   
       274   3  1.490991E+05  1.200677E+05  6.198124E+03  7.266356E+04  2.216396E+04 -1.034908E+04 _shell_0000000274   
       274   4  1.392563E+05  8.702063E+04 -3.639810E+03  7.328632E+04  2.117936E+04  2.658891E+03 _shell_0000000274   
       274   5 -1.472556E+05 -1.205447E+05 -3.651938E+03 -8.437285E+04  2.086866E+04  7.813635E+03 _shell_0000000274   
       274   6 -1.374129E+05 -8.767836E+04  6.198256E+03 -8.499302E+04  2.185335E+04 -1.557966E+04 _shell_0000000274   
       274   7 -1.490338E+05 -1.210792E+05 -4.179468E+03 -7.281205E+04  2.209221E+04 -1.038348E+04 _shell_0000000274   
       274   8 -1.391872E+05 -8.820977E+04  5.671954E+03 -7.344045E+04  2.110646E+04  2.622717E+03 _shell_0000000274   
       275   1  5.546964E+04  5.138990E+04  4.593285E+03  7.353996E+04  2.515869E+04  9.149038E+03 _shell_0000000275   
       275   2  4.811304E+04  2.664776E+04 -2.761429E+03  7.374846E+04  2.549423E+04  2.475831E+04 _shell_0000000275   
       275   3  5.608604E+04  5.157037E+04  4.783621E+03  6.490842E+04  2.574435E+04 -4.451180E+03 _shell_0000000275   
       275   4  4.873143E+04  2.682988E+04 -2.568498E+03  6.511031E+04  2.540939E+04  3.835429E+04 _shell_0000000275   
       275   5 -5.547464E+04 -5.274550E+04 -2.580931E+03 -7.360756E+04  2.513233E+04  9.111023E+03 _shell_0000000275   
       275   6 -4.812009E+04 -2.823729E+04  4.775501E+03 -7.382487E+04  2.546734E+04  2.472013E+04 _shell_0000000275   
       275   7 -5.607257E+04 -5.292776E+04 -2.753319E+03 -6.496950E+04  2.571781E+04 -4.484992E+03 _shell_0000000275   
       275   8 -4.871603E+04 -2.841788E+04  4.605708E+03 -6.519341E+04  2.538221E+04  3.832038E+04 _shell_0000000275   
       276   1  4.900755E+04  2.715319E+04 -2.738225E+03 -3.914079E+04 -2.579782E+04  8.969393E+03 _shell_0000000276   
       276   2  5.641474E+04  5.206871E+04  4.666460E+03 -3.903527E+04 -2.563094E+04  8.027010E+03 _shell_0000000276   
       276   3  4.931579E+04  2.724380E+04 -2.641560E+03 -3.044243E+04 -2.575484E+04  2.265963E+04 _shell_0000000276   
       276   4  5.672196E+04  5.215847E+04  4.761758E+03 -3.034402E+04 -2.592150E+04 -5.667792E+03 _shell_0000000276   
       276   5 -4.900740E+04 -2.838839E+04  4.758637E+03  3.918099E+04 -2.576965E+04  8.948645E+03 _shell_0000000276   
       276   6 -5.641350E+04 -5.306521E+04 -2.649973E+03  3.907468E+04 -2.560296E+04  8.006350E+03 _shell_0000000276   
       276   7 -4.930324E+04 -2.847822E+04  4.674862E+03  3.048983E+04 -2.572653E+04  2.264348E+04 _shell_0000000276   
       276   8 -5.671037E+04 -5.315589E+04 -2.735115E+03  3.037642E+04 -2.589345E+04 -5.683922E+03 _shell_0000000276   
       277   1  1.401121E+05  8.769322E+04 -4.079050E+03 -4.544551E+04 -2.204930E+04 -1.238816E+04 _shell_0000000277   
       277   2  1.500297E+05  1.209782E+05  5.830511E+03 -4.512899E+04 -2.155850E+04  8.547536E+03 _shell_0000000277   
       277   3  1.410053E+05  8.795926E+04 -3.810013E+03 -3.379979E+04 -2.167784E+04  5.941451E+03 _shell_0000000277   
       277   4  1.509209E+05  1.212426E+05  6.098850E+03 -3.349217E+04 -2.216779E+04 -9.787772E+03 _shell_0000000277   
       277   5 -1.400455E+05 -8.852368E+04  6.102743E+03  4.552566E+04 -2.197395E+04 -1.241098E+04 _shell_0000000277   
       277   6 -1.499610E+05 -1.216364E+05 -3.820769E+03  4.521936E+04 -2.148396E+04  8.525797E+03 _shell_0000000277   
       277   7 -1.409285E+05 -8.878818E+04  5.841238E+03  3.388907E+04 -2.160147E+04  5.924454E+03 _shell_0000000277   
       277   8 -1.508460E+05 -1.219025E+05 -4.082971E+03  3.357389E+04 -2.209234E+04 -9.803946E+03 _shell_0000000277   
       278   1  2.141345E+05  1.536429E+05 -3.733738E+03 -4.259335E+04 -1.967841E+04 -8.275823E+03 _shell_0000000278   
       278   2  2.232019E+05  1.840608E+05  5.322479E+03 -4.208980E+04 -1.888974E+04  7.859757E+03 _shell_0000000278   
       278   3  2.155661E+05  1.540701E+05 -3.305811E+03 -3.194695E+04 -1.900513E+04  8.482150E+03 _shell_0000000278   
       278   4  2.246309E+05  1.844858E+05  5.750220E+03 -3.145036E+04 -1.979199E+04 -8.902581E+03 _shell_0000000278   
       278   5 -2.139650E+05 -1.541635E+05  5.758429E+03  4.270413E+04 -1.956983E+04 -8.294204E+03 _shell_0000000278   
       278   6 -2.230296E+05 -1.844488E+05 -3.317452E+03  4.220719E+04 -1.878295E+04  7.843141E+03 _shell_0000000278   
       278   7 -2.153866E+05 -1.545886E+05  5.334084E+03  3.206503E+04 -1.889485E+04  8.468298E+03 _shell_0000000278   
       278   8 -2.244539E+05 -1.848761E+05 -3.741984E+03  3.156112E+04 -1.968360E+04 -8.915017E+03 _shell_0000000278   
       279   1  2.761916E+05  2.129758E+05 -3.605382E+03 -4.059468E+04 -1.726437E+04 -8.758765E+03 _shell_0000000279   
       279   2  2.848532E+05  2.420227E+05  5.043313E+03 -3.991824E+04 -1.620176E+04  7.239259E+03 _shell_0000000279   
       279   3  2.781190E+05  2.135511E+05 -3.030998E+03 -3.042592E+04 -1.631052E+04  7.248978E+03 _shell_0000000279   
       279   4  2.867773E+05  2.425954E+05  5.617935E+03 -2.975469E+04 -1.737021E+04 -8.771525E+03 _shell_0000000279   
       279   5 -2.759006E+05 -2.132440E+05  5.628500E+03  4.071733E+04 -1.713381E+04 -8.772047E+03 _shell_0000000279   
       279   6 -2.845588E+05 -2.421806E+05 -3.042570E+03  4.004607E+04 -1.607409E+04  7.228290E+03 _shell_0000000279   
       279   7 -2.778167E+05 -2.138167E+05  5.054847E+03  3.055418E+04 -1.617775E+04  7.238934E+03 _shell_0000000279   
       279   8 -2.864781E+05 -2.427560E+05 -3.615985E+03  2.987773E+04 -1.724044E+04 -8.779679E+03 _shell_0000000279   
       280   1  3.272795E+05  2.675017E+05 -3.343440E+03 -3.764872E+04 -1.505579E+04 -8.210073E+03 _shell_0000000280   
       280   2  3.352836E+05  2.943409E+05  4.647390E+03 -3.681988E+04 -1.375096E+04  6.467456E+03 _shell_0000000280   
       280   3  3.296455E+05  2.682079E+05 -2.639327E+03 -2.825293E+04 -1.385134E+04  6.582838E+03 _shell_0000000280   
       280   4  3.376461E+05  2.950441E+05  5.352064E+03 -2.742719E+04 -1.515217E+04 -8.326862E+03 _shell_0000000280   
       280   5 -3.268621E+05 -2.675516E+05  5.363606E+03  3.777241E+04 -1.491415E+04 -8.217026E+03 _shell_0000000280   
       280   6 -3.348627E+05 -2.942931E+05 -2.650186E+03  3.694661E+04 -1.361329E+04  6.463157E+03 _shell_0000000280   
       280   7 -3.292149E+05 -2.682548E+05  4.658216E+03  2.838015E+04 -1.370717E+04  6.577503E+03 _shell_0000000280   
       280   8 -3.372189E+05 -2.949993E+05 -3.355014E+03  2.755127E+04 -1.501208E+04 -8.330003E+03 _shell_0000000280   
       281   1  3.689959E+05  3.164807E+05 -3.022636E+03 -3.418593E+04 -1.298639E+04 -7.700606E+03 _shell_0000000281   
       281   2  3.762424E+05  3.407794E+05  4.211069E+03 -3.322646E+04 -1.147365E+04  5.607993E+03 _shell_0000000281   
       281   3  3.717387E+05  3.172992E+05 -2.207000E+03 -2.568059E+04 -1.156414E+04  5.692619E+03 _shell_0000000281   
       281   4  3.789817E+05  3.415948E+05  5.027477E+03 -2.472203E+04 -1.307190E+04 -7.784887E+03 _shell_0000000281   
       281   5 -3.684566E+05 -3.163339E+05  5.039008E+03  3.430298E+04 -1.284317E+04 -7.700653E+03 _shell_0000000281   
       281   6 -3.756996E+05 -3.405432E+05 -2.216708E+03  3.334442E+04 -1.133540E+04  5.610749E+03 _shell_0000000281   
       281   7 -3.711839E+05 -3.171493E+05  4.220754E+03  2.579901E+04 -1.141826E+04  5.692438E+03 _shell_0000000281   
       281   8 -3.784303E+05 -3.413618E+05 -3.034191E+03  2.483952E+04 -1.293109E+04 -7.782729E+03 _shell_0000000281   
       282   1  4.026288E+05  3.597058E+05 -2.639476E+03 -3.022626E+04 -1.104766E+04 -7.047031E+03 _shell_0000000282   
       282   2  4.090114E+05  3.811088E+05  3.731412E+03 -2.915825E+04 -9.361912E+03  4.672015E+03 _shell_0000000282   
       282   3  4.056851E+05  3.606176E+05 -1.730916E+03 -2.273603E+04 -9.441414E+03  4.750158E+03 _shell_0000000282   
       282   4  4.120644E+05  3.820176E+05  4.640848E+03 -2.166682E+04 -1.112131E+04 -7.123063E+03 _shell_0000000282   
       282   5 -4.019779E+05 -3.593794E+05  4.651706E+03  3.033170E+04 -1.091092E+04 -7.040018E+03 _shell_0000000282   
       282   6 -4.083571E+05 -3.807006E+05 -1.739191E+03  2.926251E+04 -9.231007E+03  4.681795E+03 _shell_0000000282   
       282   7 -4.050166E+05 -3.602882E+05  3.739676E+03  2.284071E+04 -9.302046E+03  4.755256E+03 _shell_0000000282   
       282   8 -4.113991E+05 -3.816124E+05 -2.650346E+03  2.177270E+04 -1.098787E+04 -7.115639E+03 _shell_0000000282   
       283   1  4.293117E+05  3.969286E+05 -2.205786E+03 -2.586757E+04 -9.219357E+03 -6.301888E+03 _shell_0000000283   
       283   2  4.347473E+05  4.151575E+05  3.219654E+03 -2.471217E+04 -7.394143E+03  3.679653E+03 _shell_0000000283   
       283   3  4.326209E+05  3.979155E+05 -1.222223E+03 -1.948980E+04 -7.461859E+03  3.745790E+03 _shell_0000000283   
       283   4  4.380535E+05  4.161416E+05  4.204099E+03 -1.833128E+04 -9.280510E+03 -6.364238E+03 _shell_0000000283   
       283   5 -4.285636E+05 -3.964399E+05  4.213836E+03  2.595818E+04 -9.095657E+03 -6.288088E+03 _shell_0000000283   
       283   6 -4.339961E+05 -4.145957E+05 -1.228879E+03  2.479969E+04 -7.276991E+03  3.696018E+03 _shell_0000000283   
       283   7 -4.318532E+05 -3.974241E+05  3.226312E+03  1.957767E+04 -7.335721E+03  3.755973E+03 _shell_0000000283   
       283   8 -4.372888E+05 -4.155827E+05 -2.215521E+03  1.842231E+04 -9.161015E+03 -6.351885E+03 _shell_0000000283   
       284   1  4.499895E+05  4.279654E+05 -1.730399E+03 -2.118886E+04 -7.482759E+03 -5.473084E+03 _shell_0000000284   
       284   2  4.544116E+05  4.427966E+05  2.683385E+03 -1.996562E+04 -5.549123E+03  2.647666E+03 _shell_0000000284   
       284   3  4.534951E+05  4.290107E+05 -6.884610E+02 -1.600145E+04 -5.604535E+03  2.702139E+03 _shell_0000000284   
       284   4  4.579147E+05  4.438393E+05  3.726130E+03 -1.477341E+04 -7.531041E+03 -5.522273E+03 _shell_0000000284   
       284   5 -4.491607E+05 -4.273349E+05  3.734452E+03  2.126255E+04 -7.377269E+03 -5.453143E+03 _shell_0000000284   
       284   6 -4.535802E+05 -4.421039E+05 -6.933744E+02  2.003457E+04 -5.450749E+03  2.669831E+03 _shell_0000000284   
       284   7 -4.526456E+05 -4.283777E+05  2.688313E+03  1.607067E+04 -5.496928E+03  2.716933E+03 _shell_0000000284   
       284   8 -4.570677E+05 -4.431492E+05 -1.738706E+03  1.484749E+04 -7.430644E+03 -5.505589E+03 _shell_0000000284   
       285   1  4.654250E+05  4.526723E+05 -1.222072E+03 -1.626535E+04 -5.818284E+03 -4.575851E+03 _shell_0000000285   
       285   2  4.687832E+05  4.639358E+05  2.129830E+03 -1.499192E+04 -3.804328E+03  1.591376E+03 _shell_0000000285   
       285   3  4.690762E+05  4.537607E+05 -1.368318E+02 -1.232732E+04 -3.847115E+03  1.633628E+03 _shell_0000000285   
       285   4  4.724323E+05  4.650221E+05  3.215737E+03 -1.104772E+04 -5.853513E+03 -4.611576E+03 _shell_0000000285   
       285   5 -4.645340E+05 -4.519245E+05  3.222447E+03  1.632079E+04 -5.734920E+03 -4.550727E+03 _shell_0000000285   
       285   6 -4.678901E+05 -4.631393E+05 -1.399253E+02  1.504127E+04 -3.728510E+03  1.618269E+03 _shell_0000000285   
       285   7 -4.681635E+05 -4.530109E+05  2.132949E+03  1.237685E+04 -3.762061E+03  1.652324E+03 _shell_0000000285   
       285   8 -4.715216E+05 -4.642277E+05 -1.228757E+03  1.110350E+04 -5.776096E+03 -4.591372E+03 _shell_0000000285   
       286   1  4.762028E+05  4.709429E+05 -6.886597E+02 -1.116457E+04 -4.205981E+03 -3.622721E+03 _shell_0000000286   
       286   2  4.784609E+05  4.785165E+05  1.565347E+03 -9.856788E+03 -2.136989E+03  5.243105E+02 _shell_0000000286   
       286   3  4.799536E+05  4.720607E+05  4.263114E+02 -8.518141E+03 -2.166962E+03  5.540805E+02 _shell_0000000286   
       286   4  4.822102E+05  4.796329E+05  2.680795E+03 -7.203183E+03 -4.228099E+03 -3.645035E+03 _shell_0000000286   
       286   5 -4.752688E+05 -4.701068E+05  2.685764E+03  1.120093E+04 -4.147548E+03 -3.593620E+03 _shell_0000000286   
       286   6 -4.775254E+05 -4.776476E+05  4.250764E+02  9.886055E+03 -2.086398E+03  5.546398E+02 _shell_0000000286   
       286   7 -4.789974E+05 -4.712232E+05  1.566616E+03  8.547503E+03 -2.107342E+03  5.757824E+02 _shell_0000000286   
       286   8 -4.812555E+05 -4.787654E+05 -6.935946E+02  7.239800E+03 -4.176413E+03 -3.622284E+03 _shell_0000000286   
       287   1  4.827341E+05  4.827012E+05 -1.372021E+02 -5.947607E+03 -2.625439E+03 -2.625435E+03 _shell_0000000287   
       287   2  4.838688E+05  4.865063E+05  9.957526E+02 -4.619834E+03 -5.244083E+02 -5.414491E+02 _shell_0000000287   
       287   3  4.865427E+05  4.838359E+05  9.951474E+02 -4.619833E+03 -5.414548E+02 -5.244028E+02 _shell_0000000287   
       287   4  4.876767E+05  4.876403E+05  2.128357E+03 -3.284276E+03 -2.634456E+03 -2.634452E+03 _shell_0000000287   
       287   5 -4.817768E+05 -4.818098E+05  2.131503E+03  5.964427E+03 -2.593749E+03 -2.593745E+03 _shell_0000000287   
       287   6 -4.829108E+05 -4.855998E+05  9.957714E+02  4.628961E+03 -5.007356E+02 -5.091282E+02 _shell_0000000287   
       287   7 -4.855634E+05 -4.829437E+05  9.951676E+02  4.628960E+03 -5.091339E+02 -5.007301E+02 _shell_0000000287   
       287   8 -4.866981E+05 -4.867345E+05 -1.403093E+02  3.301277E+03 -2.610244E+03 -2.610239E+03 _shell_0000000287   
       288   1  4.852616E+05  4.878964E+05  4.259905E+02 -6.705432E+02 -1.055773E+03 -1.594861E+03 _shell_0000000288   
       288   2  4.852616E+05  4.878945E+05  4.265633E+02  6.637846E+02  1.055768E+03 -1.594862E+03 _shell_0000000288   
       288   3  4.890890E+05  4.890364E+05  1.564151E+03 -6.745367E+02  1.051723E+03 -1.590748E+03 _shell_0000000288   
       288   4  4.890890E+05  4.890345E+05  1.564739E+03  6.677800E+02 -1.051731E+03 -1.590751E+03 _shell_0000000288   
       288   5 -4.843008E+05 -4.869856E+05  1.566024E+03  6.677397E+02 -1.051737E+03 -1.562083E+03 _shell_0000000288   
       288   6 -4.843008E+05 -4.869875E+05  1.566595E+03 -6.744836E+02  1.051729E+03 -1.562080E+03 _shell_0000000288   
       288   7 -4.881066E+05 -4.881256E+05  4.241600E+02  6.637444E+02  1.055808E+03 -1.566227E+03 _shell_0000000288   
       288   8 -4.881066E+05 -4.881275E+05  4.247469E+02 -6.704902E+02 -1.055813E+03 -1.566227E+03 _shell_0000000288   
       289   1  4.838621E+05  4.864994E+05  9.951359E+02  4.613313E+03  5.244035E+02 -5.414488E+02 _shell_0000000289   
       289   2  4.827274E+05  4.826901E+05 -1.367127E+02  5.941086E+03  2.625435E+03 -2.625435E+03 _shell_0000000289   
       289   3  4.876702E+05  4.876334E+05  2.127806E+03  3.277757E+03  2.634448E+03 -2.634449E+03 _shell_0000000289   
       289   4  4.865362E+05  4.838248E+05  9.957328E+02  4.613314E+03  5.414465E+02 -5.244058E+02 _shell_0000000289   
       289   5 -4.829176E+05 -4.856067E+05  9.951562E+02 -4.635468E+03  5.007275E+02 -5.091312E+02 _shell_0000000289   
       289   6 -4.817836E+05 -4.818208E+05  2.131991E+03 -5.970934E+03  2.593741E+03 -2.593741E+03 _shell_0000000289   
       289   7 -4.867047E+05 -4.867414E+05 -1.408586E+02 -3.307786E+03  2.610239E+03 -2.610240E+03 _shell_0000000289   
       289   8 -4.855700E+05 -4.829548E+05  9.957516E+02 -4.635469E+03  5.091289E+02 -5.007298E+02 _shell_0000000289   
       290   1  4.784478E+05  4.785002E+05  1.564726E+03  9.850977E+03  2.136983E+03  5.243107E+02 _shell_0000000290   
       290   2  4.761898E+05  4.709217E+05 -6.882927E+02  1.115876E+04  4.205976E+03 -3.622721E+03 _shell_0000000290   
       290   3  4.821975E+05  4.796166E+05  2.680323E+03  7.197373E+03  4.228091E+03 -3.645032E+03 _shell_0000000290   
       290   4  4.799409E+05  4.720394E+05  4.268529E+02  8.512332E+03  2.166953E+03  5.540779E+02 _shell_0000000290   
       290   5 -4.775385E+05 -4.776640E+05  4.244567E+02 -9.891853E+03  2.086390E+03  5.546372E+02 _shell_0000000290   
       290   6 -4.752819E+05 -4.701281E+05  2.686130E+03 -1.120673E+04  4.147540E+03 -3.593617E+03 _shell_0000000290   
       290   7 -4.812683E+05 -4.787817E+05 -6.940658E+02 -7.245600E+03  4.176409E+03 -3.622284E+03 _shell_0000000290   
       290   8 -4.790102E+05 -4.712445E+05  1.567156E+03 -8.553303E+03  2.107336E+03  5.757827E+02 _shell_0000000290   
       291   1  4.687648E+05  4.639088E+05  2.129246E+03  1.498728E+04  3.804322E+03  1.591376E+03 _shell_0000000291   
       291   2  4.654066E+05  4.526390E+05 -1.221864E+03  1.626071E+04  5.818279E+03 -4.575850E+03 _shell_0000000291   
       291   3  4.724144E+05  4.649952E+05  3.215382E+03  1.104308E+04  5.853505E+03 -4.611574E+03 _shell_0000000291   
       291   4  4.690583E+05  4.537274E+05 -1.363749E+02  1.232268E+04  3.847107E+03  1.633626E+03 _shell_0000000291   
       291   5 -4.679087E+05 -4.631664E+05 -1.405087E+02 -1.504590E+04  3.728502E+03  1.618267E+03 _shell_0000000291   
       291   6 -4.645526E+05 -4.519579E+05  3.222655E+03 -1.632542E+04  5.734913E+03 -4.550725E+03 _shell_0000000291   
       291   7 -4.715396E+05 -4.642547E+05 -1.229111E+03 -1.110813E+04  5.776091E+03 -4.591371E+03 _shell_0000000291   
       291   8 -4.681815E+05 -4.530443E+05  2.133405E+03 -1.238148E+04  3.762055E+03  1.652324E+03 _shell_0000000291   
       292   1  4.543892E+05  4.427568E+05  2.682880E+03  1.996258E+04  5.549117E+03  2.647666E+03 _shell_0000000292   
       292   2  4.499671E+05  4.279175E+05 -1.730377E+03  2.118582E+04  7.482754E+03 -5.473082E+03 _shell_0000000292   
       292   3  4.578930E+05  4.437996E+05  3.725928E+03  1.477037E+04  7.531034E+03 -5.522271E+03 _shell_0000000292   
       292   4  4.534735E+05  4.289628E+05 -6.881282E+02  1.599841E+04  5.604528E+03  2.702139E+03 _shell_0000000292   
       292   5 -4.536028E+05 -4.421437E+05 -6.938789E+02 -2.003760E+04  5.450742E+03  2.669830E+03 _shell_0000000292   
       292   6 -4.491833E+05 -4.273828E+05  3.734473E+03 -2.126559E+04  7.377263E+03 -5.453141E+03 _shell_0000000292   
       292   7 -4.570895E+05 -4.431890E+05 -1.738908E+03 -1.485053E+04  7.430639E+03 -5.505588E+03 _shell_0000000292   
       292   8 -4.526674E+05 -4.284257E+05  2.688645E+03 -1.607371E+04  5.496921E+03  2.716934E+03 _shell_0000000292   
       293   1  4.347227E+05  4.151023E+05  3.219272E+03  2.471106E+04  7.394137E+03  3.679653E+03 _shell_0000000293   
       293   2  4.292871E+05  3.968631E+05 -2.205963E+03  2.586646E+04  9.219351E+03 -6.301885E+03 _shell_0000000293   
       293   3  4.380297E+05  4.160863E+05  4.204074E+03  1.833017E+04  9.280505E+03 -6.364236E+03 _shell_0000000293   
       293   4  4.325972E+05  3.978501E+05 -1.222049E+03  1.948869E+04  7.461853E+03  3.745791E+03 _shell_0000000293   
       293   5 -4.340210E+05 -4.146511E+05 -1.229261E+03 -2.480080E+04  7.276985E+03  3.696019E+03 _shell_0000000293   
       293   6 -4.285884E+05 -3.965055E+05  4.213659E+03 -2.595928E+04  9.095652E+03 -6.288086E+03 _shell_0000000293   
       293   7 -4.373128E+05 -4.156380E+05 -2.215546E+03 -1.842342E+04  9.161010E+03 -6.351883E+03 _shell_0000000293   
       293   8 -4.318772E+05 -3.974896E+05  3.226485E+03 -1.957878E+04  7.335714E+03  3.755973E+03 _shell_0000000293   
       294   1  4.089865E+05  3.810351E+05  3.731196E+03  2.915924E+04  9.361905E+03  4.672015E+03 _shell_0000000294   
       294   2  4.026039E+05  3.596196E+05 -2.639840E+03  3.022726E+04  1.104765E+04 -7.047028E+03 _shell_0000000294   
       294   3  4.120406E+05  3.819438E+05  4.641009E+03  2.166781E+04  1.112131E+04 -7.123062E+03 _shell_0000000294   
       294   4  4.056613E+05  3.605314E+05 -1.730924E+03  2.273702E+04  9.441410E+03  4.750160E+03 _shell_0000000294   
       294   5 -4.083822E+05 -3.807745E+05 -1.739407E+03 -2.926152E+04  9.231002E+03  4.681797E+03 _shell_0000000294   
       294   6 -4.020030E+05 -3.594657E+05  4.651343E+03 -3.033071E+04  1.091092E+04 -7.040017E+03 _shell_0000000294   
       294   7 -4.114232E+05 -3.816863E+05 -2.650185E+03 -2.177171E+04  1.098787E+04 -7.115635E+03 _shell_0000000294   
       294   8 -4.050406E+05 -3.603745E+05  3.739667E+03 -2.283972E+04  9.302040E+03  4.755256E+03 _shell_0000000294   
       295   1  3.762195E+05  3.406840E+05  4.211053E+03  3.322946E+04  1.147364E+04  5.607994E+03 _shell_0000000295   
       295   2  3.689730E+05  3.163709E+05 -3.023138E+03  3.418894E+04  1.298638E+04 -7.700601E+03 _shell_0000000295   
       295   3  3.789599E+05  3.414994E+05  5.027807E+03  2.472504E+04  1.307190E+04 -7.784887E+03 _shell_0000000295   
       295   4  3.717169E+05  3.171894E+05 -2.207196E+03  2.568359E+04  1.156414E+04  5.692624E+03 _shell_0000000295   
       295   5 -3.757227E+05 -3.406388E+05 -2.216724E+03 -3.334141E+04  1.133540E+04  5.610753E+03 _shell_0000000295   
       295   6 -3.684798E+05 -3.164438E+05  5.038507E+03 -3.429998E+04  1.284317E+04 -7.700652E+03 _shell_0000000295   
       295   7 -3.784524E+05 -3.414573E+05 -3.033862E+03 -2.483652E+04  1.293108E+04 -7.782724E+03 _shell_0000000295   
       295   8 -3.712059E+05 -3.172592E+05  4.220558E+03 -2.579601E+04  1.141826E+04  5.692438E+03 _shell_0000000295   
       296   1  3.352645E+05  2.942212E+05  4.647589E+03  3.682449E+04  1.375095E+04  6.467456E+03 _shell_0000000296   
       296   2  3.272604E+05  2.673662E+05 -3.343995E+03  3.765333E+04  1.505579E+04 -8.210067E+03 _shell_0000000296   
       296   3  3.376281E+05  2.949244E+05  5.352515E+03  2.743179E+04  1.515218E+04 -8.326863E+03 _shell_0000000296   
       296   4  3.296274E+05  2.680724E+05 -2.639688E+03  2.825754E+04  1.385134E+04  6.582845E+03 _shell_0000000296   
       296   5 -3.348819E+05 -2.944129E+05 -2.649988E+03 -3.694201E+04  1.361329E+04  6.463163E+03 _shell_0000000296   
       296   6 -3.268814E+05 -2.676872E+05  5.363052E+03 -3.776781E+04  1.491415E+04 -8.217027E+03 _shell_0000000296   
       296   7 -3.372372E+05 -2.951192E+05 -3.354564E+03 -2.754667E+04  1.501207E+04 -8.329997E+03 _shell_0000000296   
       296   8 -3.292332E+05 -2.683905E+05  4.657856E+03 -2.837556E+04  1.370716E+04  6.577503E+03 _shell_0000000296   
       297   1  2.848394E+05  2.418770E+05  5.043709E+03  3.992368E+04  1.620176E+04  7.239260E+03 _shell_0000000297   
       297   2  2.761778E+05  2.128138E+05 -3.605879E+03  4.060011E+04  1.726437E+04 -8.758758E+03 _shell_0000000297   
       297   3  2.867642E+05  2.424496E+05  5.618428E+03  2.976012E+04  1.737022E+04 -8.771526E+03 _shell_0000000297   
       297   4  2.781059E+05  2.133891E+05 -3.031468E+03  3.043136E+04  1.631052E+04  7.248986E+03 _shell_0000000297   
       297   5 -2.845728E+05 -2.423265E+05 -3.042175E+03 -4.004065E+04  1.607410E+04  7.228298E+03 _shell_0000000297   
       297   6 -2.759146E+05 -2.134061E+05  5.628004E+03 -4.071191E+04  1.713382E+04 -8.772048E+03 _shell_0000000297   
       297   7 -2.864914E+05 -2.429019E+05 -3.615493E+03 -2.987230E+04  1.724044E+04 -8.779673E+03 _shell_0000000297   
       297   8 -2.778300E+05 -2.139789E+05  5.054378E+03 -3.054876E+04  1.617775E+04  7.238935E+03 _shell_0000000297   
       298   1  2.231938E+05  1.838887E+05  5.323016E+03  4.209501E+04  1.888974E+04  7.859758E+03 _shell_0000000298   
       298   2  2.141263E+05  1.534554E+05 -3.734057E+03  4.259857E+04  1.967841E+04 -8.275817E+03 _shell_0000000298   
       298   3  2.246231E+05  1.843138E+05  5.750654E+03  3.145557E+04  1.979200E+04 -8.902582E+03 _shell_0000000298   
       298   4  2.155583E+05  1.538826E+05 -3.306304E+03  3.195216E+04  1.900514E+04  8.482158E+03 _shell_0000000298   
       298   5 -2.230379E+05 -1.846209E+05 -3.316917E+03 -4.220200E+04  1.878296E+04  7.843150E+03 _shell_0000000298   
       298   6 -2.139733E+05 -1.543511E+05  5.758112E+03 -4.269894E+04  1.956984E+04 -8.294206E+03 _shell_0000000298   
       298   7 -2.244619E+05 -1.850482E+05 -3.741552E+03 -3.155593E+04  1.968360E+04 -8.915011E+03 _shell_0000000298   
       298   8 -2.153946E+05 -1.547762E+05  5.333592E+03 -3.205984E+04  1.889485E+04  8.468299E+03 _shell_0000000298   
       299   1  1.500264E+05  1.207815E+05  5.831089E+03  4.513282E+04  2.155851E+04  8.547537E+03 _shell_0000000299   
       299   2  1.401088E+05  8.748326E+04 -4.079095E+03  4.544933E+04  2.204930E+04 -1.238815E+04 _shell_0000000299   
       299   3  1.509175E+05  1.210459E+05  6.099124E+03  3.349599E+04  2.216780E+04 -9.787774E+03 _shell_0000000299   
       299   4  1.410018E+05  8.774929E+04 -3.810426E+03  3.380362E+04  2.167785E+04  5.941459E+03 _shell_0000000299   
       299   5 -1.499644E+05 -1.218331E+05 -3.820192E+03 -4.521556E+04  2.148397E+04  8.525806E+03 _shell_0000000299   
       299   6 -1.400489E+05 -8.873369E+04  6.102700E+03 -4.552185E+04  2.197396E+04 -1.241098E+04 _shell_0000000299   
       299   7 -1.508495E+05 -1.220993E+05 -4.082700E+03 -3.357008E+04  2.209234E+04 -9.803941E+03 _shell_0000000299   
       299   8 -1.409320E+05 -8.899820E+04  5.840827E+03 -3.388526E+04  2.160147E+04  5.924454E+03 _shell_0000000299   
       300   1  5.641430E+04  5.185103E+04  4.666954E+03  3.903671E+04  2.563094E+04  8.027012E+03 _shell_0000000300   
       300   2  4.900711E+04  2.692557E+04 -2.737950E+03  3.914223E+04  2.579782E+04  8.969399E+03 _shell_0000000300   
       300   3  5.672109E+04  5.194080E+04  4.761790E+03  3.034545E+04  2.592151E+04 -5.667794E+03 _shell_0000000300   
       300   4  4.931491E+04  2.701618E+04 -2.641790E+03  3.044387E+04  2.575485E+04  2.265964E+04 _shell_0000000300   
       300   5 -5.641397E+04 -5.328291E+04 -2.649480E+03 -3.907326E+04  2.560297E+04  8.006356E+03 _shell_0000000300   
       300   6 -4.900786E+04 -2.861603E+04  4.758914E+03 -3.917956E+04  2.576966E+04  8.948647E+03 _shell_0000000300   
       300   7 -5.671127E+04 -5.337359E+04 -2.735085E+03 -3.037499E+04  2.589345E+04 -5.683918E+03 _shell_0000000300   
       300   8 -4.930415E+04 -2.870586E+04  4.674634E+03 -3.048840E+04  2.572653E+04  2.264348E+04 _shell_0000000300   
       301   1  4.940690E+04  2.727290E+04 -2.697974E+03 -4.358961E+03 -2.588369E+04 -6.860427E+03 _shell_0000000301   
       301   2  5.683017E+04  5.224803E+04  4.722546E+03 -4.355322E+03 -2.588364E+04  6.862764E+03 _shell_0000000301   
       301   3  4.940690E+04  2.727290E+04 -2.697974E+03  4.358962E+03 -2.588369E+04  6.860425E+03 _shell_0000000301   
       301   4  5.683017E+04  5.224803E+04  4.722546E+03  4.355322E+03 -2.588364E+04 -6.862765E+03 _shell_0000000301   
       301   5 -4.940035E+04 -2.854502E+04  4.725259E+03  4.355275E+03 -2.585505E+04 -6.862781E+03 _shell_0000000301   
       301   6 -5.682355E+04 -5.327332E+04 -2.700698E+03  4.358915E+03 -2.585510E+04  6.860444E+03 _shell_0000000301   
       301   7 -4.940035E+04 -2.854502E+04  4.725259E+03 -4.355276E+03 -2.585505E+04  6.862780E+03 _shell_0000000301   
       301   8 -5.682355E+04 -5.327332E+04 -2.700698E+03 -4.358915E+03 -2.585510E+04 -6.860445E+03 _shell_0000000301   
       302   1  1.412877E+05  8.810860E+04 -3.955968E+03 -5.836609E+03 -2.196681E+04 -9.186343E+03 _shell_0000000302   
       302   2  1.512276E+05  1.214740E+05  5.976433E+03 -5.832058E+03 -2.196641E+04  9.189263E+03 _shell_0000000302   
       302   3  1.412877E+05  8.810860E+04 -3.955968E+03  5.836612E+03 -2.196681E+04  9.186342E+03 _shell_0000000302   
       302   4  1.512276E+05  1.214740E+05  5.976433E+03  5.832059E+03 -2.196641E+04 -9.189264E+03 _shell_0000000302   
       302   5 -1.412145E+05 -8.896062E+04  5.983893E+03  5.831937E+03 -2.188960E+04 -9.189325E+03 _shell_0000000302   
       302   6 -1.511543E+05 -1.221492E+05 -3.963457E+03  5.836490E+03 -2.189001E+04  9.186409E+03 _shell_0000000302   
       302   7 -1.412145E+05 -8.896062E+04  5.983893E+03 -5.831940E+03 -2.188961E+04  9.189323E+03 _shell_0000000302   
       302   8 -1.511543E+05 -1.221492E+05 -3.963457E+03 -5.836492E+03 -2.189001E+04 -9.186410E+03 _shell_0000000302   
       303   1  2.160335E+05  1.543653E+05 -3.531261E+03 -5.337018E+03 -1.944123E+04 -8.400641E+03 _shell_0000000303   
       303   2  2.251231E+05  1.848628E+05  5.548111E+03 -5.333445E+03 -1.944034E+04  8.402885E+03 _shell_0000000303   
       303   3  2.160335E+05  1.543653E+05 -3.531261E+03  5.337021E+03 -1.944123E+04  8.400640E+03 _shell_0000000303   
       303   4  2.251231E+05  1.848628E+05  5.548111E+03  5.333448E+03 -1.944034E+04 -8.402886E+03 _shell_0000000303   
       303   5 -2.158553E+05 -1.548965E+05  5.558229E+03  5.333272E+03 -1.932975E+04 -8.402967E+03 _shell_0000000303   
       303   6 -2.249448E+05 -1.852592E+05 -3.541418E+03  5.336846E+03 -1.933066E+04  8.400733E+03 _shell_0000000303   
       303   7 -2.158553E+05 -1.548965E+05  5.558229E+03 -5.333276E+03 -1.932975E+04  8.402966E+03 _shell_0000000303   
       303   8 -2.249448E+05 -1.852592E+05 -3.541418E+03 -5.336848E+03 -1.933066E+04 -8.400734E+03 _shell_0000000303   
       304   1  2.787590E+05  2.139912E+05 -3.330431E+03 -5.099052E+03 -1.688073E+04 -8.026901E+03 _shell_0000000304   
       304   2  2.874439E+05  2.431218E+05  5.343080E+03 -5.096385E+03 -1.687928E+04  8.028475E+03 _shell_0000000304   
       304   3  2.787590E+05  2.139913E+05 -3.330431E+03  5.099055E+03 -1.688073E+04  8.026900E+03 _shell_0000000304   
       304   4  2.874439E+05  2.431218E+05  5.343080E+03  5.096387E+03 -1.687928E+04 -8.028476E+03 _shell_0000000304   
       304   5 -2.784560E+05 -2.142621E+05  5.354375E+03  5.096175E+03 -1.674647E+04 -8.028574E+03 _shell_0000000304   
       304   6 -2.871408E+05 -2.432821E+05 -3.341766E+03  5.098843E+03 -1.674795E+04  8.027013E+03 _shell_0000000304   
       304   7 -2.784560E+05 -2.142621E+05  5.354375E+03 -5.096179E+03 -1.674647E+04  8.028573E+03 _shell_0000000304   
       304   8 -2.871408E+05 -2.432821E+05 -3.341766E+03 -5.098846E+03 -1.674795E+04 -8.027014E+03 _shell_0000000304   
       305   1  3.304432E+05  2.687972E+05 -3.004080E+03 -4.713052E+03 -1.453916E+04 -7.420272E+03 _shell_0000000305   
       305   2  3.384714E+05  2.957221E+05  5.012566E+03 -4.711464E+03 -1.453716E+04  7.421017E+03 _shell_0000000305   
       305   3  3.304432E+05  2.687972E+05 -3.004080E+03  4.713055E+03 -1.453916E+04  7.420271E+03 _shell_0000000305   
       305   4  3.384714E+05  2.957221E+05  5.012566E+03  4.711466E+03 -1.453716E+04 -7.421018E+03 _shell_0000000305   
       305   5 -3.300101E+05 -2.688442E+05  5.024001E+03  4.711236E+03 -1.439331E+04 -7.421123E+03 _shell_0000000305   
       305   6 -3.380381E+05 -2.956727E+05 -3.015550E+03  4.712825E+03 -1.439535E+04  7.420395E+03 _shell_0000000305   
       305   7 -3.300101E+05 -2.688442E+05  5.024001E+03 -4.711239E+03 -1.439331E+04  7.421122E+03 _shell_0000000305   
       305   8 -3.380381E+05 -2.956727E+05 -3.015550E+03 -4.712827E+03 -1.439535E+04 -7.420395E+03 _shell_0000000305   
       306   1  3.726771E+05  3.180385E+05 -2.627630E+03 -4.267905E+03 -1.235189E+04 -6.720567E+03 _shell_0000000306   
       306   2  3.799478E+05  3.424230E+05  4.632152E+03 -4.267427E+03 -1.234937E+04  6.720425E+03 _shell_0000000306   
       306   3  3.726771E+05  3.180385E+05 -2.627630E+03  4.267908E+03 -1.235189E+04  6.720566E+03 _shell_0000000306   
       306   4  3.799478E+05  3.424230E+05  4.632152E+03  4.267429E+03 -1.234937E+04 -6.720426E+03 _shell_0000000306   
       306   5 -3.721180E+05 -3.178853E+05  4.643000E+03  4.267196E+03 -1.220425E+04 -6.720530E+03 _shell_0000000306   
       306   6 -3.793886E+05 -3.421826E+05 -2.638503E+03  4.267675E+03 -1.220680E+04  6.720693E+03 _shell_0000000306   
       306   7 -3.721180E+05 -3.178853E+05  4.643000E+03 -4.267199E+03 -1.220425E+04  6.720530E+03 _shell_0000000306   
       306   8 -3.793886E+05 -3.421826E+05 -2.638503E+03 -4.267677E+03 -1.220680E+04 -6.720693E+03 _shell_0000000306   
       307   1  4.067459E+05  3.615042E+05 -2.197625E+03 -3.759825E+03 -1.031126E+04 -5.921752E+03 _shell_0000000307   
       307   2  4.131519E+05  3.829899E+05  4.198548E+03 -3.760429E+03 -1.030830E+04  5.920714E+03 _shell_0000000307   
       307   3  4.067459E+05  3.615042E+05 -2.197625E+03  3.759828E+03 -1.031126E+04  5.921751E+03 _shell_0000000307   
       307   4  4.131519E+05  3.829899E+05  4.198548E+03  3.760430E+03 -1.030830E+04 -5.920715E+03 _shell_0000000307   
       307   5 -4.060716E+05 -3.611692E+05  4.208323E+03  3.760208E+03 -1.017015E+04 -5.920812E+03 _shell_0000000307   
       307   6 -4.124775E+05 -3.825756E+05 -2.207413E+03  3.759605E+03 -1.017315E+04  5.921873E+03 _shell_0000000307   
       307   7 -4.060716E+05 -3.611692E+05  4.208323E+03 -3.760210E+03 -1.017015E+04  5.920811E+03 _shell_0000000307   
       307   8 -4.124775E+05 -3.825756E+05 -2.207413E+03 -3.759607E+03 -1.017315E+04 -5.921874E+03 _shell_0000000307   
       308   1  4.337853E+05  3.989414E+05 -1.725494E+03 -3.202412E+03 -8.396797E+03 -5.045166E+03 _shell_0000000308   
       308   2  4.392425E+05  4.172463E+05  3.723282E+03 -3.204010E+03 -8.393456E+03  5.043277E+03 _shell_0000000308   
       308   3  4.337853E+05  3.989414E+05 -1.725494E+03  3.202414E+03 -8.396797E+03  5.045166E+03 _shell_0000000308   
       308   4  4.392425E+05  4.172463E+05  3.723282E+03  3.204012E+03 -8.393455E+03 -5.043278E+03 _shell_0000000308   
       308   5 -4.330106E+05 -3.984429E+05  3.731660E+03  3.203810E+03 -8.269033E+03 -5.043363E+03 _shell_0000000308   
       308   6 -4.384677E+05 -4.166772E+05 -1.733870E+03  3.202213E+03 -8.272408E+03  5.045278E+03 _shell_0000000308   
       308   7 -4.330106E+05 -3.984429E+05  3.731660E+03 -3.203812E+03 -8.269033E+03  5.043362E+03 _shell_0000000308   
       308   8 -4.384677E+05 -4.166772E+05 -1.733870E+03 -3.202214E+03 -8.272407E+03 -5.045279E+03 _shell_0000000308   
       309   1  4.547444E+05  4.301622E+05 -1.219427E+03 -2.605405E+03 -6.588892E+03 -4.106088E+03 _shell_0000000309   
       309   2  4.591852E+05  4.450591E+05  3.214604E+03 -2.607867E+03 -6.585253E+03  4.103440E+03 _shell_0000000309   
       309   3  4.547444E+05  4.301622E+05 -1.219427E+03  2.605406E+03 -6.588892E+03  4.106088E+03 _shell_0000000309   
       309   4  4.591852E+05  4.450591E+05  3.214604E+03  2.607868E+03 -6.585253E+03 -4.103440E+03 _shell_0000000309   
       309   5 -4.538866E+05 -4.295211E+05  3.221371E+03  2.607697E+03 -6.479861E+03 -4.103508E+03 _shell_0000000309   
       309   6 -4.583274E+05 -4.443582E+05 -1.226179E+03  2.605235E+03 -6.483534E+03  4.106186E+03 _shell_0000000309   
       309   7 -4.538866E+05 -4.295211E+05  3.221371E+03 -2.607698E+03 -6.479862E+03  4.103508E+03 _shell_0000000309   
       309   8 -4.583274E+05 -4.443582E+05 -1.226179E+03 -2.605236E+03 -6.483533E+03 -4.106187E+03 _shell_0000000309   
       310   1  4.703916E+05  4.550189E+05 -6.874611E+02 -1.978321E+03 -4.866767E+03 -3.119460E+03 _shell_0000000310   
       310   2  4.737647E+05  4.663346E+05  2.680587E+03 -1.981485E+03 -4.862904E+03  3.116180E+03 _shell_0000000310   
       310   3  4.703916E+05  4.550189E+05 -6.874611E+02  1.978322E+03 -4.866767E+03  3.119460E+03 _shell_0000000310   
       310   4  4.737647E+05  4.663346E+05  2.680587E+03  1.981485E+03 -4.862903E+03 -3.116180E+03 _shell_0000000310   
       310   5 -4.694698E+05 -4.542602E+05  2.685606E+03  1.981351E+03 -4.780562E+03 -3.116230E+03 _shell_0000000310   
       310   6 -4.728428E+05 -4.655293E+05 -6.924539E+02  1.978188E+03 -4.784459E+03  3.119541E+03 _shell_0000000310   
       310   7 -4.694698E+05 -4.542602E+05  2.685606E+03 -1.981352E+03 -4.780562E+03  3.116229E+03 _shell_0000000310   
       310   8 -4.728428E+05 -4.655293E+05 -6.924539E+02 -1.978188E+03 -4.784459E+03 -3.119541E+03 _shell_0000000310   
       311   1  4.813169E+05  4.734017E+05 -1.367961E+02 -1.329665E+03 -3.209242E+03 -2.098640E+03 _shell_0000000311   
       311   2  4.835853E+05  4.810116E+05  2.128445E+03 -1.333345E+03 -3.205222E+03  2.094888E+03 _shell_0000000311   
       311   3  4.813169E+05  4.734017E+05 -1.367961E+02  1.329665E+03 -3.209242E+03  2.098639E+03 _shell_0000000311   
       311   4  4.835853E+05  4.810116E+05  2.128445E+03  1.333345E+03 -3.205222E+03 -2.094888E+03 _shell_0000000311   
       311   5 -4.803509E+05 -4.725548E+05  2.131633E+03  1.333253E+03 -3.148798E+03 -2.094916E+03 _shell_0000000311   
       311   6 -4.826193E+05 -4.801334E+05 -1.399487E+02  1.329573E+03 -3.152852E+03  2.098700E+03 _shell_0000000311   
       311   7 -4.803509E+05 -4.725548E+05  2.131633E+03 -1.333253E+03 -3.148798E+03  2.094916E+03 _shell_0000000311   
       311   8 -4.826193E+05 -4.801334E+05 -1.399487E+02 -1.329574E+03 -3.152851E+03 -2.098701E+03 _shell_0000000311   
       312   1  4.879359E+05  4.852322E+05  4.260180E+02 -6.671642E+02 -1.594867E+03 -1.055771E+03 _shell_0000000312   
       312   2  4.890759E+05  4.890559E+05  1.564734E+03 -6.711588E+02 -1.590755E+03  1.051728E+03 _shell_0000000312   
       312   3  4.879359E+05  4.852322E+05  4.260180E+02  6.671644E+02 -1.594867E+03  1.055771E+03 _shell_0000000312   
       312   4  4.890759E+05  4.890559E+05  1.564734E+03  6.711588E+02 -1.590755E+03 -1.051728E+03 _shell_0000000312   
       312   5 -4.869461E+05 -4.843302E+05  1.566051E+03  6.711120E+02 -1.562086E+03 -1.051734E+03 _shell_0000000312   
       312   6 -4.880861E+05 -4.881396E+05  4.247418E+02  6.671177E+02 -1.566232E+03  1.055811E+03 _shell_0000000312   
       312   7 -4.869461E+05 -4.843302E+05  1.566051E+03 -6.711122E+02 -1.562086E+03  1.051734E+03 _shell_0000000312   
       312   8 -4.880861E+05 -4.881396E+05  4.247418E+02 -6.671177E+02 -1.566232E+03 -1.055811E+03 _shell_0000000312   
       313   1  4.904941E+05  4.904579E+05  9.949311E+02  2.049766E+00 -2.074535E+00 -2.071838E+00 _shell_0000000313   
       313   2  4.904941E+05  4.904559E+05  9.955065E+02 -2.050645E+00  2.067730E+00 -2.070427E+00 _shell_0000000313   
       313   3  4.904941E+05  4.904579E+05  9.949311E+02 -2.049764E+00 -2.074535E+00  2.071837E+00 _shell_0000000313   
       313   4  4.904941E+05  4.904559E+05  9.955065E+02  2.050647E+00  2.067730E+00  2.070428E+00 _shell_0000000313   
       313   5 -4.895008E+05 -4.895370E+05  9.949533E+02  2.050563E+00  2.084651E+00  2.087332E+00 _shell_0000000313   
       313   6 -4.895008E+05 -4.895390E+05  9.955271E+02 -2.049680E+00 -2.091423E+00  2.088742E+00 _shell_0000000313   
       313   7 -4.895008E+05 -4.895370E+05  9.949533E+02 -2.050561E+00  2.084651E+00 -2.087332E+00 _shell_0000000313   
       313   8 -4.895008E+05 -4.895390E+05  9.955271E+02  2.049682E+00 -2.091423E+00 -2.088742E+00 _shell_0000000313   
       314   1  4.890693E+05  4.890488E+05  1.564156E+03  6.711579E+02  1.590748E+03  1.051726E+03 _shell_0000000314   
       314   2  4.879293E+05  4.852208E+05  4.265488E+02  6.671635E+02  1.594860E+03 -1.055770E+03 _shell_0000000314   
       314   3  4.890693E+05  4.890488E+05  1.564156E+03 -6.711579E+02  1.590748E+03 -1.051726E+03 _shell_0000000314   
       314   4  4.879293E+05  4.852208E+05  4.265488E+02 -6.671634E+02  1.594860E+03  1.055770E+03 _shell_0000000314   
       314   5 -4.880927E+05 -4.881467E+05  4.241647E+02 -6.671169E+02  1.566225E+03  1.055809E+03 _shell_0000000314   
       314   6 -4.869527E+05 -4.843416E+05  1.566581E+03 -6.711113E+02  1.562079E+03 -1.051732E+03 _shell_0000000314   
       314   7 -4.880927E+05 -4.881467E+05  4.241647E+02  6.671169E+02  1.566225E+03 -1.055809E+03 _shell_0000000314   
       314   8 -4.869527E+05 -4.843416E+05  1.566581E+03  6.711111E+02  1.562079E+03  1.051732E+03 _shell_0000000314   
       315   1  4.835726E+05  4.809950E+05  2.127904E+03  1.333344E+03  3.205215E+03  2.094886E+03 _shell_0000000315   
       315   2  4.813042E+05  4.733799E+05 -1.363506E+02  1.329665E+03  3.209235E+03 -2.098638E+03 _shell_0000000315   
       315   3  4.835726E+05  4.809950E+05  2.127904E+03 -1.333344E+03  3.205215E+03 -2.094886E+03 _shell_0000000315   
       315   4  4.813042E+05  4.733799E+05 -1.363506E+02 -1.329664E+03  3.209235E+03  2.098638E+03 _shell_0000000315   
       315   5 -4.826321E+05 -4.801501E+05 -1.404878E+02 -1.329573E+03  3.152845E+03  2.098699E+03 _shell_0000000315   
       315   6 -4.803637E+05 -4.725766E+05  2.132077E+03 -1.333252E+03  3.148791E+03 -2.094915E+03 _shell_0000000315   
       315   7 -4.826321E+05 -4.801501E+05 -1.404878E+02  1.329573E+03  3.152845E+03 -2.098699E+03 _shell_0000000315   
       315   8 -4.803637E+05 -4.725766E+05  2.132077E+03  1.333252E+03  3.148791E+03  2.094915E+03 _shell_0000000315   
       316   1  4.737468E+05  4.663070E+05  2.680125E+03  1.981484E+03  4.862897E+03  3.116179E+03 _shell_0000000316   
       316   2  4.703737E+05  4.549848E+05 -6.871392E+02  1.978321E+03  4.866760E+03 -3.119458E+03 _shell_0000000316   
       316   3  4.737468E+05  4.663070E+05  2.680125E+03 -1.981484E+03  4.862897E+03 -3.116179E+03 _shell_0000000316   
       316   4  4.703737E+05  4.549848E+05 -6.871392E+02 -1.978320E+03  4.866760E+03  3.119459E+03 _shell_0000000316   
       316   5 -4.728609E+05 -4.655569E+05 -6.929143E+02 -1.978187E+03  4.784452E+03  3.119540E+03 _shell_0000000316   
       316   6 -4.694878E+05 -4.542944E+05  2.685927E+03 -1.981351E+03  4.780555E+03 -3.116228E+03 _shell_0000000316   
       316   7 -4.728609E+05 -4.655569E+05 -6.929143E+02  1.978187E+03  4.784452E+03 -3.119539E+03 _shell_0000000316   
       316   8 -4.694878E+05 -4.542944E+05  2.685927E+03  1.981350E+03  4.780555E+03  3.116228E+03 _shell_0000000316   
       317   1  4.591635E+05  4.450185E+05  3.214260E+03  2.607868E+03  6.585246E+03  4.103439E+03 _shell_0000000317   
       317   2  4.547227E+05  4.301134E+05 -1.219261E+03  2.605406E+03  6.588885E+03 -4.106087E+03 _shell_0000000317   
       317   3  4.591635E+05  4.450185E+05  3.214260E+03 -2.607867E+03  6.585247E+03 -4.103439E+03 _shell_0000000317   
       317   4  4.547227E+05  4.301134E+05 -1.219261E+03 -2.605404E+03  6.588885E+03  4.106087E+03 _shell_0000000317   
       317   5 -4.583492E+05 -4.443989E+05 -1.226522E+03 -2.605235E+03  6.483527E+03  4.106186E+03 _shell_0000000317   
       317   6 -4.539085E+05 -4.295700E+05  3.221536E+03 -2.607698E+03  6.479855E+03 -4.103507E+03 _shell_0000000317   
       317   7 -4.583493E+05 -4.443989E+05 -1.226522E+03  2.605235E+03  6.483527E+03 -4.106185E+03 _shell_0000000317   
       317   8 -4.539085E+05 -4.295700E+05  3.221536E+03  2.607696E+03  6.479855E+03  4.103508E+03 _shell_0000000317   
       318   1  4.392188E+05  4.171900E+05  3.723090E+03  3.204011E+03  8.393449E+03  5.043277E+03 _shell_0000000318   
       318   2  4.337616E+05  3.988749E+05 -1.725506E+03  3.202414E+03  8.396791E+03 -5.045165E+03 _shell_0000000318   
       318   3  4.392188E+05  4.171900E+05  3.723090E+03 -3.204010E+03  8.393450E+03 -5.043277E+03 _shell_0000000318   
       318   4  4.337616E+05  3.988749E+05 -1.725506E+03 -3.202412E+03  8.396791E+03  5.045165E+03 _shell_0000000318   
       318   5 -4.384916E+05 -4.167335E+05 -1.734062E+03 -3.202214E+03  8.272401E+03  5.045278E+03 _shell_0000000318   
       318   6 -4.330345E+05 -3.985095E+05  3.731647E+03 -3.203812E+03  8.269027E+03 -5.043362E+03 _shell_0000000318   
       318   7 -4.384916E+05 -4.167335E+05 -1.734062E+03  3.202212E+03  8.272402E+03 -5.045277E+03 _shell_0000000318   
       318   8 -4.330345E+05 -3.985095E+05  3.731647E+03  3.203810E+03  8.269027E+03  5.043362E+03 _shell_0000000318   
       319   1  4.131282E+05  3.829150E+05  4.198531E+03  3.760430E+03  1.030829E+04  5.920714E+03 _shell_0000000319   
       319   2  4.067222E+05  3.614170E+05 -2.197817E+03  3.759828E+03  1.031126E+04 -5.921751E+03 _shell_0000000319   
       319   3  4.131282E+05  3.829150E+05  4.198531E+03 -3.760429E+03  1.030829E+04 -5.920714E+03 _shell_0000000319   
       319   4  4.067222E+05  3.614170E+05 -2.197817E+03 -3.759825E+03  1.031126E+04  5.921751E+03 _shell_0000000319   
       319   5 -4.125015E+05 -3.826505E+05 -2.207430E+03 -3.759606E+03  1.017315E+04  5.921873E+03 _shell_0000000319   
       319   6 -4.060956E+05 -3.612566E+05  4.208132E+03 -3.760210E+03  1.017015E+04 -5.920811E+03 _shell_0000000319   
       319   7 -4.125015E+05 -3.826505E+05 -2.207430E+03  3.759605E+03  1.017315E+04 -5.921873E+03 _shell_0000000319   
       319   8 -4.060956E+05 -3.612566E+05  4.208132E+03  3.760207E+03  1.017015E+04  5.920811E+03 _shell_0000000319   
       320   1  3.799261E+05  3.423266E+05  4.632315E+03  4.267429E+03  1.234937E+04  6.720426E+03 _shell_0000000320   
       320   2  3.726554E+05  3.179278E+05 -2.627977E+03  4.267908E+03  1.235189E+04 -6.720566E+03 _shell_0000000320   
       320   3  3.799261E+05  3.423266E+05  4.632315E+03 -4.267427E+03  1.234937E+04 -6.720425E+03 _shell_0000000320   
       320   4  3.726554E+05  3.179278E+05 -2.627977E+03 -4.267905E+03  1.235189E+04  6.720567E+03 _shell_0000000320   
       320   5 -3.794105E+05 -3.422791E+05 -2.638340E+03 -4.267677E+03  1.220680E+04  6.720693E+03 _shell_0000000320   
       320   6 -3.721399E+05 -3.179961E+05  4.642653E+03 -4.267199E+03  1.220425E+04 -6.720530E+03 _shell_0000000320   
       320   7 -3.794105E+05 -3.422791E+05 -2.638340E+03  4.267675E+03  1.220680E+04 -6.720693E+03 _shell_0000000320   
       320   8 -3.721399E+05 -3.179961E+05  4.642653E+03  4.267196E+03  1.220425E+04  6.720530E+03 _shell_0000000320   
       321   1  3.384535E+05  2.956016E+05  5.012890E+03  4.711466E+03  1.453715E+04  7.421019E+03 _shell_0000000321   
       321   2  3.304254E+05  2.686612E+05 -3.004528E+03  4.713055E+03  1.453916E+04 -7.420272E+03 _shell_0000000321   
       321   3  3.384535E+05  2.956016E+05  5.012890E+03 -4.711464E+03  1.453715E+04 -7.421018E+03 _shell_0000000321   
       321   4  3.304254E+05  2.686612E+05 -3.004528E+03 -4.713052E+03  1.453916E+04  7.420272E+03 _shell_0000000321   
       321   5 -3.380562E+05 -2.957933E+05 -3.015226E+03 -4.712828E+03  1.439535E+04  7.420396E+03 _shell_0000000321   
       321   6 -3.300282E+05 -2.689804E+05  5.023554E+03 -4.711240E+03  1.439331E+04 -7.421123E+03 _shell_0000000321   
       321   7 -3.380562E+05 -2.957933E+05 -3.015226E+03  4.712825E+03  1.439535E+04 -7.420395E+03 _shell_0000000321   
       321   8 -3.300282E+05 -2.689804E+05  5.023554E+03  4.711236E+03  1.439331E+04  7.421123E+03 _shell_0000000321   
       322   1  2.874310E+05  2.429757E+05  5.343515E+03  5.096388E+03  1.687928E+04  8.028476E+03 _shell_0000000322   
       322   2  2.787461E+05  2.138292E+05 -3.330897E+03  5.099056E+03  1.688073E+04 -8.026901E+03 _shell_0000000322   
       322   3  2.874310E+05  2.429757E+05  5.343515E+03 -5.096385E+03  1.687928E+04 -8.028476E+03 _shell_0000000322   
       322   4  2.787461E+05  2.138292E+05 -3.330897E+03 -5.099052E+03  1.688073E+04  8.026902E+03 _shell_0000000322   
       322   5 -2.871539E+05 -2.434283E+05 -3.341331E+03 -5.098846E+03  1.674795E+04  8.027015E+03 _shell_0000000322   
       322   6 -2.784691E+05 -2.144242E+05  5.353910E+03 -5.096179E+03  1.674647E+04 -8.028574E+03 _shell_0000000322   
       322   7 -2.871539E+05 -2.434283E+05 -3.341331E+03  5.098844E+03  1.674795E+04 -8.027014E+03 _shell_0000000322   
       322   8 -2.784691E+05 -2.144242E+05  5.353910E+03  5.096176E+03  1.674647E+04  8.028575E+03 _shell_0000000322   
       323   1  2.251155E+05  1.846910E+05  5.548580E+03  5.333449E+03  1.944035E+04  8.402887E+03 _shell_0000000323   
       323   2  2.160259E+05  1.541784E+05 -3.531649E+03  5.337022E+03  1.944123E+04 -8.400641E+03 _shell_0000000323   
       323   3  2.251155E+05  1.846910E+05  5.548580E+03 -5.333446E+03  1.944035E+04 -8.402886E+03 _shell_0000000323   
       323   4  2.160259E+05  1.541784E+05 -3.531649E+03 -5.337019E+03  1.944123E+04  8.400642E+03 _shell_0000000323   
       323   5 -2.249526E+05 -1.854311E+05 -3.540950E+03 -5.336849E+03  1.933067E+04  8.400735E+03 _shell_0000000323   
       323   6 -2.158631E+05 -1.550835E+05  5.557843E+03 -5.333276E+03  1.932976E+04 -8.402968E+03 _shell_0000000323   
       323   7 -2.249526E+05 -1.854311E+05 -3.540950E+03  5.336847E+03  1.933067E+04 -8.400734E+03 _shell_0000000323   
       323   8 -2.158631E+05 -1.550835E+05  5.557843E+03  5.333273E+03  1.932976E+04  8.402969E+03 _shell_0000000323   
       324   1  1.512244E+05  1.212781E+05  5.976841E+03  5.832061E+03  2.196642E+04  9.189266E+03 _shell_0000000324   
       324   2  1.412845E+05  8.789976E+04 -3.956185E+03  5.836613E+03  2.196681E+04 -9.186343E+03 _shell_0000000324   
       324   3  1.512244E+05  1.212781E+05  5.976841E+03 -5.832059E+03  2.196642E+04 -9.189264E+03 _shell_0000000324   
       324   4  1.412845E+05  8.789976E+04 -3.956185E+03 -5.836610E+03  2.196681E+04  9.186344E+03 _shell_0000000324   
       324   5 -1.511576E+05 -1.223451E+05 -3.963052E+03 -5.836493E+03  2.189002E+04  9.186412E+03 _shell_0000000324   
       324   6 -1.412178E+05 -8.916950E+04  5.983678E+03 -5.831941E+03  2.188961E+04 -9.189325E+03 _shell_0000000324   
       324   7 -1.511576E+05 -1.223451E+05 -3.963052E+03  5.836491E+03  2.189002E+04 -9.186411E+03 _shell_0000000324   
       324   8 -1.412178E+05 -8.916950E+04  5.983678E+03  5.831938E+03  2.188961E+04  9.189326E+03 _shell_0000000324   
       325   1  5.682955E+04  5.203164E+04  4.722797E+03  4.355323E+03  2.588365E+04  6.862767E+03 _shell_0000000325   
       325   2  4.940628E+04  2.704675E+04 -2.697953E+03  4.358963E+03  2.588370E+04 -6.860427E+03 _shell_0000000325   
       325   3  5.682955E+04  5.203164E+04  4.722797E+03 -4.355322E+03  2.588365E+04 -6.862765E+03 _shell_0000000325   
       325   4  4.940628E+04  2.704675E+04 -2.697953E+03 -4.358961E+03  2.588370E+04  6.860428E+03 _shell_0000000325   
       325   5 -5.682420E+04 -5.348973E+04 -2.700450E+03 -4.358916E+03  2.585511E+04  6.860447E+03 _shell_0000000325   
       325   6 -4.940100E+04 -2.877119E+04  4.725282E+03 -4.355277E+03  2.585505E+04 -6.862781E+03 _shell_0000000325   
       325   7 -5.682420E+04 -5.348973E+04 -2.700450E+03  4.358916E+03  2.585511E+04 -6.860445E+03 _shell_0000000325   
       325   8 -4.940100E+04 -2.877119E+04  4.725282E+03  4.355276E+03  2.585505E+04  6.862783E+03 _shell_0000000325   
       326   1  4.931578E+04  2.724381E+04 -2.641560E+03  3.044243E+04 -2.575484E+04 -2.265963E+04 _shell_0000000326   
       326   2  5.672195E+04  5.215847E+04  4.761758E+03  3.034402E+04 -2.592150E+04  5.667791E+03 _shell_0000000326   
       326   3  4.900755E+04  2.715319E+04 -2.738225E+03  3.914079E+04 -2.579782E+04 -8.969395E+03 _shell_0000000326   
       326   4  5.641474E+04  5.206871E+04  4.666460E+03  3.903527E+04 -2.563094E+04 -8.027012E+03 _shell_0000000326   
       326   5 -4.930324E+04 -2.847822E+04  4.674862E+03 -3.048983E+04 -2.572653E+04 -2.264348E+04 _shell_0000000326   
       326   6 -5.671036E+04 -5.315589E+04 -2.735115E+03 -3.037642E+04 -2.589345E+04  5.683920E+03 _shell_0000000326   
       326   7 -4.900739E+04 -2.838840E+04  4.758637E+03 -3.918099E+04 -2.576965E+04 -8.948647E+03 _shell_0000000326   
       326   8 -5.641350E+04 -5.306521E+04 -2.649973E+03 -3.907468E+04 -2.560296E+04 -8.006351E+03 _shell_0000000326   
       327   1  1.410053E+05  8.795927E+04 -3.810013E+03  3.379980E+04 -2.167784E+04 -5.941452E+03 _shell_0000000327   
       327   2  1.509209E+05  1.212426E+05  6.098850E+03  3.349217E+04 -2.216779E+04  9.787771E+03 _shell_0000000327   
       327   3  1.401121E+05  8.769323E+04 -4.079050E+03  4.544551E+04 -2.204930E+04  1.238816E+04 _shell_0000000327   
       327   4  1.500297E+05  1.209782E+05  5.830511E+03  4.512900E+04 -2.155850E+04 -8.547537E+03 _shell_0000000327   
       327   5 -1.409285E+05 -8.878818E+04  5.841238E+03 -3.388907E+04 -2.160147E+04 -5.924455E+03 _shell_0000000327   
       327   6 -1.508459E+05 -1.219025E+05 -4.082971E+03 -3.357389E+04 -2.209234E+04  9.803945E+03 _shell_0000000327   
       327   7 -1.400455E+05 -8.852368E+04  6.102743E+03 -4.552566E+04 -2.197395E+04  1.241097E+04 _shell_0000000327   
       327   8 -1.499610E+05 -1.216364E+05 -3.820769E+03 -4.521936E+04 -2.148396E+04 -8.525799E+03 _shell_0000000327   
       328   1  2.155661E+05  1.540701E+05 -3.305811E+03  3.194695E+04 -1.900513E+04 -8.482151E+03 _shell_0000000328   
       328   2  2.246309E+05  1.844858E+05  5.750220E+03  3.145036E+04 -1.979199E+04  8.902580E+03 _shell_0000000328   
       328   3  2.141345E+05  1.536429E+05 -3.733738E+03  4.259336E+04 -1.967841E+04  8.275822E+03 _shell_0000000328   
       328   4  2.232019E+05  1.840608E+05  5.322479E+03  4.208980E+04 -1.888974E+04 -7.859758E+03 _shell_0000000328   
       328   5 -2.153866E+05 -1.545886E+05  5.334084E+03 -3.206503E+04 -1.889485E+04 -8.468299E+03 _shell_0000000328   
       328   6 -2.244539E+05 -1.848761E+05 -3.741984E+03 -3.156113E+04 -1.968360E+04  8.915016E+03 _shell_0000000328   
       328   7 -2.139650E+05 -1.541636E+05  5.758429E+03 -4.270413E+04 -1.956983E+04  8.294203E+03 _shell_0000000328   
       328   8 -2.230296E+05 -1.844488E+05 -3.317452E+03 -4.220720E+04 -1.878295E+04 -7.843142E+03 _shell_0000000328   
       329   1  2.781190E+05  2.135511E+05 -3.030998E+03  3.042593E+04 -1.631052E+04 -7.248978E+03 _shell_0000000329   
       329   2  2.867773E+05  2.425954E+05  5.617935E+03  2.975469E+04 -1.737021E+04  8.771524E+03 _shell_0000000329   
       329   3  2.761916E+05  2.129758E+05 -3.605382E+03  4.059468E+04 -1.726437E+04  8.758764E+03 _shell_0000000329   
       329   4  2.848531E+05  2.420227E+05  5.043313E+03  3.991824E+04 -1.620176E+04 -7.239260E+03 _shell_0000000329   
       329   5 -2.778167E+05 -2.138167E+05  5.054847E+03 -3.055419E+04 -1.617775E+04 -7.238935E+03 _shell_0000000329   
       329   6 -2.864781E+05 -2.427560E+05 -3.615985E+03 -2.987773E+04 -1.724044E+04  8.779678E+03 _shell_0000000329   
       329   7 -2.759006E+05 -2.132440E+05  5.628500E+03 -4.071733E+04 -1.713381E+04  8.772046E+03 _shell_0000000329   
       329   8 -2.845588E+05 -2.421806E+05 -3.042570E+03 -4.004607E+04 -1.607409E+04 -7.228291E+03 _shell_0000000329   
       330   1  3.296455E+05  2.682079E+05 -2.639327E+03  2.825294E+04 -1.385134E+04 -6.582839E+03 _shell_0000000330   
       330   2  3.376461E+05  2.950441E+05  5.352064E+03  2.742719E+04 -1.515217E+04  8.326862E+03 _shell_0000000330   
       330   3  3.272795E+05  2.675017E+05 -3.343440E+03  3.764872E+04 -1.505579E+04  8.210073E+03 _shell_0000000330   
       330   4  3.352836E+05  2.943409E+05  4.647390E+03  3.681988E+04 -1.375096E+04 -6.467457E+03 _shell_0000000330   
       330   5 -3.292149E+05 -2.682548E+05  4.658216E+03 -2.838016E+04 -1.370717E+04 -6.577503E+03 _shell_0000000330   
       330   6 -3.372189E+05 -2.949993E+05 -3.355014E+03 -2.755127E+04 -1.501208E+04  8.330002E+03 _shell_0000000330   
       330   7 -3.268621E+05 -2.675516E+05  5.363606E+03 -3.777241E+04 -1.491415E+04  8.217025E+03 _shell_0000000330   
       330   8 -3.348627E+05 -2.942931E+05 -2.650186E+03 -3.694661E+04 -1.361329E+04 -6.463158E+03 _shell_0000000330   
       331   1  3.717387E+05  3.172992E+05 -2.207000E+03  2.568059E+04 -1.156414E+04 -5.692619E+03 _shell_0000000331   
       331   2  3.789817E+05  3.415948E+05  5.027477E+03  2.472203E+04 -1.307190E+04  7.784887E+03 _shell_0000000331   
       331   3  3.689959E+05  3.164807E+05 -3.022636E+03  3.418594E+04 -1.298639E+04  7.700605E+03 _shell_0000000331   
       331   4  3.762424E+05  3.407794E+05  4.211069E+03  3.322646E+04 -1.147365E+04 -5.607994E+03 _shell_0000000331   
       331   5 -3.711839E+05 -3.171493E+05  4.220754E+03 -2.579901E+04 -1.141826E+04 -5.692438E+03 _shell_0000000331   
       331   6 -3.784303E+05 -3.413618E+05 -3.034191E+03 -2.483952E+04 -1.293109E+04  7.782729E+03 _shell_0000000331   
       331   7 -3.684566E+05 -3.163339E+05  5.039008E+03 -3.430299E+04 -1.284317E+04  7.700652E+03 _shell_0000000331   
       331   8 -3.756996E+05 -3.405432E+05 -2.216708E+03 -3.334442E+04 -1.133540E+04 -5.610749E+03 _shell_0000000331   
       332   1  4.056851E+05  3.606176E+05 -1.730916E+03  2.273603E+04 -9.441413E+03 -4.750158E+03 _shell_0000000332   
       332   2  4.120643E+05  3.820176E+05  4.640848E+03  2.166682E+04 -1.112131E+04  7.123063E+03 _shell_0000000332   
       332   3  4.026288E+05  3.597058E+05 -2.639476E+03  3.022627E+04 -1.104766E+04  7.047030E+03 _shell_0000000332   
       332   4  4.090114E+05  3.811088E+05  3.731412E+03  2.915825E+04 -9.361912E+03 -4.672016E+03 _shell_0000000332   
       332   5 -4.050166E+05 -3.602882E+05  3.739676E+03 -2.284071E+04 -9.302046E+03 -4.755256E+03 _shell_0000000332   
       332   6 -4.113991E+05 -3.816124E+05 -2.650346E+03 -2.177270E+04 -1.098787E+04  7.115638E+03 _shell_0000000332   
       332   7 -4.019779E+05 -3.593794E+05  4.651706E+03 -3.033171E+04 -1.091092E+04  7.040017E+03 _shell_0000000332   
       332   8 -4.083571E+05 -3.807006E+05 -1.739191E+03 -2.926251E+04 -9.231007E+03 -4.681795E+03 _shell_0000000332   
       333   1  4.326209E+05  3.979155E+05 -1.222223E+03  1.948980E+04 -7.461859E+03 -3.745791E+03 _shell_0000000333   
       333   2  4.380535E+05  4.161416E+05  4.204099E+03  1.833128E+04 -9.280510E+03  6.364238E+03 _shell_0000000333   
       333   3  4.293117E+05  3.969286E+05 -2.205786E+03  2.586757E+04 -9.219357E+03  6.301887E+03 _shell_0000000333   
       333   4  4.347473E+05  4.151575E+05  3.219654E+03  2.471218E+04 -7.394143E+03 -3.679653E+03 _shell_0000000333   
       333   5 -4.318532E+05 -3.974241E+05  3.226312E+03 -1.957767E+04 -7.335721E+03 -3.755974E+03 _shell_0000000333   
       333   6 -4.372888E+05 -4.155827E+05 -2.215521E+03 -1.842231E+04 -9.161016E+03  6.351885E+03 _shell_0000000333   
       333   7 -4.285636E+05 -3.964399E+05  4.213836E+03 -2.595818E+04 -9.095657E+03  6.288088E+03 _shell_0000000333   
       333   8 -4.339961E+05 -4.145957E+05 -1.228879E+03 -2.479969E+04 -7.276991E+03 -3.696019E+03 _shell_0000000333   
       334   1  4.534951E+05  4.290107E+05 -6.884610E+02  1.600145E+04 -5.604535E+03 -2.702140E+03 _shell_0000000334   
       334   2  4.579147E+05  4.438393E+05  3.726130E+03  1.477341E+04 -7.531041E+03  5.522273E+03 _shell_0000000334   
       334   3  4.499894E+05  4.279654E+05 -1.730399E+03  2.118886E+04 -7.482760E+03  5.473083E+03 _shell_0000000334   
       334   4  4.544116E+05  4.427966E+05  2.683385E+03  1.996562E+04 -5.549123E+03 -2.647666E+03 _shell_0000000334   
       334   5 -4.526456E+05 -4.283777E+05  2.688313E+03 -1.607067E+04 -5.496928E+03 -2.716934E+03 _shell_0000000334   
       334   6 -4.570677E+05 -4.431492E+05 -1.738706E+03 -1.484749E+04 -7.430645E+03  5.505589E+03 _shell_0000000334   
       334   7 -4.491607E+05 -4.273349E+05  3.734452E+03 -2.126255E+04 -7.377269E+03  5.453143E+03 _shell_0000000334   
       334   8 -4.535802E+05 -4.421039E+05 -6.933744E+02 -2.003457E+04 -5.450749E+03 -2.669831E+03 _shell_0000000334   
       335   1  4.690762E+05  4.537607E+05 -1.368318E+02  1.232732E+04 -3.847115E+03 -1.633628E+03 _shell_0000000335   
       335   2  4.724323E+05  4.650221E+05  3.215737E+03  1.104772E+04 -5.853513E+03  4.611576E+03 _shell_0000000335   
       335   3  4.654250E+05  4.526723E+05 -1.222072E+03  1.626535E+04 -5.818284E+03  4.575851E+03 _shell_0000000335   
       335   4  4.687832E+05  4.639358E+05  2.129830E+03  1.499192E+04 -3.804328E+03 -1.591376E+03 _shell_0000000335   
       335   5 -4.681635E+05 -4.530109E+05  2.132949E+03 -1.237685E+04 -3.762061E+03 -1.652324E+03 _shell_0000000335   
       335   6 -4.715216E+05 -4.642277E+05 -1.228757E+03 -1.110350E+04 -5.776096E+03  4.591371E+03 _shell_0000000335   
       335   7 -4.645340E+05 -4.519245E+05  3.222447E+03 -1.632080E+04 -5.734920E+03  4.550727E+03 _shell_0000000335   
       335   8 -4.678901E+05 -4.631393E+05 -1.399253E+02 -1.504127E+04 -3.728510E+03 -1.618269E+03 _shell_0000000335   
       336   1  4.799536E+05  4.720607E+05  4.263114E+02  8.518141E+03 -2.166962E+03 -5.540806E+02 _shell_0000000336   
       336   2  4.822102E+05  4.796329E+05  2.680795E+03  7.203183E+03 -4.228099E+03  3.645035E+03 _shell_0000000336   
       336   3  4.762028E+05  4.709429E+05 -6.886597E+02  1.116458E+04 -4.205981E+03  3.622721E+03 _shell_0000000336   
       336   4  4.784608E+05  4.785165E+05  1.565347E+03  9.856788E+03 -2.136989E+03 -5.243106E+02 _shell_0000000336   
       336   5 -4.789974E+05 -4.712232E+05  1.566616E+03 -8.547504E+03 -2.107342E+03 -5.757825E+02 _shell_0000000336   
       336   6 -4.812555E+05 -4.787654E+05 -6.935946E+02 -7.239800E+03 -4.176414E+03  3.622283E+03 _shell_0000000336   
       336   7 -4.752688E+05 -4.701068E+05  2.685764E+03 -1.120093E+04 -4.147548E+03  3.593620E+03 _shell_0000000336   
       336   8 -4.775254E+05 -4.776476E+05  4.250764E+02 -9.886055E+03 -2.086398E+03 -5.546400E+02 _shell_0000000336   
       337   1  4.865427E+05  4.838359E+05  9.951474E+02  4.619833E+03 -5.414549E+02  5.244027E+02 _shell_0000000337   
       337   2  4.876767E+05  4.876403E+05  2.128357E+03  3.284276E+03 -2.634456E+03  2.634452E+03 _shell_0000000337   
       337   3  4.827341E+05  4.827012E+05 -1.372021E+02  5.947607E+03 -2.625439E+03  2.625435E+03 _shell_0000000337   
       337   4  4.838688E+05  4.865063E+05  9.957526E+02  4.619834E+03 -5.244084E+02  5.414491E+02 _shell_0000000337   
       337   5 -4.855634E+05 -4.829437E+05  9.951676E+02 -4.628960E+03 -5.091339E+02  5.007301E+02 _shell_0000000337   
       337   6 -4.866981E+05 -4.867345E+05 -1.403093E+02 -3.301277E+03 -2.610244E+03  2.610239E+03 _shell_0000000337   
       337   7 -4.817768E+05 -4.818098E+05  2.131503E+03 -5.964427E+03 -2.593749E+03  2.593744E+03 _shell_0000000337   
       337   8 -4.829108E+05 -4.855998E+05  9.957714E+02 -4.628961E+03 -5.007357E+02  5.091282E+02 _shell_0000000337   
       338   1  4.890890E+05  4.890364E+05  1.564151E+03  6.745367E+02  1.051723E+03  1.590748E+03 _shell_0000000338   
       338   2  4.890890E+05  4.890345E+05  1.564739E+03 -6.677800E+02 -1.051731E+03  1.590751E+03 _shell_0000000338   
       338   3  4.852616E+05  4.878964E+05  4.259905E+02  6.705430E+02 -1.055773E+03  1.594861E+03 _shell_0000000338   
       338   4  4.852616E+05  4.878945E+05  4.265633E+02 -6.637847E+02  1.055768E+03  1.594862E+03 _shell_0000000338   
       338   5 -4.881066E+05 -4.881256E+05  4.241600E+02 -6.637444E+02  1.055808E+03  1.566227E+03 _shell_0000000338   
       338   6 -4.881066E+05 -4.881275E+05  4.247469E+02  6.704902E+02 -1.055813E+03  1.566227E+03 _shell_0000000338   
       338   7 -4.843008E+05 -4.869856E+05  1.566024E+03 -6.677395E+02 -1.051737E+03  1.562083E+03 _shell_0000000338   
       338   8 -4.843008E+05 -4.869875E+05  1.566595E+03  6.744838E+02  1.051729E+03  1.562080E+03 _shell_0000000338   
       339   1  4.876702E+05  4.876334E+05  2.127806E+03 -3.277757E+03  2.634448E+03  2.634449E+03 _shell_0000000339   
       339   2  4.865362E+05  4.838248E+05  9.957328E+02 -4.613313E+03  5.414464E+02  5.244058E+02 _shell_0000000339   
       339   3  4.838621E+05  4.864994E+05  9.951359E+02 -4.613313E+03  5.244035E+02  5.414488E+02 _shell_0000000339   
       339   4  4.827274E+05  4.826901E+05 -1.367127E+02 -5.941086E+03  2.625434E+03  2.625435E+03 _shell_0000000339   
       339   5 -4.867047E+05 -4.867414E+05 -1.408586E+02  3.307786E+03  2.610239E+03  2.610240E+03 _shell_0000000339   
       339   6 -4.855700E+05 -4.829548E+05  9.957516E+02  4.635469E+03  5.091289E+02  5.007298E+02 _shell_0000000339   
       339   7 -4.829176E+05 -4.856067E+05  9.951562E+02  4.635468E+03  5.007275E+02  5.091312E+02 _shell_0000000339   
       339   8 -4.817836E+05 -4.818208E+05  2.131991E+03  5.970934E+03  2.593741E+03  2.593742E+03 _shell_0000000339   
       340   1  4.821975E+05  4.796166E+05  2.680323E+03 -7.197373E+03  4.228091E+03  3.645033E+03 _shell_0000000340   
       340   2  4.799409E+05  4.720394E+05  4.268529E+02 -8.512331E+03  2.166953E+03 -5.540778E+02 _shell_0000000340   
       340   3  4.784478E+05  4.785002E+05  1.564726E+03 -9.850977E+03  2.136983E+03 -5.243106E+02 _shell_0000000340   
       340   4  4.761898E+05  4.709217E+05 -6.882927E+02 -1.115876E+04  4.205976E+03  3.622721E+03 _shell_0000000340   
       340   5 -4.812683E+05 -4.787817E+05 -6.940658E+02  7.245599E+03  4.176408E+03  3.622284E+03 _shell_0000000340   
       340   6 -4.790102E+05 -4.712445E+05  1.567156E+03  8.553303E+03  2.107336E+03 -5.757826E+02 _shell_0000000340   
       340   7 -4.775385E+05 -4.776640E+05  4.244567E+02  9.891853E+03  2.086390E+03 -5.546371E+02 _shell_0000000340   
       340   8 -4.752819E+05 -4.701281E+05  2.686130E+03  1.120673E+04  4.147540E+03  3.593617E+03 _shell_0000000340   
       341   1  4.724144E+05  4.649952E+05  3.215382E+03 -1.104308E+04  5.853505E+03  4.611574E+03 _shell_0000000341   
       341   2  4.690583E+05  4.537274E+05 -1.363749E+02 -1.232268E+04  3.847107E+03 -1.633626E+03 _shell_0000000341   
       341   3  4.687648E+05  4.639088E+05  2.129246E+03 -1.498728E+04  3.804323E+03 -1.591376E+03 _shell_0000000341   
       341   4  4.654066E+05  4.526390E+05 -1.221864E+03 -1.626071E+04  5.818278E+03  4.575851E+03 _shell_0000000341   
       341   5 -4.715396E+05 -4.642547E+05 -1.229111E+03  1.110812E+04  5.776091E+03  4.591372E+03 _shell_0000000341   
       341   6 -4.681815E+05 -4.530443E+05  2.133405E+03  1.238148E+04  3.762055E+03 -1.652324E+03 _shell_0000000341   
       341   7 -4.679087E+05 -4.631664E+05 -1.405087E+02  1.504590E+04  3.728502E+03 -1.618267E+03 _shell_0000000341   
       341   8 -4.645526E+05 -4.519579E+05  3.222655E+03  1.632542E+04  5.734913E+03  4.550725E+03 _shell_0000000341   
       342   1  4.578930E+05  4.437996E+05  3.725928E+03 -1.477037E+04  7.531034E+03  5.522272E+03 _shell_0000000342   
       342   2  4.534735E+05  4.289628E+05 -6.881282E+02 -1.599841E+04  5.604528E+03 -2.702138E+03 _shell_0000000342   
       342   3  4.543892E+05  4.427568E+05  2.682880E+03 -1.996258E+04  5.549117E+03 -2.647665E+03 _shell_0000000342   
       342   4  4.499671E+05  4.279175E+05 -1.730377E+03 -2.118581E+04  7.482754E+03  5.473083E+03 _shell_0000000342   
       342   5 -4.570895E+05 -4.431890E+05 -1.738908E+03  1.485053E+04  7.430639E+03  5.505588E+03 _shell_0000000342   
       342   6 -4.526674E+05 -4.284256E+05  2.688645E+03  1.607371E+04  5.496922E+03 -2.716933E+03 _shell_0000000342   
       342   7 -4.536028E+05 -4.421437E+05 -6.938789E+02  2.003760E+04  5.450742E+03 -2.669830E+03 _shell_0000000342   
       342   8 -4.491833E+05 -4.273828E+05  3.734473E+03  2.126559E+04  7.377262E+03  5.453141E+03 _shell_0000000342   
       343   1  4.380297E+05  4.160863E+05  4.204074E+03 -1.833017E+04  9.280505E+03  6.364237E+03 _shell_0000000343   
       343   2  4.325972E+05  3.978501E+05 -1.222049E+03 -1.948869E+04  7.461854E+03 -3.745791E+03 _shell_0000000343   
       343   3  4.347227E+05  4.151022E+05  3.219272E+03 -2.471106E+04  7.394137E+03 -3.679653E+03 _shell_0000000343   
       343   4  4.292871E+05  3.968631E+05 -2.205963E+03 -2.586646E+04  9.219351E+03  6.301886E+03 _shell_0000000343   
       343   5 -4.373128E+05 -4.156380E+05 -2.215546E+03  1.842342E+04  9.161009E+03  6.351884E+03 _shell_0000000343   
       343   6 -4.318772E+05 -3.974896E+05  3.226485E+03  1.957878E+04  7.335715E+03 -3.755973E+03 _shell_0000000343   
       343   7 -4.340210E+05 -4.146511E+05 -1.229261E+03  2.480080E+04  7.276985E+03 -3.696019E+03 _shell_0000000343   
       343   8 -4.285884E+05 -3.965055E+05  4.213659E+03  2.595928E+04  9.095651E+03  6.288087E+03 _shell_0000000343   
       344   1  4.120406E+05  3.819438E+05  4.641009E+03 -2.166781E+04  1.112131E+04  7.123063E+03 _shell_0000000344   
       344   2  4.056613E+05  3.605314E+05 -1.730924E+03 -2.273702E+04  9.441410E+03 -4.750160E+03 _shell_0000000344   
       344   3  4.089865E+05  3.810351E+05  3.731196E+03 -2.915924E+04  9.361906E+03 -4.672015E+03 _shell_0000000344   
       344   4  4.026039E+05  3.596196E+05 -2.639840E+03 -3.022725E+04  1.104765E+04  7.047028E+03 _shell_0000000344   
       344   5 -4.114232E+05 -3.816863E+05 -2.650185E+03  2.177171E+04  1.098787E+04  7.115636E+03 _shell_0000000344   
       344   6 -4.050406E+05 -3.603745E+05  3.739667E+03  2.283972E+04  9.302040E+03 -4.755255E+03 _shell_0000000344   
       344   7 -4.083822E+05 -3.807745E+05 -1.739407E+03  2.926152E+04  9.231003E+03 -4.681797E+03 _shell_0000000344   
       344   8 -4.020030E+05 -3.594657E+05  4.651343E+03  3.033071E+04  1.091092E+04  7.040017E+03 _shell_0000000344   
       345   1  3.789599E+05  3.414994E+05  5.027807E+03 -2.472504E+04  1.307190E+04  7.784888E+03 _shell_0000000345   
       345   2  3.717169E+05  3.171894E+05 -2.207196E+03 -2.568359E+04  1.156414E+04 -5.692623E+03 _shell_0000000345   
       345   3  3.762195E+05  3.406840E+05  4.211053E+03 -3.322946E+04  1.147364E+04 -5.607993E+03 _shell_0000000345   
       345   4  3.689730E+05  3.163709E+05 -3.023138E+03 -3.418894E+04  1.298638E+04  7.700602E+03 _shell_0000000345   
       345   5 -3.784524E+05 -3.414573E+05 -3.033862E+03  2.483651E+04  1.293108E+04  7.782725E+03 _shell_0000000345   
       345   6 -3.712059E+05 -3.172592E+05  4.220558E+03  2.579600E+04  1.141826E+04 -5.692437E+03 _shell_0000000345   
       345   7 -3.757227E+05 -3.406388E+05 -2.216724E+03  3.334141E+04  1.133540E+04 -5.610753E+03 _shell_0000000345   
       345   8 -3.684798E+05 -3.164438E+05  5.038507E+03  3.429998E+04  1.284317E+04  7.700653E+03 _shell_0000000345   
       346   1  3.376281E+05  2.949244E+05  5.352515E+03 -2.743179E+04  1.515218E+04  8.326864E+03 _shell_0000000346   
       346   2  3.296274E+05  2.680724E+05 -2.639688E+03 -2.825754E+04  1.385134E+04 -6.582844E+03 _shell_0000000346   
       346   3  3.352645E+05  2.942212E+05  4.647589E+03 -3.682449E+04  1.375095E+04 -6.467455E+03 _shell_0000000346   
       346   4  3.272604E+05  2.673662E+05 -3.343995E+03 -3.765332E+04  1.505579E+04  8.210068E+03 _shell_0000000346   
       346   5 -3.372372E+05 -2.951192E+05 -3.354564E+03  2.754667E+04  1.501207E+04  8.329998E+03 _shell_0000000346   
       346   6 -3.292332E+05 -2.683905E+05  4.657856E+03  2.837555E+04  1.370716E+04 -6.577502E+03 _shell_0000000346   
       346   7 -3.348819E+05 -2.944129E+05 -2.649988E+03  3.694201E+04  1.361329E+04 -6.463163E+03 _shell_0000000346   
       346   8 -3.268814E+05 -2.676872E+05  5.363052E+03  3.776781E+04  1.491415E+04  8.217028E+03 _shell_0000000346   
       347   1  2.867642E+05  2.424496E+05  5.618428E+03 -2.976012E+04  1.737022E+04  8.771527E+03 _shell_0000000347   
       347   2  2.781059E+05  2.133891E+05 -3.031468E+03 -3.043136E+04  1.631052E+04 -7.248985E+03 _shell_0000000347   
       347   3  2.848394E+05  2.418770E+05  5.043709E+03 -3.992367E+04  1.620176E+04 -7.239259E+03 _shell_0000000347   
       347   4  2.761778E+05  2.128138E+05 -3.605879E+03 -4.060011E+04  1.726437E+04  8.758759E+03 _shell_0000000347   
       347   5 -2.864914E+05 -2.429019E+05 -3.615493E+03  2.987230E+04  1.724043E+04  8.779674E+03 _shell_0000000347   
       347   6 -2.778300E+05 -2.139789E+05  5.054378E+03  3.054876E+04  1.617775E+04 -7.238934E+03 _shell_0000000347   
       347   7 -2.845728E+05 -2.423265E+05 -3.042175E+03  4.004065E+04  1.607410E+04 -7.228297E+03 _shell_0000000347   
       347   8 -2.759146E+05 -2.134061E+05  5.628004E+03  4.071191E+04  1.713382E+04  8.772049E+03 _shell_0000000347   
       348   1  2.246231E+05  1.843137E+05  5.750654E+03 -3.145557E+04  1.979199E+04  8.902584E+03 _shell_0000000348   
       348   2  2.155583E+05  1.538826E+05 -3.306304E+03 -3.195215E+04  1.900514E+04 -8.482157E+03 _shell_0000000348   
       348   3  2.231938E+05  1.838887E+05  5.323016E+03 -4.209501E+04  1.888974E+04 -7.859757E+03 _shell_0000000348   
       348   4  2.141263E+05  1.534554E+05 -3.734057E+03 -4.259856E+04  1.967841E+04  8.275818E+03 _shell_0000000348   
       348   5 -2.244619E+05 -1.850482E+05 -3.741552E+03  3.155593E+04  1.968360E+04  8.915012E+03 _shell_0000000348   
       348   6 -2.153946E+05 -1.547762E+05  5.333592E+03  3.205983E+04  1.889485E+04 -8.468298E+03 _shell_0000000348   
       348   7 -2.230379E+05 -1.846209E+05 -3.316917E+03  4.220200E+04  1.878296E+04 -7.843149E+03 _shell_0000000348   
       348   8 -2.139733E+05 -1.543511E+05  5.758112E+03  4.269893E+04  1.956984E+04  8.294207E+03 _shell_0000000348   
       349   1  1.509175E+05  1.210459E+05  6.099124E+03 -3.349599E+04  2.216780E+04  9.787775E+03 _shell_0000000349   
       349   2  1.410018E+05  8.774929E+04 -3.810426E+03 -3.380362E+04  2.167785E+04 -5.941457E+03 _shell_0000000349   
       349   3  1.500264E+05  1.207815E+05  5.831089E+03 -4.513282E+04  2.155851E+04 -8.547536E+03 _shell_0000000349   
       349   4  1.401088E+05  8.748326E+04 -4.079095E+03 -4.544933E+04  2.204930E+04  1.238815E+04 _shell_0000000349   
       349   5 -1.508495E+05 -1.220992E+05 -4.082700E+03  3.357007E+04  2.209234E+04  9.803942E+03 _shell_0000000349   
       349   6 -1.409320E+05 -8.899820E+04  5.840827E+03  3.388526E+04  2.160147E+04 -5.924453E+03 _shell_0000000349   
       349   7 -1.499644E+05 -1.218331E+05 -3.820192E+03  4.521555E+04  2.148397E+04 -8.525805E+03 _shell_0000000349   
       349   8 -1.400489E+05 -8.873368E+04  6.102700E+03  4.552185E+04  2.197396E+04  1.241098E+04 _shell_0000000349   
       350   1  5.672109E+04  5.194079E+04  4.761790E+03 -3.034545E+04  2.592151E+04  5.667795E+03 _shell_0000000350   
       350   2  4.931491E+04  2.701618E+04 -2.641790E+03 -3.044386E+04  2.575485E+04 -2.265964E+04 _shell_0000000350   
       350   3  5.641430E+04  5.185103E+04  4.666954E+03 -3.903671E+04  2.563094E+04 -8.027010E+03 _shell_0000000350   
       350   4  4.900712E+04  2.692557E+04 -2.737950E+03 -3.914223E+04  2.579782E+04 -8.969398E+03 _shell_0000000350   
       350   5 -5.671127E+04 -5.337358E+04 -2.735085E+03  3.037499E+04  2.589345E+04  5.683920E+03 _shell_0000000350   
       350   6 -4.930415E+04 -2.870586E+04  4.674634E+03  3.048840E+04  2.572654E+04 -2.264348E+04 _shell_0000000350   
       350   7 -5.641397E+04 -5.328291E+04 -2.649480E+03  3.907326E+04  2.560297E+04 -8.006355E+03 _shell_0000000350   
       350   8 -4.900786E+04 -2.861603E+04  4.758914E+03  3.917956E+04  2.576966E+04 -8.948645E+03 _shell_0000000350   
       351   1  4.873266E+04  2.706209E+04 -2.567993E+03  6.510728E+04 -2.540937E+04 -3.835427E+04 _shell_0000000351   
       351   2  5.608726E+04  5.179201E+04  4.783802E+03  6.490539E+04 -2.574434E+04  4.451176E+03 _shell_0000000351   
       351   3  4.811334E+04  2.687995E+04 -2.761988E+03  7.374542E+04 -2.549423E+04 -2.475830E+04 _shell_0000000351   
       351   4  5.546995E+04  5.161156E+04  4.592497E+03  7.353693E+04 -2.515869E+04 -9.149040E+03 _shell_0000000351   
       351   5 -4.871477E+04 -2.818566E+04  4.606213E+03 -6.519641E+04 -2.538221E+04 -3.832038E+04 _shell_0000000351   
       351   6 -5.607132E+04 -5.270609E+04 -2.753135E+03 -6.497250E+04 -2.571781E+04  4.484998E+03 _shell_0000000351   
       351   7 -4.811976E+04 -2.800508E+04  4.774940E+03 -7.382787E+04 -2.546733E+04 -2.472013E+04 _shell_0000000351   
       351   8 -5.547429E+04 -5.252382E+04 -2.581719E+03 -7.361056E+04 -2.513232E+04 -9.111014E+03 _shell_0000000351   
       352   1  1.392603E+05  8.723410E+04 -3.639163E+03  7.327830E+04 -2.117935E+04 -2.658879E+03 _shell_0000000352   
       352   2  1.491031E+05  1.202668E+05  6.197956E+03  7.265554E+04 -2.216394E+04  1.034908E+04 _shell_0000000352   
       352   3  1.374662E+05  8.669968E+04 -4.179430E+03  8.483932E+04 -2.192421E+04  1.553810E+04 _shell_0000000352   
       352   4  1.473129E+05  1.197356E+05  5.659058E+03  8.420833E+04 -2.093858E+04 -7.853169E+03 _shell_0000000352   
       352   5 -1.391831E+05 -8.799625E+04  5.672600E+03 -7.344845E+04 -2.110646E+04 -2.622721E+03 _shell_0000000352   
       352   6 -1.490297E+05 -1.208801E+05 -4.179633E+03 -7.282004E+04 -2.209221E+04  1.038349E+04 _shell_0000000352   
       352   7 -1.374091E+05 -8.746487E+04  6.198135E+03 -8.500101E+04 -2.185334E+04  1.557965E+04 _shell_0000000352   
       352   8 -1.472517E+05 -1.203455E+05 -3.652730E+03 -8.438085E+04 -2.086865E+04 -7.813622E+03 _shell_0000000352   
       353   1  2.127251E+05  1.527366E+05 -3.055111E+03  6.906838E+04 -1.836679E+04 -8.505602E+03 _shell_0000000353   
       353   2  2.217163E+05  1.829029E+05  5.929217E+03  6.806820E+04 -1.994645E+04  9.369894E+03 _shell_0000000353   
       353   3  2.098527E+05  1.518795E+05 -3.913638E+03  7.962969E+04 -1.971633E+04  8.118985E+03 _shell_0000000353   
       353   4  2.188492E+05  1.820501E+05  5.071051E+03  7.862307E+04 -1.813470E+04 -7.258690E+03 _shell_0000000353   
       353   5 -2.125517E+05 -1.532199E+05  5.083633E+03 -6.929567E+04 -1.826176E+04 -8.476286E+03 _shell_0000000353   
       353   6 -2.215481E+05 -1.832729E+05 -3.919636E+03 -6.828837E+04 -1.984351E+04  9.396255E+03 _shell_0000000353   
       353   7 -2.096991E+05 -1.523669E+05  5.935183E+03 -7.985023E+04 -1.961463E+04  8.152464E+03 _shell_0000000353   
       353   8 -2.186902E+05 -1.824156E+05 -3.067725E+03 -7.884937E+04 -1.803490E+04 -7.228520E+03 _shell_0000000353   
       354   1  2.742624E+05  2.116249E+05 -2.704912E+03  6.577887E+04 -1.555090E+04 -6.409712E+03 _shell_0000000354   
       354   2  2.828424E+05  2.404066E+05  5.868071E+03  6.443078E+04 -1.767614E+04  9.482211E+03 _shell_0000000354   
       354   3  2.703998E+05  2.104719E+05 -3.856036E+03  7.585724E+04 -1.746130E+04  9.456203E+03 _shell_0000000354   
       354   4  2.789861E+05  2.392589E+05  4.716473E+03  7.450437E+04 -1.533309E+04 -6.386425E+03 _shell_0000000354   
       354   5 -2.739736E+05 -2.118778E+05  4.727724E+03 -6.602679E+04 -1.542477E+04 -6.388539E+03 _shell_0000000354   
       354   6 -2.825598E+05 -2.405654E+05 -3.865448E+03 -6.467388E+04 -1.755310E+04  9.499463E+03 _shell_0000000354   
       354   7 -2.701333E+05 -2.107299E+05  5.877451E+03 -7.609999E+04 -1.733950E+04  9.480297E+03 _shell_0000000354   
       354   8 -2.787133E+05 -2.394122E+05 -2.716195E+03 -7.475187E+04 -1.521419E+04 -6.366681E+03 _shell_0000000354   
       355   1  3.248759E+05  2.656933E+05 -2.247596E+03  6.104014E+04 -1.299078E+04 -5.679112E+03 _shell_0000000355   
       355   2  3.327956E+05  2.922599E+05  5.665478E+03  5.938560E+04 -1.559662E+04  9.201203E+03 _shell_0000000355   
       355   3  3.201401E+05  2.642797E+05 -3.656998E+03  7.034263E+04 -1.540054E+04  8.967244E+03 _shell_0000000355   
       355   4  3.280665E+05  2.908522E+05  4.254968E+03  6.868527E+04 -1.279075E+04 -5.446304E+03 _shell_0000000355   
       355   5 -3.244665E+05 -2.657428E+05  4.264695E+03 -6.128699E+04 -1.285412E+04 -5.668008E+03 _shell_0000000355   
       355   6 -3.323928E+05 -2.922256E+05 -3.668165E+03 -5.962953E+04 -1.546404E+04  9.207771E+03 _shell_0000000355   
       355   7 -3.197569E+05 -2.643350E+05  5.676617E+03 -7.058624E+04 -1.526885E+04  8.979712E+03 _shell_0000000355   
       355   8 -3.276765E+05 -2.908119E+05 -2.257351E+03 -6.893161E+04 -1.266294E+04 -5.438835E+03 _shell_0000000355   
       356   1  3.661699E+05  3.142119E+05 -1.760124E+03  5.544818E+04 -1.062348E+04 -4.596231E+03 _shell_0000000356   
       356   2  3.733315E+05  3.382378E+05  5.395762E+03  5.353139E+04 -1.364024E+04  8.819337E+03 _shell_0000000356   
       356   3  3.606869E+05  3.125757E+05 -3.390741E+03  6.385992E+04 -1.346576E+04  8.649777E+03 _shell_0000000356   
       356   4  3.678554E+05  3.366078E+05  3.763631E+03  6.194232E+04 -1.044417E+04 -4.426145E+03 _shell_0000000356   
       356   5 -3.656435E+05 -3.140749E+05  3.771718E+03 -5.567891E+04 -1.048550E+04 -4.596130E+03 _shell_0000000356   
       356   6 -3.728119E+05 -3.380235E+05 -3.402455E+03 -5.376128E+04 -1.350722E+04  8.814622E+03 _shell_0000000356   
       356   7 -3.601913E+05 -3.124447E+05  5.407457E+03 -6.408941E+04 -1.333301E+04  8.649563E+03 _shell_0000000356   
       356   8 -3.673529E+05 -3.363872E+05 -1.768231E+03 -6.217260E+04 -1.031618E+04 -4.431641E+03 _shell_0000000356   
       357   1  3.994354E+05  3.569857E+05 -1.239927E+03  4.905565E+04 -8.440643E+03 -3.510473E+03 _shell_0000000357   
       357   2  4.057362E+05  3.781261E+05  5.056013E+03  4.692132E+04 -1.179804E+04  8.298260E+03 _shell_0000000357   
       357   3  3.933328E+05  3.551651E+05 -3.054182E+03  5.645565E+04 -1.164713E+04  8.144633E+03 _shell_0000000357   
       357   4  3.996401E+05  3.763115E+05  3.240043E+03  5.432245E+04 -8.284143E+03 -3.354630E+03 _shell_0000000357   
       357   5 -3.988019E+05 -3.566758E+05  3.246437E+03 -4.926067E+04 -8.309071E+03 -3.521624E+03 _shell_0000000357   
       357   6 -4.051092E+05 -3.777449E+05 -3.065641E+03 -4.712750E+04 -1.167218E+04  8.282334E+03 _shell_0000000357   
       357   7 -3.927343E+05 -3.548611E+05  5.067462E+03 -5.666140E+04 -1.152071E+04  8.131462E+03 _shell_0000000357   
       357   8 -3.990351E+05 -3.759241E+05 -1.246330E+03 -5.452709E+04 -8.163247E+03 -3.373018E+03 _shell_0000000357   
       358   1  4.258077E+05  3.937823E+05 -6.978278E+02  4.201820E+04 -6.419308E+03 -2.381378E+03 _shell_0000000358   
       358   2  4.311682E+05  4.117700E+05  4.658786E+03  3.970900E+04 -1.005035E+04  7.662561E+03 _shell_0000000358   
       358   3  4.192071E+05  3.918136E+05 -2.659794E+03  4.831311E+04 -9.924290E+03  7.535673E+03 _shell_0000000358   
       358   4  4.245735E+05  4.098070E+05  2.695096E+03  4.600681E+04 -6.287039E+03 -2.250675E+03 _shell_0000000358   
       358   5 -4.250808E+05 -3.933145E+05  2.699755E+03 -4.219147E+04 -6.300423E+03 -2.403352E+03 _shell_0000000358   
       358   6 -4.304472E+05 -4.112383E+05 -2.670454E+03 -3.988525E+04 -9.937800E+03  7.636144E+03 _shell_0000000358   
       358   7 -4.185189E+05 -3.913515E+05  4.669449E+03 -4.848893E+04 -9.810180E+03  7.510056E+03 _shell_0000000358   
       358   8 -4.238793E+05 -4.092696E+05 -7.024843E+02 -4.617980E+04 -6.179076E+03 -2.281134E+03 _shell_0000000358   
       359   1  4.462314E+05  4.244350E+05 -1.405691E+02  3.446470E+04 -4.536489E+03 -1.238686E+03 _shell_0000000359   
       359   2  4.505886E+05  4.390577E+05  4.213723E+03  3.201988E+04 -8.379617E+03  6.924725E+03 _shell_0000000359   
       359   3  4.392450E+05  4.223519E+05 -2.217152E+03  3.958054E+04 -8.279149E+03  6.823551E+03 _shell_0000000359   
       359   4  4.436072E+05  4.369795E+05  2.135565E+03  3.714017E+04 -4.429326E+03 -1.132269E+03 _shell_0000000359   
       359   5 -4.454272E+05 -4.238284E+05  2.138454E+03 -3.460249E+04 -4.435213E+03 -1.270461E+03 _shell_0000000359   
       359   6 -4.497895E+05 -4.383967E+05 -2.226654E+03 -3.216223E+04 -8.285162E+03  6.889089E+03 _shell_0000000359   
       359   7 -4.384822E+05 -4.217502E+05  4.223238E+03 -3.972247E+04 -8.182016E+03  6.786672E+03 _shell_0000000359   
       359   8 -4.428394E+05 -4.363135E+05 -1.434448E+02 -3.727776E+04 -4.338828E+03 -1.173346E+03 _shell_0000000359   
       360   1  4.614688E+05  4.488164E+05  4.256992E+02  2.651660E+04 -2.767819E+03 -9.591599E+01 _shell_0000000360   
       360   2  4.647754E+05  4.599141E+05  3.730295E+03  2.397151E+04 -6.767665E+03  6.098467E+03 _shell_0000000360   
       360   3  4.541974E+05  4.466489E+05 -1.735692E+03  3.039781E+04 -6.693156E+03  6.023671E+03 _shell_0000000360   
       360   4  4.575079E+05  4.577505E+05  1.567605E+03  2.785842E+04 -2.686250E+03 -1.469456E+01 _shell_0000000360   
       360   5 -4.606050E+05 -4.480948E+05  1.568696E+03 -2.661665E+04 -2.687861E+03 -1.359721E+02 _shell_0000000360   
       360   6 -4.639156E+05 -4.591499E+05 -1.743789E+03 -2.407740E+04 -6.694891E+03  6.055334E+03 _shell_0000000360   
       360   7 -4.533767E+05 -4.459312E+05  3.738414E+03 -3.050332E+04 -6.616505E+03  5.977290E+03 _shell_0000000360   
       360   8 -4.566833E+05 -4.569824E+05  4.246301E+02 -2.795837E+04 -2.616600E+03 -6.441676E+01 _shell_0000000360   
       361   1  4.721033E+05  4.668344E+05  9.957258E+02  1.828260E+04 -1.088878E+03  1.033143E+03 _shell_0000000361   
       361   2  4.743255E+05  4.742930E+05  3.216889E+03  1.566890E+04 -5.195908E+03  5.195902E+03 _shell_0000000361   
       361   3  4.646371E+05  4.646094E+05 -1.223781E+03  2.088969E+04 -5.147490E+03  5.147484E+03 _shell_0000000361   
       361   4  4.668621E+05  4.720707E+05  9.964542E+02  1.828260E+04 -1.033150E+03  1.088871E+03 _shell_0000000361   
       361   5 -4.711987E+05 -4.660263E+05  9.957412E+02 -1.834367E+04 -1.032882E+03  9.867194E+02 _shell_0000000361   
       361   6 -4.734236E+05 -4.734562E+05 -1.230297E+03 -1.573674E+04 -5.147345E+03  5.147339E+03 _shell_0000000361   
       361   7 -4.637763E+05 -4.638041E+05  3.223435E+03 -2.095721E+04 -5.093814E+03  5.093808E+03 _shell_0000000361   
       361   8 -4.659986E+05 -4.712312E+05  9.964681E+02 -1.834367E+04 -9.867259E+02  1.032875E+03 _shell_0000000361   
       362   1  4.785452E+05  4.784242E+05  1.564692E+03  9.860587E+03  5.243041E+02  2.136980E+03 _shell_0000000362   
       362   2  4.796615E+05  4.821705E+05  2.680841E+03  7.206983E+03 -3.645040E+03  4.228094E+03 _shell_0000000362   
       362   3  4.709662E+05  4.761662E+05 -6.887398E+02  1.116838E+04 -3.622723E+03  4.205974E+03 _shell_0000000362   
       362   4  4.720839E+05  4.799139E+05  4.269137E+02  8.521942E+03  5.540766E+02  2.166955E+03 _shell_0000000362   
       362   5 -4.776190E+05 -4.775621E+05  4.244219E+02 -9.882260E+03  5.546357E+02  2.086392E+03 _shell_0000000362   
       362   6 -4.787367E+05 -4.812952E+05 -6.935486E+02 -7.236006E+03 -3.622286E+03  4.176406E+03 _shell_0000000362   
       362   7 -4.700836E+05 -4.753054E+05  2.685684E+03 -1.119714E+04 -3.593625E+03  4.147543E+03 _shell_0000000362   
       362   8 -4.712000E+05 -4.790372E+05  1.567217E+03 -8.543710E+03  5.757764E+02  2.107333E+03 _shell_0000000362   
       363   1  4.810367E+05  4.835427E+05  2.127875E+03  1.340155E+03  2.094882E+03  3.205213E+03 _shell_0000000363   
       363   2  4.810367E+05  4.835410E+05  2.128485E+03 -1.326534E+03 -2.094892E+03  3.205217E+03 _shell_0000000363   
       363   3  4.734210E+05  4.812743E+05 -1.368915E+02  1.336476E+03 -2.098640E+03  3.209234E+03 _shell_0000000363   
       363   4  4.734210E+05  4.812726E+05 -1.363142E+02 -1.322854E+03  2.098638E+03  3.209236E+03 _shell_0000000363   
       363   5 -4.801083E+05 -4.826619E+05 -1.405175E+02 -1.322774E+03  2.098699E+03  3.152846E+03 _shell_0000000363   
       363   6 -4.801083E+05 -4.826636E+05 -1.399090E+02  1.336372E+03 -2.098701E+03  3.152844E+03 _shell_0000000363   
       363   7 -4.725355E+05 -4.803935E+05  2.131537E+03 -1.326454E+03 -2.094920E+03  3.148793E+03 _shell_0000000363   
       363   8 -4.725355E+05 -4.803952E+05  2.132113E+03  1.340051E+03  2.094911E+03  3.148789E+03 _shell_0000000363   
       364   1  4.796549E+05  4.821641E+05  2.680308E+03 -7.193821E+03  3.645031E+03  4.228089E+03 _shell_0000000364   
       364   2  4.785385E+05  4.784141E+05  1.565340E+03 -9.847426E+03 -5.243138E+02  2.136985E+03 _shell_0000000364   
       364   3  4.720770E+05  4.799075E+05  4.262547E+02 -8.508779E+03 -5.540790E+02  2.166953E+03 _shell_0000000364   
       364   4  4.709592E+05  4.761560E+05 -6.882790E+02 -1.115521E+04  3.622721E+03  4.205977E+03 _shell_0000000364   
       364   5 -4.787435E+05 -4.813016E+05 -6.940810E+02  7.249145E+03  3.622284E+03  4.176409E+03 _shell_0000000364   
       364   6 -4.776257E+05 -4.775722E+05  4.250693E+02  9.895400E+03 -5.546384E+02  2.086390E+03 _shell_0000000364   
       364   7 -4.712070E+05 -4.790436E+05  1.566559E+03  8.556848E+03 -5.757857E+02  2.107338E+03 _shell_0000000364   
       364   8 -4.700906E+05 -4.753156E+05  2.686143E+03  1.121027E+04  3.593615E+03  4.147538E+03 _shell_0000000364   
       365   1  4.743126E+05  4.742779E+05  3.216469E+03 -1.565711E+04  5.195899E+03  5.195899E+03 _shell_0000000365   
       365   2  4.720903E+05  4.668147E+05  9.963753E+02 -1.827081E+04  1.088868E+03  1.033148E+03 _shell_0000000365   
       365   3  4.668486E+05  4.720557E+05  9.957477E+02 -1.827081E+04  1.033147E+03  1.088869E+03 _shell_0000000365   
       365   4  4.646237E+05  4.645898E+05 -1.223473E+03 -2.087790E+04  5.147487E+03  5.147487E+03 _shell_0000000365   
       365   5 -4.734367E+05 -4.734713E+05 -1.230716E+03  1.574851E+04  5.147342E+03  5.147341E+03 _shell_0000000365   
       365   6 -4.712117E+05 -4.660460E+05  9.963892E+02  1.835543E+04  1.032879E+03  9.867177E+02 _shell_0000000365   
       365   7 -4.660122E+05 -4.712463E+05  9.957632E+02  1.835543E+04  9.867169E+02  1.032879E+03 _shell_0000000365   
       365   8 -4.637899E+05 -4.638238E+05  3.223742E+03  2.096897E+04  5.093805E+03  5.093805E+03 _shell_0000000365   
       366   1  4.647571E+05  4.598890E+05  3.730026E+03 -2.396201E+04  6.767657E+03  6.098464E+03 _shell_0000000366   
       366   2  4.614505E+05  4.487853E+05  4.263081E+02 -2.650711E+04  2.767810E+03 -9.591264E+01 _shell_0000000366   
       366   3  4.574887E+05  4.577254E+05  1.566888E+03 -2.784892E+04  2.686246E+03 -1.469566E+01 _shell_0000000366   
       366   4  4.541782E+05  4.466178E+05 -1.735572E+03 -3.038832E+04  6.693153E+03  6.023673E+03 _shell_0000000366   
       366   5 -4.639340E+05 -4.591751E+05 -1.744058E+03  2.408687E+04  6.694887E+03  6.055335E+03 _shell_0000000366   
       366   6 -4.606235E+05 -4.481259E+05  1.569304E+03  2.662613E+04  2.687857E+03 -1.359733E+02 _shell_0000000366   
       366   7 -4.567026E+05 -4.570076E+05  4.239145E+02  2.796784E+04  2.616592E+03 -6.441334E+01 _shell_0000000366   
       366   8 -4.533961E+05 -4.459623E+05  3.738534E+03  3.051280E+04  6.616497E+03  5.977287E+03 _shell_0000000366   
       367   1  4.505663E+05  4.390204E+05  4.213637E+03 -3.201353E+04  8.379610E+03  6.924723E+03 _shell_0000000367   
       367   2  4.462091E+05  4.243899E+05 -1.400467E+02 -3.445835E+04  4.536482E+03 -1.238685E+03 _shell_0000000367   
       367   3  4.435835E+05  4.369422E+05  2.134881E+03 -3.713382E+04  4.429321E+03 -1.132269E+03 _shell_0000000367   
       367   4  4.392213E+05  4.223068E+05 -2.217248E+03 -3.957419E+04  8.279145E+03  6.823551E+03 _shell_0000000367   
       367   5 -4.498120E+05 -4.384341E+05 -2.226740E+03  3.216856E+04  8.285157E+03  6.889089E+03 _shell_0000000367   
       367   6 -4.454498E+05 -4.238735E+05  2.138975E+03  3.460883E+04  4.435208E+03 -1.270461E+03 _shell_0000000367   
       367   7 -4.428633E+05 -4.363509E+05 -1.441276E+02  3.728409E+04  4.338820E+03 -1.173345E+03 _shell_0000000367   
       367   8 -4.385061E+05 -4.217953E+05  4.223142E+03  3.972881E+04  8.182009E+03  6.786670E+03 _shell_0000000367   
       368   1  4.311435E+05  4.117177E+05  4.658905E+03 -3.970651E+04  1.005035E+04  7.662560E+03 _shell_0000000368   
       368   2  4.257830E+05  3.937200E+05 -6.974426E+02 -4.201571E+04  6.419302E+03 -2.381379E+03 _shell_0000000368   
       368   3  4.245470E+05  4.097547E+05  2.694498E+03 -4.600432E+04  6.287033E+03 -2.250674E+03 _shell_0000000368   
       368   4  4.191806E+05  3.917514E+05 -2.660117E+03 -4.831061E+04  9.924284E+03  7.535671E+03 _shell_0000000368   
       368   5 -4.304721E+05 -4.112907E+05 -2.670335E+03  3.988773E+04  9.937794E+03  7.636143E+03 _shell_0000000368   
       368   6 -4.251057E+05 -3.933769E+05  2.700139E+03  4.219396E+04  6.300417E+03 -2.403352E+03 _shell_0000000368   
       368   7 -4.239060E+05 -4.093220E+05 -7.030809E+02  4.618228E+04  6.179070E+03 -2.281135E+03 _shell_0000000368   
       368   8 -4.185456E+05 -3.914138E+05  4.669126E+03  4.849141E+04  9.810175E+03  7.510055E+03 _shell_0000000368   
       369   1  4.057112E+05  3.780555E+05  5.056337E+03 -4.692309E+04  1.179804E+04  8.298260E+03 _shell_0000000369   
       369   2  3.994104E+05  3.569027E+05 -1.239729E+03 -4.905742E+04  8.440640E+03 -3.510477E+03 _shell_0000000369   
       369   3  3.996129E+05  3.762409E+05  3.239596E+03 -5.432422E+04  8.284135E+03 -3.354629E+03 _shell_0000000369   
       369   4  3.933056E+05  3.550821E+05 -3.054712E+03 -5.645741E+04  1.164712E+04  8.144628E+03 _shell_0000000369   
       369   5 -4.051345E+05 -3.778155E+05 -3.065317E+03  4.712572E+04  1.167218E+04  8.282330E+03 _shell_0000000369   
       369   6 -3.988272E+05 -3.567588E+05  3.246633E+03  4.925890E+04  8.309063E+03 -3.521623E+03 _shell_0000000369   
       369   7 -3.990624E+05 -3.759948E+05 -1.246776E+03  5.452531E+04  8.163244E+03 -3.373022E+03 _shell_0000000369   
       369   8 -3.927617E+05 -3.549442E+05  5.066933E+03  5.665962E+04  1.152071E+04  8.131463E+03 _shell_0000000369   
       370   1  3.733083E+05  3.381454E+05  5.396258E+03 -5.353733E+04  1.364025E+04  8.819339E+03 _shell_0000000370   
       370   2  3.661466E+05  3.141048E+05 -1.760156E+03 -5.545412E+04  1.062348E+04 -4.596239E+03 _shell_0000000370   
       370   3  3.678299E+05  3.365154E+05  3.763403E+03 -6.194825E+04  1.044416E+04 -4.426143E+03 _shell_0000000370   
       370   4  3.606615E+05  3.124686E+05 -3.391413E+03 -6.386586E+04  1.346575E+04  8.649769E+03 _shell_0000000370   
       370   5 -3.728354E+05 -3.381160E+05 -3.401960E+03  5.375534E+04  1.350721E+04  8.814615E+03 _shell_0000000370   
       370   6 -3.656670E+05 -3.141821E+05  3.771685E+03  5.567297E+04  1.048549E+04 -4.596129E+03 _shell_0000000370   
       370   7 -3.673786E+05 -3.364797E+05 -1.768457E+03  6.216666E+04  1.031618E+04 -4.431649E+03 _shell_0000000370   
       370   8 -3.602170E+05 -3.125519E+05  5.406786E+03  6.408347E+04  1.333301E+04  8.649565E+03 _shell_0000000370   
       371   1  3.327761E+05  2.921425E+05  5.666073E+03 -5.939493E+04  1.559663E+04  9.201206E+03 _shell_0000000371   
       371   2  3.248564E+05  2.655594E+05 -2.247872E+03 -6.104946E+04  1.299078E+04 -5.679123E+03 _shell_0000000371   
       371   3  3.280450E+05  2.907348E+05  4.255020E+03 -6.869460E+04  1.279074E+04 -5.446302E+03 _shell_0000000371   
       371   4  3.201186E+05  2.641458E+05 -3.657697E+03 -7.035196E+04  1.540053E+04  8.967234E+03 _shell_0000000371   
       371   5 -3.324125E+05 -2.923431E+05 -3.667571E+03  5.962021E+04  1.546403E+04  9.207761E+03 _shell_0000000371   
       371   6 -3.244862E+05 -2.658768E+05  4.264418E+03  6.127766E+04  1.285411E+04 -5.668006E+03 _shell_0000000371   
       371   7 -3.276982E+05 -2.909294E+05 -2.257299E+03  6.892229E+04  1.266294E+04 -5.438846E+03 _shell_0000000371   
       371   8 -3.197787E+05 -2.644690E+05  5.675919E+03  7.057692E+04  1.526885E+04  8.979715E+03 _shell_0000000371   
       372   1  2.828280E+05  2.402620E+05  5.868655E+03 -6.444195E+04  1.767615E+04  9.482216E+03 _shell_0000000372   
       372   2  2.742480E+05  2.114629E+05 -2.705407E+03 -6.579004E+04  1.555091E+04 -6.409725E+03 _shell_0000000372   
       372   3  2.789702E+05  2.391142E+05  4.716830E+03 -7.451554E+04  1.533308E+04 -6.386422E+03 _shell_0000000372   
       372   4  2.703840E+05  2.103099E+05 -3.856610E+03 -7.586841E+04  1.746129E+04  9.456192E+03 _shell_0000000372   
       372   5 -2.825744E+05 -2.407101E+05 -3.864867E+03  6.466271E+04  1.755309E+04  9.499451E+03 _shell_0000000372   
       372   6 -2.739882E+05 -2.120399E+05  4.727229E+03  6.601563E+04  1.542476E+04 -6.388536E+03 _shell_0000000372   
       372   7 -2.787293E+05 -2.395570E+05 -2.715839E+03  7.474071E+04  1.521420E+04 -6.366694E+03 _shell_0000000372   
       372   8 -2.701494E+05 -2.108920E+05  5.876880E+03  7.608883E+04  1.733951E+04  9.480302E+03 _shell_0000000372   
       373   1  2.217075E+05  1.827303E+05  5.929656E+03 -6.807902E+04  1.994647E+04  9.369901E+03 _shell_0000000373   
       373   2  2.127163E+05  1.525473E+05 -3.055745E+03 -6.907920E+04  1.836681E+04 -8.505616E+03 _shell_0000000373   
       373   3  2.188397E+05  1.818775E+05  5.071679E+03 -7.863390E+04  1.813469E+04 -7.258686E+03 _shell_0000000373   
       373   4  2.098433E+05  1.516902E+05 -3.913925E+03 -7.964052E+04  1.971632E+04  8.118974E+03 _shell_0000000373   
       373   5 -2.215570E+05 -1.834456E+05 -3.919200E+03  6.827756E+04  1.984350E+04  9.396243E+03 _shell_0000000373   
       373   6 -2.125607E+05 -1.534093E+05  5.083000E+03  6.928486E+04  1.826176E+04 -8.476283E+03 _shell_0000000373   
       373   7 -2.186998E+05 -1.825883E+05 -3.067098E+03  7.883856E+04  1.803491E+04 -7.228534E+03 _shell_0000000373   
       373   8 -2.097086E+05 -1.525563E+05  5.934899E+03  7.983942E+04  1.961464E+04  8.152470E+03 _shell_0000000373   
       374   1  1.490991E+05  1.200677E+05  6.198124E+03 -7.266356E+04  2.216396E+04  1.034909E+04 _shell_0000000374   
       374   2  1.392563E+05  8.702062E+04 -3.639810E+03 -7.328632E+04  2.117936E+04 -2.658890E+03 _shell_0000000374   
       374   3  1.473092E+05  1.195365E+05  5.659851E+03 -8.421635E+04  2.093857E+04 -7.853166E+03 _shell_0000000374   
       374   4  1.374625E+05  8.648622E+04 -4.179311E+03 -8.484734E+04  2.192420E+04  1.553809E+04 _shell_0000000374   
       374   5 -1.490338E+05 -1.210792E+05 -4.179468E+03  7.281205E+04  2.209221E+04  1.038348E+04 _shell_0000000374   
       374   6 -1.391872E+05 -8.820976E+04  5.671954E+03  7.344045E+04  2.110646E+04 -2.622716E+03 _shell_0000000374   
       374   7 -1.472556E+05 -1.205447E+05 -3.651938E+03  8.437285E+04  2.086866E+04 -7.813634E+03 _shell_0000000374   
       374   8 -1.374129E+05 -8.767835E+04  6.198256E+03  8.499302E+04  2.185335E+04  1.557966E+04 _shell_0000000374   
       375   1  5.608605E+04  5.157036E+04  4.783621E+03 -6.490842E+04  2.574435E+04  4.451182E+03 _shell_0000000375   
       375   2  4.873144E+04  2.682987E+04 -2.568498E+03 -6.511031E+04  2.540939E+04 -3.835429E+04 _shell_0000000375   
       375   3  5.546965E+04  5.138990E+04  4.593285E+03 -7.353996E+04  2.515869E+04 -9.149037E+03 _shell_0000000375   
       375   4  4.811305E+04  2.664775E+04 -2.761429E+03 -7.374846E+04  2.549423E+04 -2.475831E+04 _shell_0000000375   
       375   5 -5.607257E+04 -5.292775E+04 -2.753319E+03  6.496950E+04  2.571781E+04  4.484994E+03 _shell_0000000375   
       375   6 -4.871604E+04 -2.841788E+04  4.605708E+03  6.519341E+04  2.538221E+04 -3.832038E+04 _shell_0000000375   
       375   7 -5.547464E+04 -5.274549E+04 -2.580931E+03  7.360756E+04  2.513233E+04 -9.111022E+03 _shell_0000000375   
       375   8 -4.812009E+04 -2.823728E+04  4.775501E+03  7.382487E+04  2.546734E+04 -2.472013E+04 _shell_0000000375   
       376   1  4.764989E+04  2.671513E+04 -2.474906E+03  9.946883E+04 -2.484041E+04 -5.386234E+04 _shell_0000000376   
       376   2  5.491453E+04  5.112332E+04  4.787136E+03  9.916064E+04 -2.534715E+04  3.220291E+03 _shell_0000000376   
       376   3  4.671347E+04  2.643955E+04 -2.767670E+03  1.080015E+05 -2.496493E+04 -4.043153E+04 _shell_0000000376   
       376   4  5.398105E+04  5.085021E+04  4.498297E+03  1.076875E+05 -2.445703E+04 -1.021422E+04 _shell_0000000376   
       376   5 -4.762755E+04 -2.765913E+04  4.516725E+03 -9.959594E+04 -2.481516E+04 -5.381231E+04 _shell_0000000376   
       376   6 -5.489508E+04 -5.190210E+04 -2.753396E+03 -9.925977E+04 -2.532316E+04  3.270192E+03 _shell_0000000376   
       376   7 -4.672637E+04 -2.738583E+04  4.772854E+03 -1.081228E+05 -2.494008E+04 -4.037777E+04 _shell_0000000376   
       376   8 -5.399096E+04 -5.162632E+04 -2.493343E+03 -1.077924E+05 -2.443326E+04 -1.016065E+04 _shell_0000000376   
       377   1  1.360311E+05  8.589689E+04 -3.439374E+03  1.124010E+05 -2.046382E+04  6.587986E+02 _shell_0000000377   
       377   2  1.457470E+05  1.184919E+05  6.272176E+03  1.114571E+05 -2.195215E+04  1.087614E+04 _shell_0000000377   
       377   3  1.333200E+05  8.508919E+04 -4.255489E+03  1.238135E+05 -2.158625E+04  1.862318E+04 _shell_0000000377   
       377   4  1.430415E+05  1.176889E+05  5.458042E+03  1.228625E+05 -2.009658E+04 -7.092810E+03 _shell_0000000377   
       377   5 -1.359569E+05 -8.655158E+04  5.473805E+03 -1.126448E+05 -2.039698E+04  7.123517E+02 _shell_0000000377   
       377   6 -1.456783E+05 -1.190294E+05 -4.251985E+03 -1.116975E+05 -2.188682E+04  1.092707E+04 _shell_0000000377   
       377   7 -1.332748E+05 -8.574832E+04  6.268652E+03 -1.240500E+05 -2.152236E+04  1.868143E+04 _shell_0000000377   
       377   8 -1.429906E+05 -1.182214E+05 -3.455155E+03 -1.231098E+05 -2.003389E+04 -7.037444E+03 _shell_0000000377   
       378   1  2.074794E+05  1.502987E+05 -2.774826E+03  1.058240E+05 -1.751895E+04 -8.451886E+03 _shell_0000000378   
       378   2  2.163427E+05  1.800294E+05  6.083717E+03  1.043132E+05 -1.990204E+04  9.813027E+03 _shell_0000000378   
       378   3  2.031473E+05  1.490060E+05 -4.069537E+03  1.162360E+05 -1.955110E+04  7.938664E+03 _shell_0000000378   
       378   4  2.120182E+05  1.787429E+05  4.789516E+03  1.147197E+05 -1.716580E+04 -6.580913E+03 _shell_0000000378   
       378   5 -2.073197E+05 -1.507260E+05  4.802489E+03 -1.061505E+05 -1.742306E+04 -8.408639E+03 _shell_0000000378   
       378   6 -2.161905E+05 -1.803660E+05 -4.073045E+03 -1.046332E+05 -1.980852E+04  9.851875E+03 _shell_0000000378   
       378   7 -2.030164E+05 -1.494394E+05  6.087200E+03 -1.165567E+05 -1.946008E+04  7.985470E+03 _shell_0000000378   
       378   8 -2.118796E+05 -1.790730E+05 -2.787824E+03 -1.150450E+05 -1.707686E+04 -6.538865E+03 _shell_0000000378   
       379   1  2.671539E+05  2.081171E+05 -2.347906E+03  1.007445E+05 -1.459599E+04 -5.489378E+03 _shell_0000000379   
       379   2  2.755978E+05  2.364401E+05  6.091716E+03  9.871374E+04 -1.779579E+04  1.017133E+04 _shell_0000000379   
       379   3  2.613401E+05  2.063816E+05 -4.080592E+03  1.106644E+05 -1.746855E+04  1.012779E+04 _shell_0000000379   
       379   4  2.697930E+05  2.347123E+05  4.358326E+03  1.086295E+05 -1.426570E+04 -5.448027E+03 _shell_0000000379   
       379   5 -2.668913E+05 -2.083506E+05  4.368743E+03 -1.011009E+05 -1.448143E+04 -5.458336E+03 _shell_0000000379   
       379   6 -2.753442E+05 -2.365950E+05 -4.088397E+03 -9.906592E+04 -1.768445E+04  1.019656E+04 _shell_0000000379   
       379   7 -2.611102E+05 -2.066226E+05  6.099496E+03 -1.110163E+05 -1.736031E+04  1.016123E+04 _shell_0000000379   
       379   8 -2.695540E+05 -2.348593E+05 -2.358347E+03 -1.089855E+05 -1.416039E+04 -5.420838E+03 _shell_0000000379   
       380   1  3.160998E+05  2.611279E+05 -1.825318E+03  9.342548E+04 -1.195385E+04 -4.685943E+03 _shell_0000000380   
       380   2  3.238790E+05  2.872241E+05  5.950337E+03  9.093947E+04 -1.586882E+04  1.005723E+04 _shell_0000000380   
       380   3  3.089871E+05  2.590049E+05 -3.942268E+03  1.025646E+05 -1.557052E+04  9.703795E+03 _shell_0000000380   
       380   4  3.167760E+05  2.851097E+05  3.831768E+03  1.000762E+05 -1.165169E+04 -4.333244E+03 _shell_0000000380   
       380   5 -3.157297E+05 -2.611828E+05  3.839922E+03 -9.378055E+04 -1.183029E+04 -4.669970E+03 _shell_0000000380   
       380   6 -3.235186E+05 -2.872059E+05 -3.952511E+03 -9.129201E+04 -1.574930E+04  1.006649E+04 _shell_0000000380   
       380   7 -3.086557E+05 -2.590683E+05  5.960560E+03 -1.029170E+05 -1.545418E+04  9.720719E+03 _shell_0000000380   
       380   8 -3.164349E+05 -2.850827E+05 -1.833492E+03 -1.004308E+05 -1.153909E+04 -4.323498E+03 _shell_0000000380   
       381   1  3.559406E+05  3.086227E+05 -1.284623E+03  8.481011E+04 -9.529072E+03 -3.406676E+03 _shell_0000000381   
       381   2  3.629616E+05  3.321792E+05  5.733665E+03  8.193711E+04 -1.405167E+04  9.838814E+03 _shell_0000000381   
       381   3  3.477235E+05  3.061706E+05 -3.728594E+03  9.305842E+04 -1.378651E+04  9.582266E+03 _shell_0000000381   
       381   4  3.547543E+05  3.297361E+05  3.287493E+03  9.018476E+04 -9.259333E+03 -3.149307E+03 _shell_0000000381   
       381   5 -3.554664E+05 -3.085075E+05  3.293599E+03 -8.514245E+04 -9.404836E+03 -3.407136E+03 _shell_0000000381   
       381   6 -3.624972E+05 -3.319940E+05 -3.739906E+03 -8.226876E+04 -1.393218E+04  9.831250E+03 _shell_0000000381   
       381   7 -3.472948E+05 -3.060643E+05  5.744964E+03 -9.338974E+04 -1.366986E+04  9.581200E+03 _shell_0000000381   
       381   8 -3.543158E+05 -3.295417E+05 -1.290743E+03 -9.051670E+04 -9.147144E+03 -3.157951E+03 _shell_0000000381   
       382   1  3.879741E+05  3.504283E+05 -7.237741E+02  7.498127E+04 -7.311053E+03 -2.177241E+03 _shell_0000000382   
       382   2  3.941396E+05  3.711182E+05  5.439813E+03  7.178934E+04 -1.233424E+04  9.462833E+03 _shell_0000000382   
       382   3  3.788467E+05  3.477053E+05 -3.437515E+03  8.222423E+04 -1.210501E+04  9.230606E+03 _shell_0000000382   
       382   4  3.850216E+05  3.684041E+05  2.723593E+03  7.903332E+04 -7.076666E+03 -1.942632E+03 _shell_0000000382   
       382   5 -3.874044E+05 -3.501507E+05  2.727835E+03 -7.527726E+04 -7.193034E+03 -2.194478E+03 _shell_0000000382   
       382   6 -3.935794E+05 -3.707744E+05 -3.449011E+03 -7.208638E+04 -1.222155E+04  9.438569E+03 _shell_0000000382   
       382   7 -3.783290E+05 -3.474365E+05  5.451303E+03 -8.252089E+04 -1.199446E+04  9.211187E+03 _shell_0000000382   
       382   8 -3.844945E+05 -3.680513E+05 -7.280214E+02 -7.932899E+04 -6.971163E+03 -1.969527E+03 _shell_0000000382   
       383   1  4.133316E+05  3.863384E+05 -1.530211E+02  6.418156E+04 -5.274000E+03 -9.265243E+02 _shell_0000000383   
       383   2  4.185682E+05  4.039141E+05  5.082315E+03  6.073477E+04 -1.069704E+04  8.955962E+03 _shell_0000000383   
       383   3  4.034769E+05  3.833993E+05 -3.082499E+03  7.033277E+04 -1.050550E+04  8.764012E+03 _shell_0000000383   
       383   4  4.087220E+05  4.009832E+05  2.150355E+03  6.688853E+04 -5.076825E+03 -7.307189E+02 _shell_0000000383   
       383   5 -4.126784E+05 -3.859098E+05  2.152830E+03 -6.443255E+04 -5.167711E+03 -9.598708E+02 _shell_0000000383   
       383   6 -4.179235E+05 -4.034252E+05 -3.093582E+03 -6.098841E+04 -1.059655E+04  8.916090E+03 _shell_0000000383   
       383   7 -4.028811E+05 -3.829788E+05  5.093401E+03 -7.058600E+04 -1.040612E+04  8.726985E+03 _shell_0000000383   
       383   8 -4.081178E+05 -4.004860E+05 -1.554930E+02 -6.713931E+04 -4.982967E+03 -7.746761E+02 _shell_0000000383   
       384   1  4.329473E+05  4.162131E+05  4.220056E+02  5.260902E+04 -3.391968E+03  3.091429E+02 _shell_0000000384   
       384   2  4.371978E+05  4.304809E+05  4.671716E+03  4.896560E+04 -9.123396E+03  8.329469E+03 _shell_0000000384   
       384   3  4.225319E+05  4.131076E+05 -2.674032E+03  5.760115E+04 -8.970469E+03  8.176100E+03 _shell_0000000384   
       384   4  4.267896E+05  4.273825E+05  1.573418E+03  5.396160E+04 -3.233050E+03  4.676773E+02 _shell_0000000384   
       384   5 -4.322249E+05 -4.156500E+05  1.574166E+03 -5.280950E+04 -3.301672E+03  2.612296E+02 _shell_0000000384   
       384   6 -4.364826E+05 -4.298661E+05 -2.684303E+03 -4.917010E+04 -9.039257E+03  8.275893E+03 _shell_0000000384   
       384   7 -4.218708E+05 -4.125516E+05  4.681998E+03 -5.780523E+04 -8.886158E+03  8.123162E+03 _shell_0000000384   
       384   8 -4.261213E+05 -4.267606E+05  4.212687E+02 -5.416197E+04 -3.154626E+03  4.087346E+02 _shell_0000000384   
       385   1  4.475708E+05  4.399492E+05  9.965436E+02  4.044836E+04 -1.637926E+03  1.517758E+03 _shell_0000000385   
       385   2  4.507927E+05  4.507656E+05  4.218153E+03  3.666018E+04 -7.596325E+03  7.596319E+03 _shell_0000000385   
       385   3  4.367429E+05  4.367216E+05 -2.222227E+03  4.423161E+04 -7.482415E+03  7.482410E+03 _shell_0000000385   
       385   4  4.399705E+05  4.475436E+05  9.975233E+02  4.044836E+04 -1.517765E+03  1.637918E+03 _shell_0000000385   
       385   5 -4.467949E+05 -4.392740E+05  9.965530E+02 -4.059478E+04 -1.566798E+03  1.457552E+03 _shell_0000000385   
       385   6 -4.500225E+05 -4.500497E+05 -2.231397E+03 -3.681174E+04 -7.531612E+03  7.531606E+03 _shell_0000000385   
       385   7 -4.360307E+05 -4.360521E+05  4.227341E+03 -4.438275E+04 -7.416061E+03  7.416055E+03 _shell_0000000385   
       385   8 -4.392527E+05 -4.468221E+05  9.975312E+02 -4.059478E+04 -1.457559E+03  1.566790E+03 _shell_0000000385   
       386   1  4.577727E+05  4.574755E+05  1.566765E+03  2.786329E+04  1.468685E+01  2.686241E+03 _shell_0000000386   
       386   2  4.599363E+05  4.647392E+05  3.730400E+03  2.397638E+04 -6.098473E+03  6.767660E+03 _shell_0000000386   
       386   3  4.466640E+05  4.541650E+05 -1.735842E+03  3.040268E+04 -6.023674E+03  6.693148E+03 _shell_0000000386   
       386   4  4.488315E+05  4.614326E+05  4.264650E+02  2.652147E+04  9.591222E+01  2.767812E+03 _shell_0000000386   
       386   5 -4.569603E+05 -4.567157E+05  4.237913E+02 -2.795351E+04  6.441240E+01  2.616594E+03 _shell_0000000386   
       386   6 -4.591278E+05 -4.639518E+05 -1.743684E+03 -2.407254E+04 -6.055337E+03  6.694882E+03 _shell_0000000386   
       386   7 -4.459161E+05 -4.534091E+05  3.738265E+03 -3.049846E+04 -5.977296E+03  6.616500E+03 _shell_0000000386   
       386   8 -4.480798E+05 -4.606413E+05  1.569461E+03 -2.661179E+04  1.359650E+02  2.687851E+03 _shell_0000000386   
       387   1  4.639533E+05  4.687432E+05  2.129151E+03  1.500008E+04  1.591369E+03  3.804317E+03 _shell_0000000387   
       387   2  4.650396E+05  4.723900E+05  3.215876E+03  1.105588E+04 -4.611582E+03  5.853508E+03 _shell_0000000387   
       387   3  4.526820E+05  4.653850E+05 -1.222287E+03  1.627351E+04 -4.575851E+03  5.818274E+03 _shell_0000000387   
       387   4  4.537703E+05  4.690338E+05 -1.362738E+02  1.233547E+04  1.633626E+03  3.847109E+03 _shell_0000000387   
       387   5 -4.631219E+05 -4.679302E+05 -1.406034E+02 -1.503312E+04  1.618267E+03  3.728504E+03 _shell_0000000387   
       387   6 -4.642102E+05 -4.715640E+05 -1.228618E+03 -1.109535E+04 -4.591372E+03  5.776086E+03 _shell_0000000387   
       387   7 -4.519149E+05 -4.645740E+05  3.222232E+03 -1.631265E+04 -4.550732E+03  5.734915E+03 _shell_0000000387   
       387   8 -4.530013E+05 -4.682059E+05  2.133506E+03 -1.236871E+04  1.652318E+03  3.762050E+03 _shell_0000000387   
       388   1  4.663482E+05  4.737197E+05  2.680065E+03  1.991801E+03  3.116174E+03  4.862892E+03 _shell_0000000388   
       388   2  4.663482E+05  4.737183E+05  2.680697E+03 -1.971168E+03 -3.116185E+03  4.862899E+03 _shell_0000000388   
       388   3  4.550243E+05  4.703466E+05 -6.876671E+02  1.988638E+03 -3.119458E+03  4.866756E+03 _shell_0000000388   
       388   4  4.550243E+05  4.703452E+05 -6.870870E+02 -1.968004E+03  3.119460E+03  4.866761E+03 _shell_0000000388   
       388   5 -4.655158E+05 -4.728878E+05 -6.929749E+02 -1.967888E+03  3.119540E+03  4.784453E+03 _shell_0000000388   
       388   6 -4.655158E+05 -4.728892E+05 -6.923440E+02  1.988487E+03 -3.119540E+03  4.784449E+03 _shell_0000000388   
       388   7 -4.542549E+05 -4.695148E+05  2.685400E+03 -1.971052E+03 -3.116234E+03  4.780557E+03 _shell_0000000388   
       388   8 -4.542549E+05 -4.695162E+05  2.685979E+03  1.991650E+03  3.116224E+03  4.780550E+03 _shell_0000000388   
       389   1  4.650328E+05  4.723843E+05  3.215353E+03 -1.103589E+04  4.611571E+03  5.853501E+03 _shell_0000000389   
       389   2  4.639464E+05  4.687345E+05  2.129862E+03 -1.498009E+04 -1.591380E+03  3.804324E+03 _shell_0000000389   
       389   3  4.537632E+05  4.690282E+05 -1.369672E+02 -1.231549E+04 -1.633625E+03  3.847105E+03 _shell_0000000389   
       389   4  4.526749E+05  4.653763E+05 -1.221847E+03 -1.625352E+04  4.575852E+03  5.818279E+03 _shell_0000000389   
       389   5 -4.642171E+05 -4.715697E+05 -1.229140E+03  1.111530E+04  4.591373E+03  5.776091E+03 _shell_0000000389   
       389   6 -4.631287E+05 -4.679389E+05 -1.398939E+02  1.505308E+04 -1.618267E+03  3.728500E+03 _shell_0000000389   
       389   7 -4.530084E+05 -4.682115E+05  2.132814E+03  1.238866E+04 -1.652328E+03  3.762056E+03 _shell_0000000389   
       389   8 -4.519221E+05 -4.645828E+05  3.222671E+03  1.633260E+04  4.550722E+03  5.734909E+03 _shell_0000000389   
       390   1  4.599230E+05  4.647260E+05  3.730018E+03 -2.395834E+04  6.098463E+03  6.767654E+03 _shell_0000000390   
       390   2  4.577594E+05  4.574585E+05  1.567523E+03 -2.784525E+04 -1.469742E+01  2.686247E+03 _shell_0000000390   
       390   3  4.488175E+05  4.614194E+05  4.256827E+02 -2.650343E+04 -9.591229E+01  2.767808E+03 _shell_0000000390   
       390   4  4.466500E+05  4.541479E+05 -1.735574E+03 -3.038464E+04  6.023674E+03  6.693152E+03 _shell_0000000390   
       390   5 -4.591412E+05 -4.639651E+05 -1.744065E+03  2.409054E+04  6.055337E+03  6.694887E+03 _shell_0000000390   
       390   6 -4.569736E+05 -4.567328E+05  4.245483E+02  2.797151E+04 -6.441298E+01  2.616590E+03 _shell_0000000390   
       390   7 -4.480938E+05 -4.606545E+05  1.568680E+03  2.662979E+04 -1.359750E+02  2.687857E+03 _shell_0000000390   
       390   8 -4.459302E+05 -4.534262E+05  3.738532E+03  3.051646E+04  5.977286E+03  6.616495E+03 _shell_0000000390   
       391   1  4.507737E+05  4.507434E+05  4.217948E+03 -3.664542E+04  7.596316E+03  7.596315E+03 _shell_0000000391   
       391   2  4.475518E+05  4.399219E+05  9.973127E+02 -4.043359E+04  1.637916E+03  1.517763E+03 _shell_0000000391   
       391   3  4.399504E+05  4.475215E+05  9.966790E+02 -4.043359E+04  1.517764E+03  1.637916E+03 _shell_0000000391   
       391   4  4.367228E+05  4.366943E+05 -2.222166E+03 -4.421685E+04  7.482414E+03  7.482413E+03 _shell_0000000391   
       391   5 -4.500417E+05 -4.500719E+05 -2.231602E+03  3.682647E+04  7.531611E+03  7.531610E+03 _shell_0000000391   
       391   6 -4.468140E+05 -4.393014E+05  9.973206E+02  4.060952E+04  1.566795E+03  1.457549E+03 _shell_0000000391   
       391   7 -4.392730E+05 -4.468443E+05  9.966884E+02  4.060952E+04  1.457550E+03  1.566795E+03 _shell_0000000391   
       391   8 -4.360510E+05 -4.360795E+05  4.227401E+03  4.439749E+04  7.416052E+03  7.416051E+03 _shell_0000000391   
       392   1  4.371743E+05  4.304476E+05  4.671720E+03 -4.895542E+04  9.123389E+03  8.329466E+03 _shell_0000000392   
       392   2  4.329238E+05  4.161727E+05  4.227367E+02 -5.259883E+04  3.391959E+03  3.091454E+02 _shell_0000000392   
       392   3  4.267644E+05  4.273492E+05  1.572549E+03 -5.395141E+04  3.233047E+03  4.676757E+02 _shell_0000000392   
       392   4  4.225067E+05  4.130672E+05 -2.674212E+03 -5.759096E+04  8.970466E+03  8.176102E+03 _shell_0000000392   
       392   5 -4.365063E+05 -4.298994E+05 -2.684300E+03  4.918026E+04  9.039254E+03  8.275894E+03 _shell_0000000392   
       392   6 -4.322486E+05 -4.156904E+05  1.574896E+03  5.281965E+04  3.301668E+03  2.612277E+02 _shell_0000000392   
       392   7 -4.261468E+05 -4.267939E+05  4.204013E+02  5.417213E+04  3.154618E+03  4.087373E+02 _shell_0000000392   
       392   8 -4.218963E+05 -4.125920E+05  4.681818E+03  5.781539E+04  8.886151E+03  8.123159E+03 _shell_0000000392   
       393   1  4.185417E+05  4.038667E+05  5.082552E+03 -6.073033E+04  1.069704E+04  8.955961E+03 _shell_0000000393   
       393   2  4.133051E+05  3.862816E+05 -1.523934E+02 -6.417711E+04  5.273994E+03 -9.265255E+02 _shell_0000000393   
       393   3  4.086932E+05  4.009359E+05  2.149519E+03 -6.688409E+04  5.076819E+03 -7.307193E+02 _shell_0000000393   
       393   4  4.034481E+05  3.833425E+05 -3.082940E+03 -7.032833E+04  1.050549E+04  8.764010E+03 _shell_0000000393   
       393   5 -4.179502E+05 -4.034726E+05 -3.093346E+03  6.099284E+04  1.059655E+04  8.916088E+03 _shell_0000000393   
       393   6 -4.127050E+05 -3.859667E+05  2.153456E+03  6.443698E+04  5.167704E+03 -9.598716E+02 _shell_0000000393   
       393   7 -4.081468E+05 -4.005335E+05 -1.563280E+02  6.714374E+04  4.982961E+03 -7.746770E+02 _shell_0000000393   
       393   8 -4.029102E+05 -3.830357E+05  5.092961E+03  7.059043E+04  1.040611E+04  8.726983E+03 _shell_0000000393   
       394   1  3.941123E+05  3.710531E+05  5.440283E+03 -7.179140E+04  1.233423E+04  9.462834E+03 _shell_0000000394   
       394   2  3.879468E+05  3.503509E+05 -7.233312E+02 -7.498334E+04  7.311051E+03 -2.177247E+03 _shell_0000000394   
       394   3  3.849913E+05  3.683389E+05  2.722873E+03 -7.903539E+04  7.076657E+03 -1.942630E+03 _shell_0000000394   
       394   4  3.788164E+05  3.476279E+05 -3.438202E+03 -8.222630E+04  1.210500E+04  9.230599E+03 _shell_0000000394   
       394   5 -3.936069E+05 -3.708396E+05 -3.448541E+03  7.208430E+04  1.222154E+04  9.438563E+03 _shell_0000000394   
       394   6 -3.874320E+05 -3.502282E+05  2.728276E+03  7.527518E+04  7.193025E+03 -2.194478E+03 _shell_0000000394   
       394   7 -3.845251E+05 -3.681166E+05 -7.287401E+02  7.932691E+04  6.971161E+03 -1.969533E+03 _shell_0000000394   
       394   8 -3.783596E+05 -3.475140E+05  5.450617E+03  8.251881E+04  1.199445E+04  9.211187E+03 _shell_0000000394   
       395   1  3.629356E+05  3.320921E+05  5.734330E+03 -8.194576E+04  1.405168E+04  9.838817E+03 _shell_0000000395   
       395   2  3.559146E+05  3.085205E+05 -1.284452E+03 -8.481876E+04  9.529074E+03 -3.406687E+03 _shell_0000000395   
       395   3  3.547250E+05  3.296490E+05  3.287000E+03 -9.019341E+04  9.259321E+03 -3.149304E+03 _shell_0000000395   
       395   4  3.476942E+05  3.060684E+05 -3.729456E+03 -9.306706E+04  1.378649E+04  9.582255E+03 _shell_0000000395   
       395   5 -3.625234E+05 -3.320811E+05 -3.739242E+03  8.226011E+04  1.393217E+04  9.831239E+03 _shell_0000000395   
       395   6 -3.554926E+05 -3.086098E+05  3.293769E+03  8.513380E+04  9.404824E+03 -3.407134E+03 _shell_0000000395   
       395   7 -3.543453E+05 -3.296289E+05 -1.291235E+03  9.050804E+04  9.147145E+03 -3.157962E+03 _shell_0000000395   
       395   8 -3.473243E+05 -3.061666E+05  5.744104E+03  9.338108E+04  1.366986E+04  9.581202E+03 _shell_0000000395   
       396   1  3.238567E+05  2.871109E+05  5.951104E+03 -9.095369E+04  1.586883E+04  1.005723E+04 _shell_0000000396   
       396   2  3.160775E+05  2.609971E+05 -1.825487E+03 -9.343970E+04  1.195386E+04 -4.685960E+03 _shell_0000000396   
       396   3  3.167506E+05  2.849965E+05  3.831620E+03 -1.000905E+05  1.165167E+04 -4.333239E+03 _shell_0000000396   
       396   4  3.089616E+05  2.588741E+05 -3.943159E+03 -1.025789E+05  1.557051E+04  9.703779E+03 _shell_0000000396   
       396   5 -3.235411E+05 -2.873191E+05 -3.951745E+03  9.127779E+04  1.574928E+04  1.006648E+04 _shell_0000000396   
       396   6 -3.157523E+05 -2.613137E+05  3.839752E+03  9.376633E+04  1.183028E+04 -4.669966E+03 _shell_0000000396   
       396   7 -3.164605E+05 -2.851959E+05 -1.833639E+03  1.004166E+05  1.153910E+04 -4.323515E+03 _shell_0000000396   
       396   8 -3.086814E+05 -2.591991E+05  5.959670E+03  1.029027E+05  1.545419E+04  9.720724E+03 _shell_0000000396   
       397   1  2.755810E+05  2.362976E+05  6.092437E+03 -9.873124E+04  1.779580E+04  1.017134E+04 _shell_0000000397   
       397   2  2.671370E+05  2.079554E+05 -2.348431E+03 -1.007620E+05  1.459600E+04 -5.489400E+03 _shell_0000000397   
       397   3  2.697738E+05  2.345698E+05  4.358613E+03 -1.086470E+05  1.426569E+04 -5.448021E+03 _shell_0000000397   
       397   4  2.613209E+05  2.062200E+05 -4.081304E+03 -1.106819E+05  1.746854E+04  1.012777E+04 _shell_0000000397   
       397   5 -2.753612E+05 -2.367376E+05 -4.087678E+03  9.904844E+04  1.768443E+04  1.019654E+04 _shell_0000000397   
       397   6 -2.669084E+05 -2.085123E+05  4.368217E+03  1.010834E+05  1.448141E+04 -5.458330E+03 _shell_0000000397   
       397   7 -2.695734E+05 -2.350019E+05 -2.358060E+03  1.089680E+05  1.416040E+04 -5.420859E+03 _shell_0000000397   
       397   8 -2.611296E+05 -2.067843E+05  6.098787E+03  1.109989E+05  1.736032E+04  1.016123E+04 _shell_0000000397   
       398   1  2.163321E+05  1.798559E+05  6.084208E+03 -1.043305E+05  1.990206E+04  9.813037E+03 _shell_0000000398   
       398   2  2.074688E+05  1.501064E+05 -2.775639E+03 -1.058413E+05  1.751897E+04 -8.451909E+03 _shell_0000000398   
       398   3  2.120065E+05  1.785694E+05  4.790248E+03 -1.147370E+05  1.716579E+04 -6.580906E+03 _shell_0000000398   
       398   4  2.031357E+05  1.488137E+05 -4.069839E+03 -1.162533E+05  1.955109E+04  7.938643E+03 _shell_0000000398   
       398   5 -2.162013E+05 -1.805395E+05 -4.072556E+03  1.046159E+05  1.980851E+04  9.851854E+03 _shell_0000000398   
       398   6 -2.073305E+05 -1.509184E+05  4.801676E+03  1.061332E+05  1.742305E+04 -8.408632E+03 _shell_0000000398   
       398   7 -2.118914E+05 -1.792466E+05 -2.787092E+03  1.150277E+05  1.707688E+04 -6.538888E+03 _shell_0000000398   
       398   8 -2.030282E+05 -1.496317E+05  6.086901E+03  1.165394E+05  1.946009E+04  7.985480E+03 _shell_0000000398   
       399   1  1.457420E+05  1.182887E+05  6.272266E+03 -1.114701E+05  2.195216E+04  1.087615E+04 _shell_0000000399   
       399   2  1.360261E+05  8.567726E+04 -3.440315E+03 -1.124140E+05  2.046384E+04  6.587810E+02 _shell_0000000399   
       399   3  1.430369E+05  1.174856E+05  5.459109E+03 -1.228755E+05  2.009657E+04 -7.092802E+03 _shell_0000000399   
       399   4  1.333154E+05  8.486959E+04 -4.255207E+03 -1.238265E+05  2.158624E+04  1.862316E+04 _shell_0000000399   
       399   5 -1.456835E+05 -1.192327E+05 -4.251898E+03  1.116845E+05  2.188681E+04  1.092706E+04 _shell_0000000399   
       399   6 -1.359620E+05 -8.677123E+04  5.472864E+03  1.126318E+05  2.039697E+04  7.123616E+02 _shell_0000000399   
       399   7 -1.429953E+05 -1.184248E+05 -3.454090E+03  1.230969E+05  2.003390E+04 -7.037464E+03 _shell_0000000399   
       399   8 -1.332795E+05 -8.596793E+04  6.268937E+03  1.240370E+05  2.152238E+04  1.868144E+04 _shell_0000000399   
       400   1  5.491285E+04  5.089461E+04  4.786725E+03 -9.916560E+04  2.534717E+04  3.220299E+03 _shell_0000000400   
       400   2  4.764818E+04  2.647469E+04 -2.475745E+03 -9.947379E+04  2.484043E+04 -5.386236E+04 _shell_0000000400   
       400   3  5.398082E+04  5.062148E+04  4.499462E+03 -1.076925E+05  2.445702E+04 -1.021421E+04 _shell_0000000400   
       400   4  4.671327E+04  2.619913E+04 -2.766761E+03 -1.080065E+05  2.496493E+04 -4.043155E+04 _shell_0000000400   
       400   5 -5.489681E+04 -5.213081E+04 -2.753808E+03  9.925485E+04  2.532315E+04  3.270182E+03 _shell_0000000400   
       400   6 -4.762932E+04 -2.789956E+04  4.515888E+03  9.959101E+04  2.481516E+04 -5.381231E+04 _shell_0000000400   
       400   7 -5.399124E+04 -5.185505E+04 -2.492179E+03  1.077874E+05  2.443327E+04 -1.016066E+04 _shell_0000000400   
       400   8 -4.672662E+04 -2.762623E+04  4.773765E+03  1.081178E+05  2.494009E+04 -4.037777E+04 _shell_0000000400   
       401   1  4.605319E+04  2.618158E+04 -2.358323E+03  1.333369E+05 -2.403549E+04 -6.908796E+04 _shell_0000000401   
       401   2  5.318261E+04  5.010866E+04  4.768842E+03  1.329180E+05 -2.471977E+04  1.981257E+03 _shell_0000000401   
       401   3  4.478976E+04  2.580940E+04 -2.752285E+03  1.417107E+05 -2.419621E+04 -5.590600E+04 _shell_0000000401   
       401   4  5.192293E+04  4.973967E+04  4.379905E+03  1.412872E+05 -2.350995E+04 -1.120365E+04 _shell_0000000401   
       401   5 -4.602753E+04 -2.688458E+04  4.402232E+03 -1.334965E+05 -2.401286E+04 -6.902424E+04 _shell_0000000401   
       401   6 -5.316066E+04 -5.070600E+04 -2.733141E+03 -1.330450E+05 -2.469924E+04  2.044793E+03 _shell_0000000401   
       401   7 -4.480881E+04 -2.651534E+04  4.749692E+03 -1.418656E+05 -2.417409E+04 -5.583930E+04 _shell_0000000401   
       401   8 -5.193818E+04 -5.033356E+04 -2.380655E+03 -1.414188E+05 -2.348971E+04 -1.113720E+04 _shell_0000000401   
       402   1  1.312771E+05  8.388447E+04 -3.204261E+03  1.509418E+05 -1.951864E+04  4.011554E+03 _shell_0000000402   
       402   2  1.408024E+05  1.158230E+05  6.318191E+03  1.496673E+05 -2.152564E+04  1.136909E+04 _shell_0000000402   
       402   3  1.276224E+05  8.279543E+04 -4.303850E+03  1.621308E+05 -2.102564E+04  2.162544E+04 _shell_0000000402   
       402   4  1.371548E+05  1.147400E+05  5.221118E+03  1.608505E+05 -1.901686E+04 -6.248393E+03 _shell_0000000402   
       402   5 -1.312092E+05 -8.439584E+04  5.238372E+03 -1.512488E+05 -1.946021E+04  4.079818E+03 _shell_0000000402   
       402   6 -1.407416E+05 -1.162590E+05 -4.296808E+03 -1.499732E+05 -2.146921E+04  1.143395E+04 _shell_0000000402   
       402   7 -1.275913E+05 -8.331254E+04  6.311137E+03 -1.624319E+05 -2.097101E+04  2.169743E+04 _shell_0000000402   
       402   8 -1.371165E+05 -1.151696E+05 -3.221528E+03 -1.611620E+05 -1.896381E+04 -6.180074E+03 _shell_0000000402   
       403   1  1.997722E+05  1.466419E+05 -2.458250E+03  1.419811E+05 -1.644996E+04 -8.296307E+03 _shell_0000000403   
       403   2  2.084432E+05  1.757177E+05  6.210480E+03  1.399487E+05 -1.965358E+04  1.023781E+04 _shell_0000000403   
       403   3  1.939498E+05  1.449043E+05 -4.198138E+03  1.521681E+05 -1.917485E+04  7.741184E+03 _shell_0000000403   
       403   4  2.026306E+05  1.739883E+05  4.471218E+03  1.501313E+05 -1.596869E+04 -5.802242E+03 _shell_0000000403   
       403   5 -1.996335E+05 -1.469953E+05  4.483920E+03 -1.423922E+05 -1.636681E+04 -8.241450E+03 _shell_0000000403   
       403   6 -2.083141E+05 -1.760099E+05 -4.199021E+03 -1.403542E+05 -1.957317E+04  1.028697E+04 _shell_0000000403   
       403   7 -1.938479E+05 -1.452656E+05  6.211348E+03 -1.525746E+05 -1.909793E+04  7.798772E+03 _shell_0000000403   
       403   8 -2.025188E+05 -1.742721E+05 -2.470967E+03 -1.505410E+05 -1.589415E+04 -5.750712E+03 _shell_0000000403   
       404   1  2.567299E+05  2.028620E+05 -1.953409E+03  1.350768E+05 -1.343669E+04 -4.462691E+03 _shell_0000000404   
       404   2  2.649696E+05  2.304955E+05  6.284995E+03  1.323542E+05 -1.772503E+04  1.084721E+04 _shell_0000000404   
       404   3  2.489400E+05  2.005366E+05 -4.275122E+03  1.447578E+05 -1.727993E+04  1.077951E+04 _shell_0000000404   
       404   4  2.571911E+05  2.281801E+05  3.962360E+03  1.420321E+05 -1.298843E+04 -4.396468E+03 _shell_0000000404   
       404   5 -2.565059E+05 -2.030708E+05  3.971362E+03 -1.355250E+05 -1.333824E+04 -4.423671E+03 _shell_0000000404   
       404   6 -2.647570E+05 -2.306454E+05 -4.280956E+03 -1.327992E+05 -1.762995E+04  1.087873E+04 _shell_0000000404   
       404   7 -2.487581E+05 -2.007551E+05  6.290814E+03 -1.452026E+05 -1.718954E+04  1.082022E+04 _shell_0000000404   
       404   8 -2.569977E+05 -2.283197E+05 -1.962426E+03 -1.424800E+05 -1.290103E+04 -4.363706E+03 _shell_0000000404   
       405   1  3.032569E+05  2.542952E+05 -1.366920E+03  1.251549E+05 -1.073506E+04 -3.574626E+03 _shell_0000000405   
       405   2  3.108259E+05  2.796860E+05  6.201887E+03  1.218338E+05 -1.596470E+04  1.090565E+04 _shell_0000000405   
       405   3  2.937576E+05  2.514599E+05 -4.194454E+03  1.340486E+05 -1.556022E+04  1.042936E+04 _shell_0000000405   
       405   4  3.013390E+05  2.768617E+05  3.372276E+03  1.307257E+05 -1.032684E+04 -3.098500E+03 _shell_0000000405   
       405   5 -3.029439E+05 -2.543585E+05  3.378393E+03 -1.256012E+05 -1.062970E+04 -3.555109E+03 _shell_0000000405   
       405   6 -3.105253E+05 -2.796888E+05 -4.203258E+03 -1.222782E+05 -1.586330E+04  1.091655E+04 _shell_0000000405   
       405   7 -2.934951E+05 -2.515340E+05  6.210680E+03 -1.344928E+05 -1.546406E+04  1.044927E+04 _shell_0000000405   
       405   8 -3.010641E+05 -2.768532E+05 -1.373048E+03 -1.311716E+05 -1.023426E+04 -3.087693E+03 _shell_0000000405   
       406   1  3.410017E+05  3.002669E+05 -7.765288E+02  1.135122E+05 -8.279421E+03 -2.094218E+03 _shell_0000000406   
       406   2  3.478131E+05  3.231224E+05  6.035526E+03  1.096871E+05 -1.430140E+04  1.085598E+04 _shell_0000000406   
       406   3  3.300625E+05  2.970026E+05 -4.030515E+03  1.215160E+05 -1.394296E+04  1.051004E+04 _shell_0000000406   
       406   4  3.368864E+05  3.198696E+05  2.778743E+03  1.176904E+05 -7.916757E+03 -1.747070E+03 _shell_0000000406   
       406   5 -3.406027E+05 -3.001815E+05  2.782540E+03 -1.139303E+05 -8.174261E+03 -2.095915E+03 _shell_0000000406   
       406   6 -3.474267E+05 -3.229750E+05 -4.040824E+03 -1.101047E+05 -1.420067E+04  1.084518E+04 _shell_0000000406   
       406   7 -3.297232E+05 -2.969285E+05  6.045830E+03 -1.219333E+05 -1.384743E+04  1.050735E+04 _shell_0000000406   
       406   8 -3.365347E+05 -3.197105E+05 -7.803321E+02 -1.181082E+05 -7.825296E+03 -1.759347E+03 _shell_0000000406   
       407   1  3.712677E+05  3.406373E+05 -1.804269E+02  1.002688E+05 -6.055009E+03 -7.208208E+02 _shell_0000000407   
       407   2  3.772328E+05  3.606579E+05  5.785823E+03  9.603209E+04 -1.272395E+04  1.063115E+04 _shell_0000000407   
       407   3  3.591522E+05  3.370230E+05 -3.783042E+03  1.072781E+05 -1.241488E+04  1.031902E+04 _shell_0000000407   
       407   4  3.651292E+05  3.570550E+05  2.180081E+03  1.030422E+05 -5.741357E+03 -4.060986E+02 _shell_0000000407   
       407   5 -3.707897E+05 -3.404032E+05  2.181978E+03 -1.006419E+05 -5.955764E+03 -7.441222E+02 _shell_0000000407   
       407   6 -3.767668E+05 -3.603630E+05 -3.793964E+03 -9.640608E+04 -1.262949E+04  1.059887E+04 _shell_0000000407   
       407   7 -3.587426E+05 -3.368001E+05  5.796744E+03 -1.076518E+05 -1.232509E+04  1.029333E+04 _shell_0000000407   
       407   8 -3.647078E+05 -3.567486E+05 -1.823254E+02 -1.034151E+05 -5.656001E+03 -4.412276E+02 _shell_0000000407   
       408   1  3.951762E+05  3.752392E+05  4.122263E+02  8.575648E+04 -4.031639E+03  6.474362E+02 _shell_0000000408   
       408   2  4.002304E+05  3.922057E+05  5.467713E+03  8.119348E+04 -1.121324E+04  1.026028E+04 _shell_0000000408   
       408   3  3.821286E+05  3.713479E+05 -3.466929E+03  9.169500E+04 -1.095545E+04  1.000270E+04 _shell_0000000408   
       408   4  3.871934E+05  3.883249E+05  1.585445E+03  8.713405E+04 -3.768991E+03  9.089142E+02 _shell_0000000408   
       408   5 -3.946288E+05 -3.748628E+05  1.585658E+03 -8.607391E+04 -3.942769E+03  6.034366E+02 _shell_0000000408   
       408   6 -3.996937E+05 -3.917730E+05 -3.477870E+03 -8.151308E+04 -1.112943E+04  1.020797E+04 _shell_0000000408   
       408   7 -3.816566E+05 -3.709820E+05  5.478657E+03 -9.201423E+04 -1.087531E+04  9.954985E+03 _shell_0000000408   
       408   8 -3.867108E+05 -3.878816E+05  4.120173E+02 -8.745136E+04 -3.693558E+03  8.524702E+02 _shell_0000000408   
       409   1  4.136433E+05  4.039703E+05  9.974269E+02  7.024145E+04 -2.179311E+03  1.968579E+03 _shell_0000000409   
       409   2  4.177373E+05  4.177160E+05  5.092811E+03  6.542846E+04 -9.753635E+03  9.753629E+03 _shell_0000000409   
       409   3  3.998819E+05  3.998672E+05 -3.093747E+03  7.505137E+04 -9.547951E+03  9.547946E+03 _shell_0000000409   
       409   4  4.039849E+05  4.136220E+05  9.988179E+02  7.024145E+04 -1.968585E+03  2.179304E+03 _shell_0000000409   
       409   5 -4.130378E+05 -4.034655E+05  9.974315E+02 -7.049607E+04 -2.104181E+03  1.905898E+03 _shell_0000000409   
       409   6 -4.171410E+05 -4.171624E+05 -3.104305E+03 -6.568635E+04 -9.683750E+03  9.683744E+03 _shell_0000000409   
       409   7 -3.993568E+05 -3.993715E+05  5.103376E+03 -7.530885E+04 -9.480373E+03  9.480368E+03 _shell_0000000409   
       409   8 -4.034508E+05 -4.130592E+05  9.988209E+02 -7.049607E+04 -1.905904E+03  2.104174E+03 _shell_0000000409   
       410   1  4.273968E+05  4.267619E+05  1.572249E+03  5.396836E+04 -4.676859E+02  3.233039E+03 _shell_0000000410   
       410   2  4.304952E+05  4.371659E+05  4.671897E+03  4.897237E+04 -8.329476E+03  9.123391E+03 _shell_0000000410   
       410   3  4.131133E+05  4.225042E+05 -2.674269E+03  5.760791E+04 -8.176101E+03  8.970459E+03 _shell_0000000410   
       410   4  4.162187E+05  4.329154E+05  4.230670E+02  5.261578E+04 -3.091449E+02  3.391961E+03 _shell_0000000410   
       410   5 -4.267462E+05 -4.261491E+05  4.201013E+02 -5.415521E+04 -4.087375E+02  3.154620E+03 _shell_0000000410   
       410   6 -4.298517E+05 -4.365146E+05 -2.684123E+03 -4.916335E+04 -8.275894E+03  9.039246E+03 _shell_0000000410   
       410   7 -4.125459E+05 -4.218986E+05  4.681761E+03 -5.779847E+04 -8.123168E+03  8.886154E+03 _shell_0000000410   
       410   8 -4.156443E+05 -4.322569E+05  1.575226E+03 -5.280274E+04 -2.612372E+02  3.301660E+03 _shell_0000000410   
       411   1  4.369873E+05  4.435707E+05  2.134656E+03  3.715111E+04  1.132260E+03  4.429313E+03 _shell_0000000411   
       411   2  4.390655E+05  4.505496E+05  4.213992E+03  3.203083E+04 -6.924733E+03  8.379613E+03 _shell_0000000411   
       411   3  4.223497E+05  4.392085E+05 -2.217515E+03  3.959148E+04 -6.823549E+03  8.279137E+03 _shell_0000000411   
       411   4  4.244328E+05  4.461924E+05 -1.398280E+02  3.447565E+04  1.238687E+03  4.536484E+03 _shell_0000000411   
       411   5 -4.363058E+05 -4.428760E+05 -1.443532E+02 -3.726683E+04  1.173346E+03  4.338823E+03 _shell_0000000411   
       411   6 -4.383889E+05 -4.498286E+05 -2.226385E+03 -3.215130E+04 -6.889088E+03  8.285149E+03 _shell_0000000411   
       411   7 -4.217524E+05 -4.385188E+05  4.222875E+03 -3.971154E+04 -6.786679E+03  8.182011E+03 _shell_0000000411   
       411   8 -4.238306E+05 -4.454664E+05  2.139194E+03 -3.459156E+04  1.270453E+03  4.435199E+03 _shell_0000000411   
       412   1  4.427988E+05  4.543692E+05  2.682731E+03  1.997872E+04  2.647658E+03  5.549109E+03 _shell_0000000412   
       412   2  4.438416E+05  4.578707E+05  3.726407E+03  1.478651E+04 -5.522280E+03  7.531037E+03 _shell_0000000412   
       412   3  4.279569E+05  4.499471E+05 -1.730795E+03  2.120195E+04 -5.473080E+03  7.482746E+03 _shell_0000000412   
       412   4  4.290022E+05  4.534512E+05 -6.880058E+02  1.601455E+04  2.702141E+03  5.604530E+03 _shell_0000000412   
       412   5 -4.421017E+05 -4.536227E+05 -6.940277E+02 -2.002149E+04  2.669832E+03  5.450744E+03 _shell_0000000412   
       412   6 -4.431470E+05 -4.571117E+05 -1.738429E+03 -1.483442E+04 -5.505587E+03  7.430631E+03 _shell_0000000412   
       412   7 -4.273434E+05 -4.492032E+05  3.734056E+03 -2.124948E+04 -5.453149E+03  7.377265E+03 _shell_0000000412   
       412   8 -4.283862E+05 -4.526896E+05  2.688767E+03 -1.605760E+04  2.716927E+03  5.496914E+03 _shell_0000000412   
       413   1  4.450572E+05  4.591390E+05  3.214179E+03  2.621722E+03  4.103433E+03  6.585239E+03 _shell_0000000413   
       413   2  4.450572E+05  4.591380E+05  3.214821E+03 -2.594013E+03 -4.103445E+03  6.585249E+03 _shell_0000000413   
       413   3  4.301492E+05  4.546982E+05 -1.219780E+03  2.619260E+03 -4.106085E+03  6.588879E+03 _shell_0000000413   
       413   4  4.301492E+05  4.546972E+05 -1.219213E+03 -2.591551E+03  4.106090E+03  6.588886E+03 _shell_0000000413   
       413   5 -4.443602E+05 -4.583737E+05 -1.226603E+03 -2.591403E+03  4.106189E+03  6.483528E+03 _shell_0000000413   
       413   6 -4.443602E+05 -4.583747E+05 -1.225963E+03  2.619068E+03 -4.106184E+03  6.483521E+03 _shell_0000000413   
       413   7 -4.295342E+05 -4.539329E+05  3.221018E+03 -2.593865E+03 -4.103513E+03  6.479857E+03 _shell_0000000413   
       413   8 -4.295342E+05 -4.539339E+05  3.221584E+03  2.621530E+03  4.103502E+03  6.479848E+03 _shell_0000000413   
       414   1  4.438347E+05  4.578661E+05  3.725898E+03 -1.475958E+04  5.522268E+03  7.531028E+03 _shell_0000000414   
       414   2  4.427920E+05  4.543623E+05  2.683486E+03 -1.995179E+04 -2.647670E+03  5.549118E+03 _shell_0000000414   
       414   3  4.289951E+05  4.534466E+05 -6.887075E+02 -1.598762E+04 -2.702136E+03  5.604523E+03 _shell_0000000414   
       414   4  4.279498E+05  4.499402E+05 -1.730378E+03 -2.117502E+04  5.473086E+03  7.482754E+03 _shell_0000000414   
       414   5 -4.431539E+05 -4.571163E+05 -1.738938E+03  1.486131E+04  5.505591E+03  7.430639E+03 _shell_0000000414   
       414   6 -4.421086E+05 -4.536296E+05 -6.932736E+02  2.004838E+04 -2.669828E+03  5.450737E+03 _shell_0000000414   
       414   7 -4.283933E+05 -4.526942E+05  2.688067E+03  1.608449E+04 -2.716938E+03  5.496923E+03 _shell_0000000414   
       414   8 -4.273505E+05 -4.492101E+05  3.734472E+03  2.127636E+04  5.453138E+03  7.377257E+03 _shell_0000000414   
       415   1  4.390520E+05  4.505388E+05  4.213639E+03 -3.200626E+04  6.924722E+03  8.379605E+03 _shell_0000000415   
       415   2  4.369738E+05  4.435570E+05  2.135507E+03 -3.712654E+04 -1.132272E+03  4.429322E+03 _shell_0000000415   
       415   3  4.244188E+05  4.461816E+05 -1.406556E+02 -3.445108E+04 -1.238683E+03  4.536478E+03 _shell_0000000415   
       415   4  4.223357E+05  4.391947E+05 -2.217272E+03 -3.956691E+04  6.823554E+03  8.279145E+03 _shell_0000000415   
       415   5 -4.384025E+05 -4.498394E+05 -2.226738E+03  3.217583E+04  6.889092E+03  8.285156E+03 _shell_0000000415   
       415   6 -4.363194E+05 -4.428897E+05 -1.435038E+02  3.729136E+04 -1.173343E+03  4.338817E+03 _shell_0000000415   
       415   7 -4.238447E+05 -4.454772E+05  2.138368E+03  3.461609E+04 -1.270464E+03  4.435208E+03 _shell_0000000415   
       415   8 -4.217664E+05 -4.385326E+05  4.223117E+03  3.973607E+04  6.786669E+03  8.182004E+03 _shell_0000000415   
       416   1  4.304756E+05  4.371476E+05  4.671732E+03 -4.895183E+04  8.329466E+03  9.123385E+03 _shell_0000000416   
       416   2  4.273773E+05  4.267395E+05  1.573171E+03 -5.394782E+04  4.676749E+02  3.233047E+03 _shell_0000000416   
       416   3  4.161982E+05  4.328972E+05  4.221231E+02 -5.259524E+04  3.091467E+02  3.391957E+03 _shell_0000000416   
       416   4  4.130927E+05  4.224817E+05 -2.674236E+03 -5.758737E+04  8.176104E+03  8.970465E+03 _shell_0000000416   
       416   5 -4.298714E+05 -4.365329E+05 -2.684288E+03  4.918385E+04  8.275897E+03  9.039253E+03 _shell_0000000416   
       416   6 -4.267659E+05 -4.261716E+05  4.210212E+02  5.417572E+04  4.087387E+02  3.154616E+03 _shell_0000000416   
       416   7 -4.156650E+05 -4.322752E+05  1.574283E+03  5.282324E+04  2.612268E+02  3.301668E+03 _shell_0000000416   
       416   8 -4.125666E+05 -4.219211E+05  4.681794E+03  5.781897E+04  8.123159E+03  8.886148E+03 _shell_0000000416   
       417   1  4.177126E+05  4.176881E+05  5.092870E+03 -6.541369E+04  9.753627E+03  9.753625E+03 _shell_0000000417   
       417   2  4.136186E+05  4.039364E+05  9.983762E+02 -7.022667E+04  2.179302E+03  1.968583E+03 _shell_0000000417   
       417   3  4.039586E+05  4.135942E+05  9.977785E+02 -7.022667E+04  1.968584E+03  2.179301E+03 _shell_0000000417   
       417   4  3.998555E+05  3.998333E+05 -3.093968E+03 -7.503660E+04  9.547952E+03  9.547950E+03 _shell_0000000417   
       417   5 -4.171659E+05 -4.171903E+05 -3.104245E+03  6.570109E+04  9.683750E+03  9.683748E+03 _shell_0000000417   
       417   6 -4.130627E+05 -4.034995E+05  9.983792E+02  7.051081E+04  2.104179E+03  1.905895E+03 _shell_0000000417   
       417   7 -4.034774E+05 -4.130872E+05  9.977830E+02  7.051081E+04  1.905895E+03  2.104178E+03 _shell_0000000417   
       417   8 -3.993834E+05 -3.994055E+05  5.103156E+03  7.532359E+04  9.480365E+03  9.480364E+03 _shell_0000000417   
       418   1  4.002019E+05  3.921652E+05  5.468030E+03 -8.118616E+04  1.121324E+04  1.026028E+04 _shell_0000000418   
       418   2  3.951477E+05  3.751900E+05  4.131307E+02 -8.574916E+04  4.031632E+03  6.474360E+02 _shell_0000000418   
       418   3  3.871623E+05  3.882844E+05  1.584359E+03 -8.712672E+04  3.768986E+03  9.089129E+02 _shell_0000000418   
       418   4  3.820975E+05  3.712987E+05 -3.467442E+03 -9.168768E+04  1.095545E+04  1.000270E+04 _shell_0000000418   
       418   5 -3.997224E+05 -3.918136E+05 -3.477553E+03  8.152038E+04  1.112943E+04  1.020797E+04 _shell_0000000418   
       418   6 -3.946575E+05 -3.749121E+05  1.586561E+03  8.608120E+04  3.942764E+03  6.034348E+02 _shell_0000000418   
       418   7 -3.867421E+05 -3.879222E+05  4.109319E+02  8.745865E+04  3.693551E+03  8.524704E+02 _shell_0000000418   
       418   8 -3.816880E+05 -3.710312E+05  5.478145E+03  9.202153E+04  1.087530E+04  9.954983E+03 _shell_0000000418   
       419   1  3.772025E+05  3.606005E+05  5.786412E+03 -9.603357E+04  1.272394E+04  1.063115E+04 _shell_0000000419   
       419   2  3.712373E+05  3.405681E+05 -1.796791E+02 -1.002703E+05  6.055006E+03 -7.208276E+02 _shell_0000000419   
       419   3  3.650953E+05  3.569976E+05  2.179039E+03 -1.030437E+05  5.741347E+03 -4.060975E+02 _shell_0000000419   
       419   4  3.591183E+05  3.369538E+05 -3.783860E+03 -1.072796E+05  1.241487E+04  1.031901E+04 _shell_0000000419   
       419   5 -3.767974E+05 -3.604204E+05 -3.793376E+03  9.640459E+04  1.262948E+04  1.059886E+04 _shell_0000000419   
       419   6 -3.708203E+05 -3.404725E+05  2.182724E+03  1.006404E+05  5.955754E+03 -7.441218E+02 _shell_0000000419   
       419   7 -3.647420E+05 -3.568060E+05 -1.833651E+02  1.034136E+05  5.655998E+03 -4.412338E+02 _shell_0000000419   
       419   8 -3.587768E+05 -3.368694E+05  5.795927E+03  1.076503E+05  1.232509E+04  1.029333E+04 _shell_0000000419   
       420   1  3.477834E+05  3.230432E+05  6.036357E+03 -1.096979E+05  1.430141E+04  1.085598E+04 _shell_0000000420   
       420   2  3.409719E+05  3.001722E+05 -7.760821E+02 -1.135230E+05  8.279424E+03 -2.094233E+03 _shell_0000000420   
       420   3  3.368523E+05  3.197904E+05  2.777899E+03 -1.177012E+05  7.916741E+03 -1.747066E+03 _shell_0000000420   
       420   4  3.300284E+05  2.969079E+05 -4.031578E+03 -1.215268E+05  1.394294E+04  1.051003E+04 _shell_0000000420   
       420   5 -3.474567E+05 -3.230543E+05 -4.039994E+03  1.100939E+05  1.420066E+04  1.084517E+04 _shell_0000000420   
       420   6 -3.406327E+05 -3.002763E+05  2.782985E+03  1.139195E+05  8.174246E+03 -2.095912E+03 _shell_0000000420   
       420   7 -3.365690E+05 -3.197898E+05 -7.811744E+02  1.180973E+05  7.825299E+03 -1.759361E+03 _shell_0000000420   
       420   8 -3.297575E+05 -2.970233E+05  6.044768E+03  1.219225E+05  1.384744E+04  1.050736E+04 _shell_0000000420   
       421   1  3.107995E+05  2.795795E+05  6.202858E+03 -1.218530E+05  1.596471E+04  1.090566E+04 _shell_0000000421   
       421   2  3.032304E+05  2.541696E+05 -1.366920E+03 -1.251740E+05  1.073507E+04 -3.574650E+03 _shell_0000000421   
       421   3  3.013082E+05  2.767552E+05  3.371827E+03 -1.307449E+05  1.032682E+04 -3.098493E+03 _shell_0000000421   
       421   4  2.937268E+05  2.513343E+05 -4.195597E+03 -1.340678E+05  1.556021E+04  1.042934E+04 _shell_0000000421   
       421   5 -3.105520E+05 -2.797953E+05 -4.202289E+03  1.222590E+05  1.586328E+04  1.091653E+04 _shell_0000000421   
       421   6 -3.029706E+05 -2.544842E+05  3.378391E+03  1.255820E+05  1.062968E+04 -3.555102E+03 _shell_0000000421   
       421   7 -3.010952E+05 -2.769598E+05 -1.373495E+03  1.311524E+05  1.023427E+04 -3.087716E+03 _shell_0000000421   
       421   8 -2.935261E+05 -2.516596E+05  6.209539E+03  1.344737E+05  1.546407E+04  1.044927E+04 _shell_0000000421   
       422   1  2.649490E+05  2.303568E+05  6.285915E+03 -1.323789E+05  1.772505E+04  1.084722E+04 _shell_0000000422   
       422   2  2.567093E+05  2.027015E+05 -1.953944E+03 -1.351014E+05  1.343671E+04 -4.462722E+03 _shell_0000000422   
       422   3  2.571669E+05  2.280413E+05  3.962500E+03 -1.420568E+05  1.298840E+04 -4.396457E+03 _shell_0000000422   
       422   4  2.489158E+05  2.003761E+05 -4.276060E+03 -1.447825E+05  1.727991E+04  1.077948E+04 _shell_0000000422   
       422   5 -2.647778E+05 -2.307841E+05 -4.280038E+03  1.327746E+05  1.762993E+04  1.087870E+04 _shell_0000000422   
       422   6 -2.565268E+05 -2.032314E+05  3.970826E+03  1.355004E+05  1.333821E+04 -4.423660E+03 _shell_0000000422   
       422   7 -2.570221E+05 -2.284585E+05 -1.962285E+03  1.424554E+05  1.290105E+04 -4.363737E+03 _shell_0000000422   
       422   8 -2.487824E+05 -2.009156E+05  6.289880E+03  1.451780E+05  1.718956E+04  1.082023E+04 _shell_0000000422   
       423   1  2.084298E+05  1.755435E+05  6.211090E+03 -1.399739E+05  1.965361E+04  1.023782E+04 _shell_0000000423   
       423   2  1.997588E+05  1.464455E+05 -2.459278E+03 -1.420062E+05  1.644999E+04 -8.296342E+03 _shell_0000000423   
       423   3  2.026154E+05  1.738141E+05  4.472040E+03 -1.501564E+05  1.596867E+04 -5.802228E+03 _shell_0000000423   
       423   4  1.939347E+05  1.447080E+05 -4.198523E+03 -1.521932E+05  1.917483E+04  7.741151E+03 _shell_0000000423   
       423   5 -2.083277E+05 -1.761841E+05 -4.198413E+03  1.403292E+05  1.957315E+04  1.028694E+04 _shell_0000000423   
       423   6 -1.996471E+05 -1.471918E+05  4.482890E+03  1.423671E+05  1.636679E+04 -8.241436E+03 _shell_0000000423   
       423   7 -2.025341E+05 -1.744463E+05 -2.470144E+03  1.505159E+05  1.589417E+04 -5.750747E+03 _shell_0000000423   
       423   8 -1.938631E+05 -1.454620E+05  6.210966E+03  1.525495E+05  1.909796E+04  7.798788E+03 _shell_0000000423   
       424   1  1.407958E+05  1.156137E+05  6.318236E+03 -1.496866E+05  2.152567E+04  1.136911E+04 _shell_0000000424   
       424   2  1.312705E+05  8.365554E+04 -3.205583E+03 -1.509611E+05  1.951866E+04  4.011526E+03 _shell_0000000424   
       424   3  1.371487E+05  1.145306E+05  5.222525E+03 -1.608698E+05  1.901684E+04 -6.248378E+03 _shell_0000000424   
       424   4  1.276163E+05  8.256655E+04 -4.303399E+03 -1.621500E+05  2.102562E+04  2.162541E+04 _shell_0000000424   
       424   5 -1.407483E+05 -1.164683E+05 -4.296766E+03  1.499540E+05  2.146919E+04  1.143392E+04 _shell_0000000424   
       424   6 -1.312159E+05 -8.462478E+04  5.237051E+03  1.512296E+05  1.946019E+04  4.079835E+03 _shell_0000000424   
       424   7 -1.371227E+05 -1.153790E+05 -3.220121E+03  1.611428E+05  1.896383E+04 -6.180105E+03 _shell_0000000424   
       424   8 -1.275975E+05 -8.354141E+04  6.311590E+03  1.624127E+05  2.097103E+04  2.169745E+04 _shell_0000000424   
       425   1  5.318024E+04  4.986912E+04  4.768165E+03 -1.329254E+05  2.471980E+04  1.981271E+03 _shell_0000000425   
       425   2  4.605078E+04  2.592832E+04 -2.359593E+03 -1.333444E+05  2.403551E+04 -6.908799E+04 _shell_0000000425   
       425   3  5.192273E+04  4.950009E+04  4.381572E+03 -1.412947E+05  2.350994E+04 -1.120364E+04 _shell_0000000425   
       425   4  4.478960E+04  2.555618E+04 -2.750915E+03 -1.417182E+05  2.419620E+04 -5.590603E+04 _shell_0000000425   
       425   5 -5.316308E+04 -5.094552E+04 -2.733819E+03  1.330376E+05  2.469923E+04  2.044775E+03 _shell_0000000425   
       425   6 -4.603000E+04 -2.713782E+04  4.400963E+03  1.334891E+05  2.401285E+04 -6.902424E+04 _shell_0000000425   
       425   7 -5.193844E+04 -5.057313E+04 -2.378989E+03  1.414114E+05  2.348973E+04 -1.113722E+04 _shell_0000000425   
       425   8 -4.480902E+04 -2.676853E+04  4.751064E+03  1.418582E+05  2.417412E+04 -5.583930E+04 _shell_0000000425   
       426   1  4.391931E+04  2.542708E+04 -2.212763E+03  1.664844E+05 -2.297568E+04 -8.391330E+04 _shell_0000000426   
       426   2  5.085884E+04  4.868326E+04  4.725007E+03  1.659482E+05 -2.384643E+04  7.403393E+02 _shell_0000000426   
       426   3  4.231347E+04  2.495348E+04 -2.711834E+03  1.746350E+05 -2.316900E+04 -7.108127E+04 _shell_0000000426   
       426   4  4.925744E+04  4.821346E+04  4.231875E+03  1.740956E+05 -2.229525E+04 -1.209371E+04 _shell_0000000426   
       426   5 -4.389162E+04 -2.583766E+04  4.257108E+03 -1.666694E+05 -2.295629E+04 -8.383913E+04 _shell_0000000426   
       426   6 -5.083556E+04 -4.906091E+04 -2.688587E+03 -1.660978E+05 -2.383018E+04  8.142768E+02 _shell_0000000426   
       426   7 -4.233805E+04 -2.536754E+04  4.701758E+03 -1.748168E+05 -2.315023E+04 -7.100505E+04 _shell_0000000426   
       426   8 -4.927755E+04 -4.858700E+04 -2.237999E+03 -1.742484E+05 -2.227935E+04 -1.201779E+04 _shell_0000000426   
       427   1  1.249351E+05  8.110338E+04 -2.924646E+03  1.886303E+05 -1.832550E+04  7.401485E+03 _shell_0000000427   
       427   2  1.341914E+05  1.121185E+05  6.330629E+03  1.870109E+05 -2.087329E+04  1.182542E+04 _shell_0000000427   
       427   3  1.202974E+05  7.972109E+04 -4.319062E+03  1.995034E+05 -2.022872E+04  2.452010E+04 _shell_0000000427   
       427   4  1.295623E+05  1.107434E+05  4.939163E+03  1.978802E+05 -1.767862E+04 -5.295583E+03 _shell_0000000427   
       427   5 -1.248767E+05 -8.144216E+04  4.957079E+03 -1.889870E+05 -1.827759E+04  7.480908E+03 _shell_0000000427   
       427   6 -1.341416E+05 -1.124327E+05 -4.308816E+03 -1.873691E+05 -2.082795E+04  1.190077E+04 _shell_0000000427   
       427   7 -1.202821E+05 -8.006673E+04  6.320377E+03 -1.998561E+05 -2.018532E+04  2.460204E+04 _shell_0000000427   
       427   8 -1.295384E+05 -1.110500E+05 -2.942567E+03 -1.982421E+05 -1.763729E+04 -5.217991E+03 _shell_0000000427   
       428   1  1.895161E+05  1.415955E+05 -2.095855E+03  1.772605E+05 -1.514340E+04 -8.006610E+03 _shell_0000000428   
       428   2  1.979159E+05  1.697486E+05  6.304273E+03  1.746904E+05 -1.919263E+04  1.064822E+04 _shell_0000000428   
       428   3  1.821589E+05  1.393996E+05 -4.294124E+03  1.871293E+05 -1.857816E+04  7.531558E+03 _shell_0000000428   
       428   4  1.905700E+05  1.675625E+05  4.106714E+03  1.845563E+05 -1.452599E+04 -4.891460E+03 _shell_0000000428   
       428   5 -1.894052E+05 -1.418613E+05  4.118413E+03 -1.777371E+05 -1.507615E+04 -7.943188E+03 _shell_0000000428   
       428   6 -1.978164E+05 -1.699882E+05 -4.292375E+03 -1.751626E+05 -1.912856E+04  1.070487E+04 _shell_0000000428   
       428   7 -1.820910E+05 -1.396748E+05  6.302520E+03 -1.876028E+05 -1.851828E+04  7.596676E+03 _shell_0000000428   
       428   8 -1.904908E+05 -1.677920E+05 -2.107560E+03 -1.850313E+05 -1.446885E+04 -4.833492E+03 _shell_0000000428   
       429   1  2.428958E+05  1.956138E+05 -1.512231E+03  1.684803E+05 -1.206090E+04 -3.297201E+03 _shell_0000000429   
       429   2  2.508476E+05  2.222758E+05  6.441591E+03  1.650538E+05 -1.745703E+04  1.151618E+04 _shell_0000000429   
       429   3  2.330957E+05  1.926881E+05 -4.433234E+03  1.778241E+05 -1.688844E+04  1.141518E+04 _shell_0000000429   
       429   4  2.410609E+05  2.193621E+05  3.519473E+03  1.743954E+05 -1.148902E+04 -3.196784E+03 _shell_0000000429   
       429   5 -2.427219E+05 -1.957946E+05  3.526435E+03 -1.689986E+05 -1.198251E+04 -3.252653E+03 _shell_0000000429   
       429   6 -2.506871E+05 -2.224201E+05 -4.436795E+03 -1.655698E+05 -1.738218E+04  1.155184E+04 _shell_0000000429   
       429   7 -2.329717E+05 -1.928805E+05  6.445149E+03 -1.783401E+05 -1.681955E+04  1.146053E+04 _shell_0000000429   
       429   8 -2.409235E+05 -2.194941E+05 -1.519197E+03 -1.749134E+05 -1.142322E+04 -3.160779E+03 _shell_0000000429   
       430   1  2.862607E+05  2.448749E+05 -8.648293E+02  1.559256E+05 -9.327803E+03 -2.309488E+03 _shell_0000000430   
       430   2  2.935350E+05  2.692756E+05  6.412716E+03  1.517658E+05 -1.587781E+04  1.175527E+04 _shell_0000000430   
       430   3  2.743653E+05  2.413243E+05 -4.406094E+03  1.644742E+05 -1.536379E+04  1.115192E+04 _shell_0000000430   
       430   4  2.816540E+05  2.657383E+05  2.868995E+03  1.603133E+05 -8.810194E+03 -1.705611E+03 _shell_0000000430   
       430   5 -2.860217E+05 -2.449494E+05  2.872618E+03 -1.564409E+05 -9.245072E+03 -2.288092E+03 _shell_0000000430   
       430   6 -2.933105E+05 -2.693034E+05 -4.412932E+03 -1.522797E+05 -1.579891E+04  1.176649E+04 _shell_0000000430   
       430   7 -2.741871E+05 -2.414118E+05  6.419554E+03 -1.649881E+05 -1.529184E+04  1.117302E+04 _shell_0000000430   
       430   8 -2.814615E+05 -2.657526E+05 -8.684532E+02 -1.608281E+05 -8.741641E+03 -1.695179E+03 _shell_0000000430   
       431   1  3.212860E+05  2.887554E+05 -2.305561E+02  1.412552E+05 -6.873480E+03 -6.232603E+02 _shell_0000000431   
       431   2  3.278056E+05  3.106331E+05  6.293019E+03  1.364858E+05 -1.438256E+04  1.188172E+04 _shell_0000000431   
       431   3  3.076476E+05  2.846857E+05 -4.288147E+03  1.489174E+05 -1.392922E+04  1.144358E+04 _shell_0000000431   
       431   4  3.141816E+05  3.065771E+05  2.232160E+03  1.441478E+05 -6.416360E+03 -1.834369E+02 _shell_0000000431   
       431   5 -3.209845E+05 -2.887063E+05  2.233383E+03 -1.417379E+05 -6.791964E+03 -6.269616E+02 _shell_0000000431   
       431   6 -3.275186E+05 -3.105302E+05 -4.296797E+03 -1.369683E+05 -1.430507E+04  1.186731E+04 _shell_0000000431   
       431   7 -3.074189E+05 -2.846501E+05  6.301671E+03 -1.493997E+05 -1.385897E+04  1.143842E+04 _shell_0000000431   
       431   8 -3.139386E+05 -3.064603E+05 -2.317779E+02 -1.446303E+05 -6.349696E+03 -1.997965E+02 _shell_0000000431   
       432   1  3.492747E+05  3.271637E+05  3.928348E+02  1.246348E+05 -4.676345E+03  8.930093E+02 _shell_0000000432   
       432   2  3.549629E+05  3.462577E+05  6.085168E+03  1.193734E+05 -1.295939E+04  1.181602E+04 _shell_0000000432   
       432   3  3.342291E+05  3.226755E+05 -4.081879E+03  1.313201E+05 -1.257019E+04  1.142273E+04 _shell_0000000432   
       432   4  3.399310E+05  3.417829E+05  1.606842E+03  1.260594E+05 -4.283271E+03  1.289134E+03 _shell_0000000432   
       432   5 -3.489153E+05 -3.269817E+05  1.606311E+03 -1.250668E+05 -4.600311E+03  8.638325E+02 _shell_0000000432   
       432   6 -3.546173E+05 -3.460200E+05 -4.091544E+03 -1.198062E+05 -1.288747E+04  1.177632E+04 _shell_0000000432   
       432   7 -3.339536E+05 -3.225067E+05  6.094836E+03 -1.317526E+05 -1.250517E+04  1.139093E+04 _shell_0000000432   
       432   8 -3.396419E+05 -3.415317E+05  3.933692E+02 -1.264913E+05 -4.221944E+03  1.246341E+03 _shell_0000000432   
       433   1  3.713277E+05  3.599860E+05  9.981645E+02  1.064870E+05 -2.699884E+03  2.372420E+03 _shell_0000000433   
       433   2  3.761315E+05  3.761155E+05  5.805904E+03  1.008397E+05 -1.159007E+04  1.159006E+04 _shell_0000000433   
       433   3  3.551783E+05  3.551698E+05 -3.804008E+03  1.121330E+05 -1.126651E+04  1.126651E+04 _shell_0000000433   
       433   4  3.599944E+05  3.713117E+05  1.000170E+03  1.064870E+05 -2.372425E+03  2.699878E+03 _shell_0000000433   
       433   5 -3.709166E+05 -3.596721E+05  9.981671E+02 -1.068563E+05 -2.632507E+03  2.318907E+03 _shell_0000000433   
       433   6 -3.757328E+05 -3.757490E+05 -3.814182E+03 -1.012106E+05 -1.152683E+04  1.152683E+04 _shell_0000000433   
       433   7 -3.548596E+05 -3.548682E+05  5.816082E+03 -1.125035E+05 -1.120928E+04  1.120927E+04 _shell_0000000433   
       433   8 -3.596636E+05 -3.709327E+05  1.000171E+03 -1.068563E+05 -2.318912E+03  2.632500E+03 _shell_0000000433   
       434   1  3.883309E+05  3.871696E+05  1.583768E+03  8.714375E+04 -9.089238E+02  3.768978E+03 _shell_0000000434   
       434   2  3.922117E+05  4.002024E+05  5.467987E+03  8.120318E+04 -1.026029E+04  1.121324E+04 _shell_0000000434   
       434   3  3.713434E+05  3.821048E+05 -3.467282E+03  9.170470E+04 -1.000270E+04  1.095544E+04 _shell_0000000434   
       434   4  3.752347E+05  3.951482E+05  4.137353E+02  8.576619E+04 -6.474344E+02  4.031635E+03 _shell_0000000434   
       434   5 -3.878756E+05 -3.867347E+05  4.103416E+02 -8.744166E+04 -8.524698E+02  3.693555E+03 _shell_0000000434   
       434   6 -3.917669E+05 -3.997218E+05 -3.477596E+03 -8.150339E+04 -1.020796E+04  1.112942E+04 _shell_0000000434   
       434   7 -3.709864E+05 -3.816805E+05  5.478304E+03 -9.200454E+04 -9.954992E+03  1.087531E+04 _shell_0000000434   
       434   8 -3.748673E+05 -3.946569E+05  1.587165E+03 -8.606421E+04 -6.034448E+02  3.942755E+03 _shell_0000000434   
       435   1  4.009798E+05  4.086886E+05  2.149071E+03  6.690401E+04  7.307086E+02  5.076808E+03 _shell_0000000435   
       435   2  4.039107E+05  4.185325E+05  5.082741E+03  6.075025E+04 -8.955971E+03  1.069704E+04 _shell_0000000435   
       435   3  3.833835E+05  4.034434E+05 -3.083044E+03  7.034825E+04 -8.764006E+03  1.050548E+04 _shell_0000000435   
       435   4  3.863226E+05  4.132959E+05 -1.519852E+02  6.419704E+04  9.265296E+02  5.273997E+03 _shell_0000000435   
       435   5 -4.004894E+05 -4.081513E+05 -1.567758E+02 -6.712385E+04  7.746801E+02  4.982965E+03 _shell_0000000435   
       435   6 -4.034286E+05 -4.179593E+05 -3.093156E+03 -6.097295E+04 -8.916085E+03  1.059654E+04 _shell_0000000435   
       435   7 -3.829946E+05 -4.029147E+05  5.092856E+03 -7.057053E+04 -8.726993E+03  1.040611E+04 _shell_0000000435   
       435   8 -3.859256E+05 -4.127141E+05  2.153864E+03 -6.441708E+04  9.598618E+02  5.167693E+03 _shell_0000000435   
       436   1  4.097956E+05  4.245340E+05  2.694196E+03  4.602493E+04  2.250665E+03  6.287022E+03 _shell_0000000436   
       436   2  4.117586E+05  4.311276E+05  4.659263E+03  3.972712E+04 -7.662569E+03  1.005035E+04 _shell_0000000436   
       436   3  3.917887E+05  4.191677E+05 -2.660411E+03  4.833123E+04 -7.535666E+03  9.924274E+03 _shell_0000000436   
       436   4  3.937573E+05  4.257671E+05 -6.972041E+02  4.203632E+04  2.381384E+03  6.419305E+03 _shell_0000000436   
       436   5 -4.092811E+05 -4.239189E+05 -7.033832E+02 -4.616170E+04  2.281140E+03  6.179073E+03 _shell_0000000436   
       436   6 -4.112498E+05 -4.304879E+05 -2.669978E+03 -3.986715E+04 -7.636138E+03  9.937783E+03 _shell_0000000436   
       436   7 -3.913765E+05 -4.185585E+05  4.668832E+03 -4.847083E+04 -7.510063E+03  9.810178E+03 _shell_0000000436   
       436   8 -3.933395E+05 -4.251215E+05  2.700377E+03 -4.217338E+04  2.403343E+03  6.300405E+03 _shell_0000000436   
       437   1  4.151398E+05  4.347041E+05  3.219097E+03  2.473064E+04  3.679645E+03  7.394126E+03 _shell_0000000437   
       437   2  4.161239E+05  4.380096E+05  4.204546E+03  1.834974E+04 -6.364245E+03  9.280508E+03 _shell_0000000437   
       437   3  3.968968E+05  4.292685E+05 -2.206387E+03  2.588603E+04 -6.301880E+03  9.219341E+03 _shell_0000000437   
       437   4  3.978837E+05  4.325770E+05 -1.221943E+03  1.950827E+04  3.745797E+03  7.461856E+03 _shell_0000000437   
       437   5 -4.146135E+05 -4.340395E+05 -1.229436E+03 -2.478125E+04  3.696024E+03  7.276988E+03 _shell_0000000437   
       437   6 -4.156004E+05 -4.373328E+05 -2.215074E+03 -1.840387E+04 -6.351879E+03  9.160999E+03 _shell_0000000437   
       437   7 -3.964718E+05 -4.286069E+05  4.213236E+03 -2.593974E+04 -6.288095E+03  9.095654E+03 _shell_0000000437   
       437   8 -3.974559E+05 -4.318973E+05  3.226591E+03 -1.955924E+04  3.755966E+03  7.335704E+03 _shell_0000000437   
       438   1  4.172243E+05  4.391968E+05  3.723014E+03  3.221296E+03  5.043271E+03  8.393440E+03 _shell_0000000438   
       438   2  4.172243E+05  4.391963E+05  3.723634E+03 -3.186726E+03 -5.043284E+03  8.393452E+03 _shell_0000000438   
       438   3  3.989052E+05  4.337397E+05 -1.726013E+03  3.219698E+03 -5.045160E+03  8.396782E+03 _shell_0000000438   
       438   4  3.989052E+05  4.337391E+05 -1.725494E+03 -3.185128E+03  5.045171E+03  8.396793E+03 _shell_0000000438   
       438   5 -4.166993E+05 -4.385135E+05 -1.734137E+03 -3.184954E+03  5.045283E+03  8.272403E+03 _shell_0000000438   
       438   6 -4.166993E+05 -4.385141E+05 -1.733518E+03  3.219472E+03 -5.045273E+03  8.272393E+03 _shell_0000000438   
       438   7 -3.984792E+05 -4.330564E+05  3.731141E+03 -3.186552E+03 -5.043368E+03  8.269030E+03 _shell_0000000438   
       438   8 -3.984792E+05 -4.330570E+05  3.731659E+03  3.221069E+03  5.043356E+03  8.269018E+03 _shell_0000000438   
       439   1  4.161173E+05  4.380061E+05  4.204068E+03 -1.831600E+04  6.364233E+03  9.280497E+03 _shell_0000000439   
       439   2  4.151332E+05  4.346993E+05  3.219856E+03 -2.469689E+04 -3.679658E+03  7.394139E+03 _shell_0000000439   
       439   3  3.978772E+05  4.325735E+05 -1.222604E+03 -1.947452E+04 -3.745787E+03  7.461846E+03 _shell_0000000439   
       439   4  3.968903E+05  4.292637E+05 -2.206009E+03 -2.585229E+04  6.301891E+03  9.219352E+03 _shell_0000000439   
       439   5 -4.156071E+05 -4.373363E+05 -2.215552E+03  1.843756E+04  6.351888E+03  9.161010E+03 _shell_0000000439   
       439   6 -4.146201E+05 -4.340443E+05 -1.228678E+03  2.481494E+04 -3.696015E+03  7.276978E+03 _shell_0000000439   
       439   7 -3.974625E+05 -4.319007E+05  3.225932E+03  1.959293E+04 -3.755978E+03  7.335716E+03 _shell_0000000439   
       439   8 -3.964784E+05 -4.286117E+05  4.213612E+03  2.597343E+04  6.288083E+03  9.095644E+03 _shell_0000000439   
       440   1  4.117454E+05  4.311196E+05  4.658940E+03 -3.969592E+04  7.662558E+03  1.005034E+04 _shell_0000000440   
       440   2  4.097825E+05  4.245242E+05  2.695096E+03 -4.599373E+04 -2.250678E+03  6.287034E+03 _shell_0000000440   
       440   3  3.937442E+05  4.257592E+05 -6.980179E+02 -4.200512E+04 -2.381376E+03  6.419297E+03 _shell_0000000440   
       440   4  3.917756E+05  4.191578E+05 -2.660189E+03 -4.830002E+04  7.535676E+03  9.924285E+03 _shell_0000000440   
       440   5 -4.112630E+05 -4.304959E+05 -2.670301E+03  3.989830E+04  7.636147E+03  9.937794E+03 _shell_0000000440   
       440   6 -4.092943E+05 -4.239288E+05 -7.024846E+02  4.619285E+04 -2.281132E+03  6.179064E+03 _shell_0000000440   
       440   7 -3.933527E+05 -4.251295E+05  2.699565E+03  4.220453E+04 -2.403355E+03  6.300418E+03 _shell_0000000440   
       440   8 -3.913897E+05 -4.185684E+05  4.669054E+03  4.850198E+04  7.510052E+03  9.810169E+03 _shell_0000000440   
       441   1  4.038912E+05  4.185189E+05  5.082599E+03 -6.072346E+04  8.955960E+03  1.069703E+04 _shell_0000000441   
       441   2  4.009603E+05  4.086719E+05  2.150108E+03 -6.687722E+04 -7.307210E+02  5.076819E+03 _shell_0000000441   
       441   3  3.863029E+05  4.132823E+05 -1.529675E+02 -6.417025E+04 -9.265231E+02  5.273990E+03 _shell_0000000441   
       441   4  3.833638E+05  4.034267E+05 -3.083010E+03 -7.032146E+04  8.764014E+03  1.050549E+04 _shell_0000000441   
       441   5 -4.034482E+05 -4.179730E+05 -3.093299E+03  6.099969E+04  8.916092E+03  1.059655E+04 _shell_0000000441   
       441   6 -4.005090E+05 -4.081680E+05 -1.557397E+02  6.715059E+04 -7.746744E+02  4.982957E+03 _shell_0000000441   
       441   7 -3.859455E+05 -4.127278E+05  2.152883E+03  6.444383E+04 -9.598734E+02  5.167704E+03 _shell_0000000441   
       441   8 -3.830145E+05 -4.029314E+05  5.092891E+03  7.059728E+04  8.726983E+03  1.040611E+04 _shell_0000000441   
       442   1  3.921865E+05  4.001810E+05  5.468064E+03 -8.118290E+04  1.026028E+04  1.121323E+04 _shell_0000000442   
       442   2  3.883057E+05  3.871435E+05  1.584921E+03 -8.712347E+04  9.089127E+02  3.768986E+03 _shell_0000000442   
       442   3  3.752084E+05  3.951269E+05  4.125762E+02 -8.574591E+04  6.474375E+02  4.031629E+03 _shell_0000000442   
       442   4  3.713171E+05  3.820786E+05 -3.467487E+03 -9.168443E+04  1.000270E+04  1.095544E+04 _shell_0000000442   
       442   5 -3.917924E+05 -3.997432E+05 -3.477519E+03  8.152363E+04  1.020797E+04  1.112943E+04 _shell_0000000442   
       442   6 -3.879010E+05 -3.867609E+05  4.114933E+02  8.746190E+04  8.524722E+02  3.693549E+03 _shell_0000000442   
       442   7 -3.748937E+05 -3.946783E+05  1.586008E+03  8.608445E+04  6.034343E+02  3.942763E+03 _shell_0000000442   
       442   8 -3.710128E+05 -3.817067E+05  5.478100E+03  9.202478E+04  9.954983E+03  1.087530E+04 _shell_0000000442   
       443   1  3.761014E+05  3.760833E+05  5.806250E+03 -1.008282E+05  1.159006E+04  1.159006E+04 _shell_0000000443   
       443   2  3.712976E+05  3.599465E+05  9.993700E+02 -1.064755E+05  2.699876E+03  2.372422E+03 _shell_0000000443   
       443   3  3.599622E+05  3.712795E+05  9.988520E+02 -1.064755E+05  2.372423E+03  2.699875E+03 _shell_0000000443   
       443   4  3.551460E+05  3.551303E+05 -3.804521E+03 -1.121215E+05  1.126651E+04  1.126651E+04 _shell_0000000443   
       443   5 -3.757632E+05 -3.757812E+05 -3.813837E+03  1.012220E+05  1.152683E+04  1.152683E+04 _shell_0000000443   
       443   6 -3.709469E+05 -3.597116E+05  9.993712E+02  1.068678E+05  2.632504E+03  2.318903E+03 _shell_0000000443   
       443   7 -3.596961E+05 -3.709649E+05  9.988545E+02  1.068678E+05  2.318904E+03  2.632503E+03 _shell_0000000443   
       443   8 -3.548921E+05 -3.549077E+05  5.815570E+03  1.125150E+05  1.120927E+04  1.120927E+04 _shell_0000000443   
       444   1  3.549295E+05  3.462104E+05  6.085825E+03 -1.193728E+05  1.295938E+04  1.181602E+04 _shell_0000000444   
       444   2  3.492413E+05  3.271055E+05  3.939630E+02 -1.246342E+05  4.676341E+03  8.930036E+02 _shell_0000000444   
       444   3  3.398940E+05  3.417355E+05  1.605443E+03 -1.260588E+05  4.283262E+03  1.289134E+03 _shell_0000000444   
       444   4  3.341921E+05  3.226172E+05 -4.082759E+03 -1.313195E+05  1.257019E+04  1.142272E+04 _shell_0000000444   
       444   5 -3.546510E+05 -3.460674E+05 -4.090888E+03  1.198067E+05  1.288746E+04  1.177631E+04 _shell_0000000444   
       444   6 -3.489490E+05 -3.270400E+05  1.607437E+03  1.250674E+05  4.600302E+03  8.638321E+02 _shell_0000000444   
       444   7 -3.396791E+05 -3.415791E+05  3.919719E+02  1.264918E+05  4.221940E+03  1.246336E+03 _shell_0000000444   
       444   8 -3.339908E+05 -3.225650E+05  6.093958E+03  1.317532E+05  1.250517E+04  1.139093E+04 _shell_0000000444   
       445   1  3.277714E+05  3.105648E+05  6.293991E+03 -1.364976E+05  1.438257E+04  1.188172E+04 _shell_0000000445   
       445   2  3.212517E+05  2.886714E+05 -2.297153E+02 -1.412670E+05  6.873484E+03 -6.232772E+02 _shell_0000000445   
       445   3  3.141423E+05  3.065087E+05  2.230856E+03 -1.441596E+05  6.416343E+03 -1.834316E+02 _shell_0000000445   
       445   4  3.076083E+05  2.846018E+05 -4.289392E+03 -1.489292E+05  1.392921E+04  1.144356E+04 _shell_0000000445   
       445   5 -3.275531E+05 -3.105986E+05 -4.295828E+03  1.369565E+05  1.430505E+04  1.186730E+04 _shell_0000000445   
       445   6 -3.210190E+05 -2.887903E+05  2.234223E+03  1.417262E+05  6.791946E+03 -6.269573E+02 _shell_0000000445   
       445   7 -3.139781E+05 -3.065288E+05 -2.330805E+02  1.446185E+05  6.349699E+03 -1.998124E+02 _shell_0000000445   
       445   8 -3.074584E+05 -2.847340E+05  6.300428E+03  1.493880E+05  1.385898E+04  1.143843E+04 _shell_0000000445   
       446   1  2.935032E+05  2.691791E+05  6.413914E+03 -1.517896E+05  1.587782E+04  1.175528E+04 _shell_0000000446   
       446   2  2.862288E+05  2.447575E+05 -8.645353E+02 -1.559494E+05  9.327818E+03 -2.309518E+03 _shell_0000000446   
       446   3  2.816163E+05  2.656416E+05  2.868080E+03 -1.603371E+05  8.810167E+03 -1.705599E+03 _shell_0000000446   
       446   4  2.743277E+05  2.412070E+05 -4.407543E+03 -1.644980E+05  1.536377E+04  1.115189E+04 _shell_0000000446   
       446   5 -2.933425E+05 -2.694000E+05 -4.411736E+03  1.522560E+05  1.579889E+04  1.176646E+04 _shell_0000000446   
       446   6 -2.860538E+05 -2.450669E+05  2.872911E+03  1.564171E+05  9.245045E+03 -2.288082E+03 _shell_0000000446   
       446   7 -2.814993E+05 -2.658492E+05 -8.693666E+02  1.608043E+05  8.741654E+03 -1.695208E+03 _shell_0000000446   
       446   8 -2.742249E+05 -2.415292E+05  6.418106E+03  1.649643E+05  1.529186E+04  1.117303E+04 _shell_0000000446   
       447   1  2.508217E+05  2.221435E+05  6.442787E+03 -1.650864E+05  1.745706E+04  1.151620E+04 _shell_0000000447   
       447   2  2.428698E+05  1.954560E+05 -1.512701E+03 -1.685129E+05  1.206093E+04 -3.297244E+03 _shell_0000000447   
       447   3  2.410298E+05  2.192297E+05  3.519302E+03 -1.744280E+05  1.148898E+04 -3.196765E+03 _shell_0000000447   
       447   4  2.330646E+05  1.925305E+05 -4.434519E+03 -1.778567E+05  1.688841E+04  1.141514E+04 _shell_0000000447   
       447   5 -2.507132E+05 -2.225524E+05 -4.435602E+03  1.655373E+05  1.738215E+04  1.155180E+04 _shell_0000000447   
       447   6 -2.427480E+05 -1.959524E+05  3.525964E+03  1.689660E+05  1.198248E+04 -3.252635E+03 _shell_0000000447   
       447   7 -2.409548E+05 -2.196266E+05 -1.519366E+03  1.748808E+05  1.142324E+04 -3.160822E+03 _shell_0000000447   
       447   8 -2.330028E+05 -1.930382E+05  6.443867E+03  1.783075E+05  1.681958E+04  1.146054E+04 _shell_0000000447   
       448   1  1.978984E+05  1.695745E+05  6.305101E+03 -1.747251E+05  1.919266E+04  1.064825E+04 _shell_0000000448   
       448   2  1.894985E+05  1.413941E+05 -2.097125E+03 -1.772952E+05  1.514344E+04 -8.006661E+03 _shell_0000000448   
       448   3  1.905497E+05  1.673883E+05  4.107555E+03 -1.845910E+05  1.452595E+04 -4.891436E+03 _shell_0000000448   
       448   4  1.821386E+05  1.391983E+05 -4.294703E+03 -1.871640E+05  1.857812E+04  7.531508E+03 _shell_0000000448   
       448   5 -1.978340E+05 -1.701623E+05 -4.291550E+03  1.751279E+05  1.912852E+04  1.070482E+04 _shell_0000000448   
       448   6 -1.894229E+05 -1.420627E+05  4.117142E+03  1.777024E+05  1.507611E+04 -7.943163E+03 _shell_0000000448   
       448   7 -1.905113E+05 -1.679662E+05 -2.106717E+03  1.849966E+05  1.446888E+04 -4.833543E+03 _shell_0000000448   
       448   8 -1.821114E+05 -1.398761E+05  6.301943E+03  1.875681E+05  1.851832E+04  7.596702E+03 _shell_0000000448   
       449   1  1.341826E+05  1.119012E+05  6.330678E+03 -1.870385E+05  2.087333E+04  1.182545E+04 _shell_0000000449   
       449   2  1.249261E+05  8.086124E+04 -2.926470E+03 -1.886579E+05  1.832553E+04  7.401440E+03 _shell_0000000449   
       449   3  1.295538E+05  1.105260E+05  4.940985E+03 -1.979077E+05  1.767858E+04 -5.295556E+03 _shell_0000000449   
       449   4  1.202890E+05  7.947906E+04 -4.318439E+03 -1.995310E+05  2.022868E+04  2.452006E+04 _shell_0000000449   
       449   5 -1.341505E+05 -1.126500E+05 -4.308770E+03  1.873416E+05  2.082791E+04  1.190072E+04 _shell_0000000449   
       449   6 -1.248858E+05 -8.168428E+04  4.955254E+03  1.889595E+05  1.827755E+04  7.480938E+03 _shell_0000000449   
       449   7 -1.295470E+05 -1.112674E+05 -2.940744E+03  1.982146E+05  1.763733E+04 -5.218039E+03 _shell_0000000449   
       449   8 -1.202906E+05 -8.030874E+04  6.321003E+03  1.998286E+05  2.018535E+04  2.460207E+04 _shell_0000000449   
       450   1  5.085549E+04  4.842802E+04  4.724005E+03 -1.659591E+05  2.384647E+04  7.403630E+02 _shell_0000000450   
       450   2  4.391588E+04  2.515480E+04 -2.214622E+03 -1.664953E+05  2.297571E+04 -8.391334E+04 _shell_0000000450   
       450   3  4.925718E+04  4.795814E+04  4.234237E+03 -1.741065E+05  2.229523E+04 -1.209369E+04 _shell_0000000450   
       450   4  4.231328E+04  2.468127E+04 -2.709829E+03 -1.746459E+05  2.316898E+04 -7.108131E+04 _shell_0000000450   
       450   5 -5.083896E+04 -4.931613E+04 -2.689590E+03  1.660870E+05  2.383016E+04  8.142448E+02 _shell_0000000450   
       450   6 -4.389510E+04 -2.610991E+04  4.255249E+03  1.666586E+05  2.295627E+04 -8.383912E+04 _shell_0000000450   
       450   7 -4.927786E+04 -4.884229E+04 -2.235638E+03  1.742375E+05  2.227938E+04 -1.201782E+04 _shell_0000000450   
       450   8 -4.233829E+04 -2.563972E+04  4.703764E+03  1.748060E+05  2.315027E+04 -7.100503E+04 _shell_0000000450   
       451   1  4.121779E+04  2.441920E+04 -2.028753E+03  1.986285E+05 -2.163300E+04 -9.819707E+04 _shell_0000000451   
       451   2  4.789581E+04  4.675907E+04  4.648104E+03  1.979659E+05 -2.270292E+04 -4.990684E+02 _shell_0000000451   
       451   3  3.924757E+04  2.383732E+04 -2.638706E+03  2.064716E+05 -2.184740E+04 -8.584745E+04 _shell_0000000451   
       451   4  4.593054E+04  4.618147E+04  4.044790E+03  2.058075E+05 -2.077331E+04 -1.284961E+04 _shell_0000000451   
       451   5 -4.118938E+04 -2.449814E+04  4.071818E+03 -1.988307E+05 -2.161738E+04 -9.811642E+04 _shell_0000000451   
       451   6 -4.787234E+04 -4.688850E+04 -2.612301E+03 -1.981318E+05 -2.269163E+04 -4.186846E+02 _shell_0000000451   
       451   7 -3.927668E+04 -2.392019E+04  4.621698E+03 -2.066723E+05 -2.183248E+04 -8.576584E+04 _shell_0000000451   
       451   8 -4.595469E+04 -4.630626E+04 -2.055781E+03 -2.059748E+05 -2.076242E+04 -1.276835E+04 _shell_0000000451   
       452   1  1.169121E+05  7.742189E+04 -2.587472E+03  2.251289E+05 -1.685664E+04  1.083580E+04 _shell_0000000452   
       452   2  1.258017E+05  1.071819E+05  6.302875E+03  2.231429E+05 -1.997929E+04  1.224049E+04 _shell_0000000452   
       452   3  1.112310E+05  7.572803E+04 -4.294386E+03  2.355710E+05 -1.916978E+04  2.727813E+04 _shell_0000000452   
       452   4  1.201301E+05  1.054962E+05  4.599244E+03  2.335834E+05 -1.604420E+04 -4.202786E+03 _shell_0000000452   
       452   5 -1.168660E+05 -7.756688E+04  4.616910E+03 -2.255194E+05 -1.682099E+04  1.092204E+04 _shell_0000000452   
       452   6 -1.257651E+05 -1.073605E+05 -4.281496E+03 -2.235376E+05 -1.994687E+04  1.232216E+04 _shell_0000000452   
       452   7 -1.112315E+05 -7.588076E+04  6.289986E+03 -2.359598E+05 -1.913918E+04  2.736546E+04 _shell_0000000452   
       452   8 -1.201212E+05 -1.056662E+05 -2.605137E+03 -2.339796E+05 -1.601625E+04 -4.120316E+03 _shell_0000000452   
       453   1  1.765872E+05  1.349221E+05 -1.674275E+03  2.113103E+05 -1.357591E+04 -7.540742E+03 _shell_0000000453   
       453   2  1.846155E+05  1.618139E+05  6.357098E+03  2.081801E+05 -1.850576E+04  1.104677E+04 _shell_0000000453   
       453   3  1.676330E+05  1.322491E+05 -4.349355E+03  2.207428E+05 -1.773494E+04  7.312404E+03 _shell_0000000453   
       453   4  1.756739E+05  1.591519E+05  3.682797E+03  2.176114E+05 -1.280168E+04 -3.806675E+03 _shell_0000000453   
       453   5 -1.765098E+05 -1.350919E+05  3.692639E+03 -2.118295E+05 -1.352715E+04 -7.472441E+03 _shell_0000000453   
       453   6 -1.845507E+05 -1.619969E+05 -4.345158E+03 -2.086965E+05 -1.846067E+04  1.110750E+04 _shell_0000000453   
       453   7 -1.676022E+05 -1.324295E+05  6.352906E+03 -2.212608E+05 -1.769438E+04  7.381191E+03 _shell_0000000453   
       453   8 -1.756305E+05 -1.593235E+05 -1.684112E+03 -2.181289E+05 -1.276429E+04 -3.745850E+03 _shell_0000000453   
       454   1  2.255213E+05  1.860277E+05 -1.012433E+03  2.005850E+05 -1.045304E+04 -1.950325E+03 _shell_0000000454   
       454   2  2.330805E+05  2.113656E+05  6.552070E+03  1.964392E+05 -1.698076E+04  1.218325E+04 _shell_0000000454   
       454   3  2.136691E+05  1.824892E+05 -4.545365E+03  2.094679E+05 -1.627308E+04  1.203784E+04 _shell_0000000454   
       454   4  2.212429E+05  2.078404E+05  3.017869E+03  2.053213E+05 -9.741915E+03 -1.804467E+03 _shell_0000000454   
       454   5 -2.254076E+05 -1.861804E+05  3.022059E+03 -2.011462E+05 -1.039790E+04 -1.903150E+03 _shell_0000000454   
       454   6 -2.329815E+05 -2.115051E+05 -4.546447E+03 -1.969995E+05 -1.692933E+04  1.222054E+04 _shell_0000000454   
       454   7 -2.136108E+05 -1.826548E+05  6.553159E+03 -2.100282E+05 -1.622846E+04  1.208479E+04 _shell_0000000454   
       454   8 -2.211700E+05 -2.079662E+05 -1.016615E+03 -2.058823E+05 -9.700495E+03 -1.767877E+03 _shell_0000000454   
       455   1  2.649979E+05  2.324211E+05 -3.097540E+02  1.853630E+05 -7.724736E+03 -8.462662E+02 _shell_0000000455   
       455   2  2.718728E+05  2.554808E+05  6.572007E+03  1.803626E+05 -1.559781E+04  1.261372E+04 _shell_0000000455   
       455   3  2.507023E+05  2.281542E+05 -4.566285E+03  1.934430E+05 -1.496227E+04  1.187851E+04 _shell_0000000455   
       455   4  2.575929E+05  2.512286E+05  2.312739E+03  1.884424E+05 -7.085780E+03 -1.097453E+02 _shell_0000000455   
       455   5 -2.648485E+05 -2.325105E+05  2.313382E+03 -1.859189E+05 -7.668112E+03 -8.248709E+02 _shell_0000000455   
       455   6 -2.717392E+05 -2.555361E+05 -4.570606E+03 -1.809181E+05 -1.554487E+04  1.262384E+04 _shell_0000000455   
       455   7 -2.506223E+05 -2.282580E+05  6.576337E+03 -1.939986E+05 -1.491753E+04  1.189883E+04 _shell_0000000455   
       455   8 -2.574974E+05 -2.512689E+05 -3.103881E+02 -1.889981E+05 -7.044226E+03 -1.012018E+02 _shell_0000000455   
       456   1  2.967117E+05  2.735522E+05  3.591762E+02  1.676747E+05 -5.311601E+03  1.048684E+03 _shell_0000000456   
       456   2  3.028397E+05  2.941177E+05  6.494555E+03  1.619756E+05 -1.428468E+04  1.292606E+04 _shell_0000000456   
       456   3  2.804164E+05  2.686899E+05 -4.489872E+03  1.748778E+05 -1.372813E+04  1.239307E+04 _shell_0000000456   
       456   4  2.865601E+05  2.892707E+05  1.641936E+03  1.691788E+05 -4.751770E+03  1.583877E+03 _shell_0000000456   
       456   5 -2.965284E+05 -2.735440E+05  1.640399E+03 -1.681959E+05 -5.257273E+03  1.042260E+03 _shell_0000000456   
       456   6 -3.026723E+05 -2.940626E+05 -4.496113E+03 -1.624969E+05 -1.423390E+04  1.290784E+04 _shell_0000000456   
       456   7 -2.803181E+05 -2.686968E+05  6.500805E+03 -1.753990E+05 -1.368615E+04  1.238468E+04 _shell_0000000456   
       456   8 -2.864463E+05 -2.892001E+05  3.607209E+02 -1.696999E+05 -4.712849E+03  1.563179E+03 _shell_0000000456   
       457   1  3.219513E+05  3.093966E+05  9.985241E+02  1.477408E+05 -3.181352E+03  2.703126E+03 _shell_0000000457   
       457   2  3.272719E+05  3.272598E+05  6.326209E+03  1.414858E+05 -1.302968E+04  1.302968E+04 _shell_0000000457   
       457   3  3.040644E+05  3.040611E+05 -4.322363E+03  1.539953E+05 -1.255453E+04  1.255453E+04 _shell_0000000457   
       457   4  3.093999E+05  3.219391E+05  1.001436E+03  1.477408E+05 -2.703130E+03  3.181347E+03 _shell_0000000457   
       457   5 -3.217357E+05 -3.092716E+05  9.985281E+02 -1.482096E+05 -3.131925E+03  2.668582E+03 _shell_0000000457   
       457   6 -3.270713E+05 -3.270836E+05 -4.330014E+03 -1.419551E+05 -1.298359E+04  1.298359E+04 _shell_0000000457   
       457   7 -3.039474E+05 -3.039508E+05  6.333868E+03 -1.544645E+05 -1.251713E+04  1.251713E+04 _shell_0000000457   
       457   8 -3.092681E+05 -3.217479E+05  1.001438E+03 -1.482096E+05 -2.668586E+03  3.131920E+03 _shell_0000000457   
       458   1  3.417804E+05  3.399092E+05  1.604415E+03  1.260734E+05 -1.289145E+03  4.283255E+03 _shell_0000000458   
       458   2  3.462553E+05  3.549373E+05  6.085571E+03  1.193874E+05 -1.181603E+04  1.295939E+04 _shell_0000000458   
       458   3  3.226599E+05  3.342074E+05 -4.082411E+03  1.313341E+05 -1.142272E+04  1.257018E+04 _shell_0000000458   
       458   4  3.271481E+05  3.492491E+05  3.949719E+02  1.246488E+05 -8.930010E+02  4.676345E+03 _shell_0000000458   
       458   5 -3.415341E+05 -3.396637E+05  3.909435E+02 -1.264773E+05 -1.246334E+03  4.221945E+03 _shell_0000000458   
       458   6 -3.460224E+05 -3.546430E+05 -4.091141E+03 -1.197921E+05 -1.177631E+04  1.288746E+04 _shell_0000000458   
       458   7 -3.225221E+05 -3.339754E+05  6.094304E+03 -1.317386E+05 -1.139093E+04  1.250518E+04 _shell_0000000458   
       458   8 -3.269972E+05 -3.489410E+05  1.608446E+03 -1.250528E+05 -8.638421E+02  4.600294E+03 _shell_0000000458   
       459   1  3.570389E+05  3.650973E+05  2.178252E+03  1.030644E+05  4.060852E+02  5.741334E+03 _shell_0000000459   
       459   2  3.606419E+05  3.771996E+05  5.786442E+03  9.605425E+04 -1.063116E+04  1.272395E+04 _shell_0000000459   
       459   3  3.369914E+05  3.591203E+05 -3.783830E+03  1.073002E+05 -1.031900E+04  1.241486E+04 _shell_0000000459   
       459   4  3.406056E+05  3.712345E+05 -1.789956E+02  1.002910E+05  7.208346E+02  6.055012E+03 _shell_0000000459   
       459   5 -3.567646E+05 -3.647399E+05 -1.841520E+02 -1.033929E+05  4.412396E+02  5.656004E+03 _shell_0000000459   
       459   6 -3.603789E+05 -3.768001E+05 -3.793344E+03 -9.638394E+04 -1.059885E+04  1.262947E+04 _shell_0000000459   
       459   7 -3.368317E+05 -3.587747E+05  5.795956E+03 -1.076296E+05 -1.029334E+04  1.232509E+04 _shell_0000000459   
       459   8 -3.404349E+05 -3.708231E+05  2.183407E+03 -1.006198E+05  7.441106E+02  5.955741E+03 _shell_0000000459   
       460   1  3.683766E+05  3.849843E+05  2.722335E+03  7.905902E+04  1.942619E+03  7.076643E+03 _shell_0000000460   
       460   2  3.710908E+05  3.941022E+05  5.440515E+03  7.181503E+04 -9.462845E+03  1.233424E+04 _shell_0000000460   
       460   3  3.476609E+05  3.788094E+05 -3.438390E+03  8.224993E+04 -9.230589E+03  1.210499E+04 _shell_0000000460   
       460   4  3.503838E+05  3.879366E+05 -7.229257E+02  7.500697E+04  2.177256E+03  7.311056E+03 _shell_0000000460   
       460   5 -3.680788E+05 -3.845320E+05 -7.292783E+02 -7.930331E+04  1.969541E+03  6.971166E+03 _shell_0000000460   
       460   6 -3.708018E+05 -3.936170E+05 -3.448308E+03 -7.206070E+04 -9.438554E+03  1.222153E+04 _shell_0000000460   
       460   7 -3.474809E+05 -3.783665E+05  5.450428E+03 -8.249521E+04 -9.211197E+03  1.199446E+04 _shell_0000000460   
       460   8 -3.501952E+05 -3.874421E+05  2.728682E+03 -7.525158E+04  2.194467E+03  7.193010E+03 _shell_0000000460   
       461   1  3.762751E+05  3.995998E+05  3.239274E+03  5.434836E+04  3.354618E+03  8.284120E+03 _shell_0000000461   
       461   2  3.780897E+05  4.056962E+05  5.056708E+03  4.694724E+04 -8.298270E+03  1.179804E+04 _shell_0000000461   
       461   3  3.551111E+05  3.932925E+05 -3.055042E+03  5.648156E+04 -8.144618E+03  1.164711E+04 _shell_0000000461   
       461   4  3.569317E+05  3.993954E+05 -1.239539E+03  4.908156E+04  3.510486E+03  8.440645E+03 _shell_0000000461   
       461   5 -3.759606E+05 -3.990755E+05 -1.247097E+03 -5.450120E+04  3.373031E+03  8.163249E+03 _shell_0000000461   
       461   6 -3.777813E+05 -4.051494E+05 -3.064946E+03 -4.710161E+04 -8.282320E+03  1.167216E+04 _shell_0000000461   
       461   7 -3.549151E+05 -3.927747E+05  5.066603E+03 -5.663551E+04 -8.131472E+03  1.152071E+04 _shell_0000000461   
       461   8 -3.567298E+05 -3.988422E+05  3.246823E+03 -4.923478E+04  3.521614E+03  8.309049E+03 _shell_0000000461   
       462   1  3.810660E+05  4.089695E+05  3.731044E+03  2.918210E+04  4.672006E+03  9.361892E+03 _shell_0000000462   
       462   2  3.819747E+05  4.120226E+05  4.641471E+03  2.169068E+04 -7.123071E+03  1.112131E+04 _shell_0000000462   
       462   3  3.596453E+05  4.025869E+05 -2.640262E+03  3.025012E+04 -7.047019E+03  1.104764E+04 _shell_0000000462   
       462   4  3.605571E+05  4.056433E+05 -1.730888E+03  2.275988E+04  4.750169E+03  9.441414E+03 _shell_0000000462   
       462   5 -3.807435E+05 -4.083992E+05 -1.739559E+03 -2.923868E+04  4.681806E+03  9.231007E+03 _shell_0000000462   
       462   6 -3.816553E+05 -4.114410E+05 -2.649723E+03 -2.174888E+04 -7.115627E+03  1.098785E+04 _shell_0000000462   
       462   7 -3.594399E+05 -4.020199E+05  4.650921E+03 -3.030788E+04 -7.040025E+03  1.091092E+04 _shell_0000000462   
       462   8 -3.603487E+05 -4.050585E+05  3.739703E+03 -2.281689E+04  4.755248E+03  9.302027E+03 _shell_0000000462   
       463   1  3.829430E+05  4.131089E+05  4.198503E+03  3.780778E+03  5.920707E+03  1.030828E+04 _shell_0000000463   
       463   2  3.829430E+05  4.131087E+05  4.199048E+03 -3.740081E+03 -5.920721E+03  1.030829E+04 _shell_0000000463   
       463   3  3.614399E+05  4.067029E+05 -2.198295E+03  3.780175E+03 -5.921743E+03  1.031125E+04 _shell_0000000463   
       463   4  3.614399E+05  4.067027E+05 -2.197882E+03 -3.739478E+03  5.921760E+03  1.031126E+04 _shell_0000000463   
       463   5 -3.826226E+05 -4.125207E+05 -2.207458E+03 -3.739287E+03  5.921881E+03  1.017315E+04 _shell_0000000463   
       463   6 -3.826226E+05 -4.125209E+05 -2.206914E+03  3.779925E+03 -5.921866E+03  1.017314E+04 _shell_0000000463   
       463   7 -3.612336E+05 -4.061147E+05  4.207654E+03 -3.739890E+03 -5.920818E+03  1.017015E+04 _shell_0000000463   
       463   8 -3.612337E+05 -4.061150E+05  4.208066E+03  3.780528E+03  5.920805E+03  1.017014E+04 _shell_0000000463   
       464   1  3.819689E+05  4.120203E+05  4.641061E+03 -2.165076E+04  7.123058E+03  1.112130E+04 _shell_0000000464   
       464   2  3.810602E+05  4.089667E+05  3.731740E+03 -2.914218E+04 -4.672021E+03  9.361909E+03 _shell_0000000464   
       464   3  3.605519E+05  4.056411E+05 -1.731433E+03 -2.271996E+04 -4.750153E+03  9.441400E+03 _shell_0000000464   
       464   4  3.596400E+05  4.025841E+05 -2.639963E+03 -3.021020E+04  7.047035E+03  1.104765E+04 _shell_0000000464   
       464   5 -3.816612E+05 -4.114433E+05 -2.650133E+03  2.178874E+04  7.115643E+03  1.098787E+04 _shell_0000000464   
       464   6 -3.807494E+05 -4.084019E+05 -1.738864E+03  2.927854E+04 -4.681791E+03  9.230994E+03 _shell_0000000464   
       464   7 -3.603540E+05 -4.050608E+05  3.739159E+03  2.285675E+04 -4.755261E+03  9.302043E+03 _shell_0000000464   
       464   8 -3.594453E+05 -4.020228E+05  4.651219E+03  3.034774E+04  7.040013E+03  1.091091E+04 _shell_0000000464   
       465   1  3.780779E+05  4.056911E+05  5.056431E+03 -4.690974E+04  8.298257E+03  1.179803E+04 _shell_0000000465   
       465   2  3.762634E+05  3.995938E+05  3.240146E+03 -5.431086E+04 -3.354633E+03  8.284137E+03 _shell_0000000465   
       465   3  3.569210E+05  3.993903E+05 -1.240248E+03 -4.904406E+04 -3.510472E+03  8.440633E+03 _shell_0000000465   
       465   4  3.551003E+05  3.932865E+05 -3.054857E+03 -5.644406E+04  8.144634E+03  1.164712E+04 _shell_0000000465   
       465   5 -3.777931E+05 -4.051545E+05 -3.065223E+03  4.713905E+04  8.282336E+03  1.167218E+04 _shell_0000000465   
       465   6 -3.759724E+05 -3.990815E+05 -1.246227E+03  5.453865E+04 -3.373017E+03  8.163237E+03 _shell_0000000465   
       465   7 -3.567407E+05 -3.988472E+05  3.246115E+03  4.927223E+04 -3.521627E+03  8.309065E+03 _shell_0000000465   
       465   8 -3.549260E+05 -3.927808E+05  5.066788E+03  5.667295E+04  8.131460E+03  1.152070E+04 _shell_0000000465   
       466   1  3.710729E+05  3.940933E+05  5.440388E+03 -7.178184E+04  9.462832E+03  1.233423E+04 _shell_0000000466   
       466   2  3.683588E+05  3.849736E+05  2.723411E+03 -7.902582E+04 -1.942633E+03  7.076658E+03 _shell_0000000466   
       466   3  3.503670E+05  3.879278E+05 -7.238435E+02 -7.497377E+04 -2.177243E+03  7.311045E+03 _shell_0000000466   
       466   4  3.476440E+05  3.787987E+05 -3.438339E+03 -8.221673E+04  9.230604E+03  1.210500E+04 _shell_0000000466   
       466   5 -3.708198E+05 -3.936259E+05 -3.448436E+03  7.209385E+04  9.438568E+03  1.222154E+04 _shell_0000000466   
       466   6 -3.680968E+05 -3.845427E+05 -7.282035E+02  7.933646E+04 -1.969529E+03  6.971156E+03 _shell_0000000466   
       466   7 -3.502121E+05 -3.874510E+05  2.727766E+03  7.528472E+04 -2.194480E+03  7.193026E+03 _shell_0000000466   
       466   8 -3.474979E+05 -3.783772E+05  5.450480E+03  8.252836E+04  9.211185E+03  1.199445E+04 _shell_0000000466   
       467   1  3.606178E+05  3.771852E+05  5.786501E+03 -9.602763E+04  1.063115E+04  1.272394E+04 _shell_0000000467   
       467   2  3.570148E+05  3.650798E+05  2.179549E+03 -1.030378E+05 -4.060988E+02  5.741347E+03 _shell_0000000467   
       467   3  3.405821E+05  3.712201E+05 -1.801698E+02 -1.002644E+05 -7.208252E+02  6.055003E+03 _shell_0000000467   
       467   4  3.369678E+05  3.591027E+05 -3.783965E+03 -1.072736E+05  1.031902E+04  1.241487E+04 _shell_0000000467   
       467   5 -3.604032E+05 -3.768145E+05 -3.793287E+03  9.641051E+04  1.059886E+04  1.262948E+04 _shell_0000000467   
       467   6 -3.567888E+05 -3.647575E+05 -1.828570E+02  1.034195E+05 -4.412312E+02  5.655995E+03 _shell_0000000467   
       467   7 -3.404586E+05 -3.708375E+05  2.182235E+03  1.006463E+05 -7.441233E+02  5.955754E+03 _shell_0000000467   
       467   8 -3.368555E+05 -3.587923E+05  5.795822E+03  1.076562E+05  1.029333E+04  1.232508E+04 _shell_0000000467   
       468   1  3.462251E+05  3.549146E+05  6.085878E+03 -1.193701E+05  1.181602E+04  1.295938E+04 _shell_0000000468   
       468   2  3.417502E+05  3.398811E+05  1.605909E+03 -1.260561E+05  1.289134E+03  4.283262E+03 _shell_0000000468   
       468   3  3.271174E+05  3.492264E+05  3.935076E+02 -1.246315E+05  8.930049E+02  4.676339E+03 _shell_0000000468   
       468   4  3.226292E+05  3.341792E+05 -4.082817E+03 -1.313168E+05  1.142272E+04  1.257018E+04 _shell_0000000468   
       468   5 -3.460528E+05 -3.546658E+05 -4.090836E+03  1.198094E+05  1.177631E+04  1.288746E+04 _shell_0000000468   
       468   6 -3.415645E+05 -3.396919E+05  3.924361E+02  1.264945E+05  1.246337E+03  4.221939E+03 _shell_0000000468   
       468   7 -3.270281E+05 -3.489638E+05  1.606983E+03  1.250701E+05  8.638317E+02  4.600302E+03 _shell_0000000468   
       468   8 -3.225531E+05 -3.340036E+05  6.093900E+03  1.317559E+05  1.139093E+04  1.250517E+04 _shell_0000000468   
       469   1  3.272365E+05  3.272244E+05  6.326845E+03 -1.414809E+05  1.302968E+04  1.302968E+04 _shell_0000000469   
       469   2  3.219159E+05  3.093521E+05  1.000102E+03 -1.477359E+05  3.181346E+03  2.703125E+03 _shell_0000000469   
       469   3  3.093620E+05  3.219038E+05  9.996949E+02 -1.477359E+05  2.703126E+03  3.181345E+03 _shell_0000000469   
       469   4  3.040266E+05  3.040167E+05 -4.323177E+03 -1.539905E+05  1.255453E+04  1.255453E+04 _shell_0000000469   
       469   5 -3.271069E+05 -3.271189E+05 -4.329381E+03  1.419599E+05  1.298359E+04  1.298359E+04 _shell_0000000469   
       469   6 -3.217713E+05 -3.093160E+05  1.000104E+03  1.482144E+05  3.131920E+03  2.668579E+03 _shell_0000000469   
       469   7 -3.093062E+05 -3.217833E+05  9.996988E+02  1.482144E+05  2.668580E+03  3.131920E+03 _shell_0000000469   
       469   8 -3.039854E+05 -3.039952E+05  6.333056E+03  1.544693E+05  1.251713E+04  1.251713E+04 _shell_0000000469   
       470   1  3.028011E+05  2.940633E+05  6.495590E+03 -1.619861E+05  1.428469E+04  1.292607E+04 _shell_0000000470   
       470   2  2.966731E+05  2.734832E+05  3.605801E+02 -1.676851E+05  5.311603E+03  1.048668E+03 _shell_0000000470   
       470   3  2.865166E+05  2.892163E+05  1.640068E+03 -1.691892E+05  4.751753E+03  1.583883E+03 _shell_0000000470   
       470   4  2.803730E+05  2.686210E+05 -4.491193E+03 -1.748882E+05  1.372812E+04  1.239305E+04 _shell_0000000470   
       470   5 -3.027110E+05 -2.941170E+05 -4.495080E+03  1.624865E+05  1.423388E+04  1.290782E+04 _shell_0000000470   
       470   6 -2.965672E+05 -2.736130E+05  1.641802E+03  1.681855E+05  5.257256E+03  1.042264E+03 _shell_0000000470   
       470   7 -2.864900E+05 -2.892546E+05  3.588544E+02  1.696895E+05  4.712852E+03  1.563164E+03 _shell_0000000470   
       470   8 -2.803618E+05 -2.687658E+05  6.499486E+03  1.753886E+05  1.368616E+04  1.238468E+04 _shell_0000000470   
       471   1  2.718347E+05  2.553983E+05  6.573418E+03 -1.803896E+05  1.559783E+04  1.261374E+04 _shell_0000000471   
       471   2  2.649596E+05  2.323166E+05 -3.089399E+02 -1.853899E+05  7.724753E+03 -8.463013E+02 _shell_0000000471   
       471   3  2.575478E+05  2.511460E+05  2.311108E+03 -1.884694E+05  7.085748E+03 -1.097292E+02 _shell_0000000471   
       471   4  2.506572E+05  2.280497E+05 -4.568065E+03 -1.934700E+05  1.496224E+04  1.187847E+04 _shell_0000000471   
       471   5 -2.717776E+05 -2.556187E+05 -4.569197E+03  1.808911E+05  1.554484E+04  1.262381E+04 _shell_0000000471   
       471   6 -2.648869E+05 -2.326150E+05  2.314195E+03  1.858920E+05  7.668079E+03 -8.248563E+02 _shell_0000000471   
       471   7 -2.575427E+05 -2.513515E+05 -3.120177E+02  1.889711E+05  7.044243E+03 -1.012355E+02 _shell_0000000471   
       471   8 -2.506676E+05 -2.283624E+05  6.574559E+03  1.939717E+05  1.491755E+04  1.189885E+04 _shell_0000000471   
       472   1  2.330475E+05  2.112438E+05  6.553627E+03 -1.964801E+05  1.698080E+04  1.218328E+04 _shell_0000000472   
       472   2  2.254883E+05  1.858761E+05 -1.012660E+03 -2.006260E+05  1.045307E+04 -1.950382E+03 _shell_0000000472   
       472   3  2.212027E+05  2.077185E+05  3.017078E+03 -2.053622E+05  9.741864E+03 -1.804437E+03 _shell_0000000472   
       472   4  2.136290E+05  1.823377E+05 -4.547163E+03 -2.095088E+05  1.627303E+04  1.203778E+04 _shell_0000000472   
       472   5 -2.330147E+05 -2.116269E+05 -4.544892E+03  1.969586E+05  1.692928E+04  1.222048E+04 _shell_0000000472   
       472   6 -2.254409E+05 -1.863319E+05  3.021830E+03  2.011053E+05  1.039785E+04 -1.903121E+03 _shell_0000000472   
       472   7 -2.212103E+05 -2.080881E+05 -1.017404E+03  2.058413E+05  9.700531E+03 -1.767934E+03 _shell_0000000472   
       472   8 -2.136510E+05 -1.828063E+05  6.551364E+03  2.099873E+05  1.622850E+04  1.208482E+04 _shell_0000000472   
       473   1  1.845921E+05  1.616422E+05  6.358289E+03 -2.082268E+05  1.850581E+04  1.104681E+04 _shell_0000000473   
       473   2  1.765637E+05  1.347155E+05 -1.675768E+03 -2.113570E+05  1.357596E+04 -7.540816E+03 _shell_0000000473   
       473   3  1.756457E+05  1.589800E+05  3.683451E+03 -2.176582E+05  1.280162E+04 -3.806632E+03 _shell_0000000473   
       473   4  1.676050E+05  1.320427E+05 -4.350327E+03 -2.207896E+05  1.773487E+04  7.312330E+03 _shell_0000000473   
       473   5 -1.845742E+05 -1.621686E+05 -4.343970E+03  2.086498E+05  1.846061E+04  1.110743E+04 _shell_0000000473   
       473   6 -1.765335E+05 -1.352984E+05  3.691144E+03  2.117828E+05  1.352709E+04 -7.472398E+03 _shell_0000000473   
       473   7 -1.756588E+05 -1.594954E+05 -1.683456E+03  2.180823E+05  1.276434E+04 -3.745925E+03 _shell_0000000473   
       473   8 -1.676303E+05 -1.326359E+05  6.351937E+03  2.212141E+05  1.769443E+04  7.381235E+03 _shell_0000000473   
       474   1  1.257894E+05  1.069548E+05  6.303024E+03 -2.231818E+05  1.997936E+04  1.224054E+04 _shell_0000000474   
       474   2  1.168996E+05  7.716166E+04 -2.589973E+03 -2.251677E+05  1.685670E+04  1.083573E+04 _shell_0000000474   
       474   3  1.201176E+05  1.052689E+05  4.601538E+03 -2.336222E+05  1.604413E+04 -4.202737E+03 _shell_0000000474   
       474   4  1.112187E+05  7.546796E+04 -4.293623E+03 -2.356098E+05  1.916972E+04  2.727806E+04 _shell_0000000474   
       474   5 -1.257776E+05 -1.075876E+05 -4.281349E+03  2.234988E+05  1.994681E+04  1.232208E+04 _shell_0000000474   
       474   6 -1.168786E+05 -7.782708E+04  4.614408E+03  2.254807E+05  1.682093E+04  1.092209E+04 _shell_0000000474   
       474   7 -1.201337E+05 -1.058935E+05 -2.602841E+03  2.339408E+05  1.601631E+04 -4.120392E+03 _shell_0000000474   
       474   8 -1.112439E+05 -7.614079E+04  6.290753E+03  2.359210E+05  1.913924E+04  2.736551E+04 _shell_0000000474   
       475   1  4.789098E+04  4.648160E+04  4.646689E+03 -1.979817E+05  2.270297E+04 -4.990258E+02 _shell_0000000475   
       475   2  4.121283E+04  2.411909E+04 -2.031458E+03 -1.986443E+05  2.163306E+04 -9.819714E+04 _shell_0000000475   
       475   3  4.593006E+04  4.590387E+04  4.048143E+03 -2.058233E+05  2.077326E+04 -1.284956E+04 _shell_0000000475   
       475   4  3.924722E+04  2.353734E+04 -2.635763E+03 -2.064874E+05  2.184736E+04 -8.584751E+04 _shell_0000000475   
       475   5 -4.787722E+04 -4.716593E+04 -2.613717E+03  1.981161E+05  2.269159E+04 -4.187399E+02 _shell_0000000475   
       475   6 -4.119440E+04 -2.479821E+04  4.069113E+03  1.988150E+05  2.161734E+04 -9.811639E+04 _shell_0000000475   
       475   7 -4.595522E+04 -4.658382E+04 -2.052428E+03  2.059591E+05  2.076247E+04 -1.276840E+04 _shell_0000000475   
       475   8 -3.927708E+04 -2.422012E+04  4.624642E+03  2.066566E+05  2.183253E+04 -8.576581E+04 _shell_0000000475   
       476   1  3.788437E+04  2.304217E+04 -1.801809E+03  2.294287E+05 -1.997195E+04 -1.117322E+05 _shell_0000000476   
       476   2  4.422588E+04  4.421020E+04  4.539142E+03  2.286241E+05 -2.126383E+04 -1.717035E+03 _shell_0000000476   
       476   3  3.550976E+04  2.233972E+04 -2.533846E+03  2.368760E+05 -2.023759E+04 -1.000037E+05 _shell_0000000476   
       476   4  4.185652E+04  4.351234E+04  3.814164E+03  2.360718E+05 -1.894021E+04 -1.344515E+04 _shell_0000000476   
       476   5 -3.785626E+04 -2.276352E+04  3.841985E+03 -2.296395E+05 -1.996046E+04 -1.116496E+05 _shell_0000000476   
       476   6 -4.420303E+04 -4.407365E+04 -2.505343E+03 -2.287998E+05 -2.125802E+04 -1.634779E+03 _shell_0000000476   
       476   7 -3.554159E+04 -2.206528E+04  4.510641E+03 -2.370872E+05 -2.022686E+04 -9.992144E+04 _shell_0000000476   
       476   8 -4.188311E+04 -4.337081E+04 -1.829629E+03 -2.362471E+05 -1.893481E+04 -1.336326E+04 _shell_0000000476   
       477   1  1.070771E+05  7.266794E+04 -2.174911E+03  2.600213E+05 -1.508222E+04  1.431692E+04 _shell_0000000477   
       477   2  1.154715E+05  1.007386E+05  6.221858E+03  2.576417E+05 -1.882264E+04  1.260668E+04 _shell_0000000477   
       477   3  1.002766E+05  7.063940E+04 -4.216712E+03  2.698812E+05 -1.785475E+04  2.984509E+04 _shell_0000000477   
       477   4  1.086811E+05  9.871890E+04  4.183695E+03  2.675023E+05 -1.411072E+04 -2.920835E+03 _shell_0000000477   
       477   5 -1.070445E+05 -7.260720E+04  4.200197E+03 -2.604290E+05 -1.506014E+04  1.440496E+04 _shell_0000000477   
       477   6 -1.154490E+05 -1.007763E+05 -4.201935E+03 -2.580559E+05 -1.880448E+04  1.268988E+04 _shell_0000000477   
       477   7 -1.002907E+05 -7.058704E+04  6.207090E+03 -2.702896E+05 -1.783798E+04  2.993261E+04 _shell_0000000477   
       477   8 -1.086852E+05 -9.874735E+04 -2.191404E+03 -2.679157E+05 -1.409726E+04 -2.838442E+03 _shell_0000000477   
       478   1  1.608132E+05  1.262900E+05 -1.176099E+03  2.437012E+05 -1.172383E+04 -6.837746E+03 _shell_0000000478   
       478   2  1.683419E+05  1.514895E+05  6.358458E+03  2.399802E+05 -1.758216E+04  1.143571E+04 _shell_0000000478   
       478   3  1.501776E+05  1.231143E+05 -4.353140E+03  2.525467E+05 -1.668469E+04  7.093190E+03 _shell_0000000478   
       478   4  1.577195E+05  1.483256E+05  3.182288E+03  2.488265E+05 -1.082245E+04 -2.494176E+03 _shell_0000000478   
       478   5 -1.607725E+05 -1.263632E+05  3.189228E+03 -2.442365E+05 -1.169540E+04 -6.768753E+03 _shell_0000000478   
       478   6 -1.683146E+05 -1.516179E+05 -4.346963E+03 -2.405147E+05 -1.755793E+04  1.149670E+04 _shell_0000000478   
       478   7 -1.501826E+05 -1.231989E+05  6.352295E+03 -2.530828E+05 -1.666490E+04  7.161326E+03 _shell_0000000478   
       478   8 -1.577114E+05 -1.484418E+05 -1.183026E+03 -2.493602E+05 -1.080631E+04 -2.434448E+03 _shell_0000000478   
       479   1  2.044369E+05  1.736330E+05 -4.384294E+02  2.309404E+05 -8.600107E+03 -3.684576E+02 _shell_0000000479   
       479   2  2.114695E+05  1.971985E+05  6.603086E+03  2.260576E+05 -1.628734E+04  1.285239E+04 _shell_0000000479   
       479   3  1.904837E+05  1.694669E+05 -4.598029E+03  2.392048E+05 -1.546858E+04  1.264744E+04 _shell_0000000479   
       479   4  1.975315E+05  1.930465E+05  2.442115E+03  2.343226E+05 -7.777754E+03 -1.619404E+02 _shell_0000000479   
       479   5 -2.043912E+05 -1.737624E+05  2.442589E+03 -2.315117E+05 -8.570383E+03 -3.218443E+02 _shell_0000000479   
       479   6 -2.114392E+05 -1.973363E+05 -4.596454E+03 -2.266294E+05 -1.626149E+04  1.288859E+04 _shell_0000000479   
       479   7 -1.904953E+05 -1.696101E+05  6.601527E+03 -2.397768E+05 -1.544988E+04  1.269272E+04 _shell_0000000479   
       479   8 -1.975281E+05 -1.931697E+05 -4.388863E+02 -2.348937E+05 -7.762389E+03 -1.275670E+02 _shell_0000000479   
       480   1  2.393303E+05  2.163300E+05  3.089628E+02  2.130169E+05 -5.925302E+03  8.706491E+02 _shell_0000000480   
       480   2  2.456757E+05  2.376131E+05  6.664820E+03  2.071795E+05 -1.511601E+04  1.348828E+04 _shell_0000000480   
       480   3  2.226451E+05  2.113500E+05 -4.660072E+03  2.204751E+05 -1.439052E+04  1.261726E+04 _shell_0000000480   
       480   4  2.290066E+05  2.326485E+05  1.692889E+03  2.146382E+05 -5.196605E+03  1.743816E+03 _shell_0000000480   
       480   5 -2.392842E+05 -2.164385E+05  1.690074E+03 -2.135791E+05 -5.897077E+03  8.901355E+02 _shell_0000000480   
       480   6 -2.456459E+05 -2.376966E+05 -4.661140E+03 -2.077420E+05 -1.509128E+04  1.349597E+04 _shell_0000000480   
       480   7 -2.226758E+05 -2.114737E+05  6.665905E+03 -2.210378E+05 -1.437468E+04  1.263484E+04 _shell_0000000480   
       480   8 -2.290214E+05 -2.327162E+05  3.117942E+02 -2.152003E+05 -5.183724E+03  1.749083E+03 _shell_0000000480   
       481   1  2.671882E+05  2.539426E+05  9.982337E+02  1.923434E+05 -3.602388E+03  2.970444E+03 _shell_0000000481   
       481   2  2.728049E+05  2.727947E+05  6.625500E+03  1.857403E+05 -1.399923E+04  1.399923E+04 _shell_0000000481   
       481   3  2.483094E+05  2.483100E+05 -4.621031E+03  1.989462E+05 -1.337001E+04  1.337001E+04 _shell_0000000481   
       481   4  2.539420E+05  2.671780E+05  1.002548E+03  1.923434E+05 -2.970445E+03  3.602384E+03 _shell_0000000481   
       481   5 -2.671427E+05 -2.539766E+05  9.982413E+02 -1.928719E+05 -3.577496E+03  2.960827E+03 _shell_0000000481   
       481   6 -2.727755E+05 -2.727858E+05 -4.623956E+03 -1.862691E+05 -1.397734E+04  1.397734E+04 _shell_0000000481   
       481   7 -2.483603E+05 -2.483598E+05  6.628439E+03 -1.994751E+05 -1.335792E+04  1.335791E+04 _shell_0000000481   
       481   8 -2.539772E+05 -2.671530E+05  1.002555E+03 -1.928719E+05 -2.960828E+03  3.577492E+03 _shell_0000000481   
       482   1  2.892594E+05  2.865374E+05  1.638380E+03  1.691993E+05 -1.583894E+03  4.751746E+03 _shell_0000000482   
       482   2  2.941065E+05  3.028140E+05  6.495165E+03  1.619962E+05 -1.292608E+04  1.428469E+04 _shell_0000000482   
       482   3  2.686611E+05  2.803937E+05 -4.490737E+03  1.748983E+05 -1.239305E+04  1.372811E+04 _shell_0000000482   
       482   4  2.735233E+05  2.966859E+05  3.621730E+02  1.676952E+05 -1.048664E+03  5.311609E+03 _shell_0000000482   
       482   5 -2.892113E+05 -2.864691E+05  3.571671E+02 -1.696794E+05 -1.563161E+03  4.712859E+03 _shell_0000000482   
       482   6 -2.940737E+05 -3.026981E+05 -4.495503E+03 -1.624764E+05 -1.290782E+04  1.423388E+04 _shell_0000000482   
       482   7 -2.687255E+05 -2.803409E+05  6.499940E+03 -1.753785E+05 -1.238469E+04  1.368617E+04 _shell_0000000482   
       482   8 -2.735727E+05 -2.965543E+05  1.643395E+03 -1.681754E+05 -1.042274E+03  5.257248E+03 _shell_0000000482   
       483   1  3.065463E+05  3.141486E+05  2.229575E+03  1.441795E+05  1.834165E+02  6.416327E+03 _shell_0000000483   
       483   2  3.106024E+05  3.277729E+05  6.293908E+03  1.365175E+05 -1.188174E+04  1.438257E+04 _shell_0000000483   
       483   3  2.846340E+05  3.076146E+05 -4.289306E+03  1.489491E+05 -1.144355E+04  1.392919E+04 _shell_0000000483   
       483   4  2.887036E+05  3.212532E+05 -2.286603E+02  1.412870E+05  6.232889E+02  6.873493E+03 _shell_0000000483   
       483   5 -3.064911E+05 -3.139718E+05 -2.343617E+02 -1.445985E+05  1.998227E+02  6.349709E+03 _shell_0000000483   
       483   6 -3.105609E+05 -3.275515E+05 -4.295909E+03 -1.369366E+05 -1.186728E+04  1.430504E+04 _shell_0000000483   
       483   7 -2.847017E+05 -3.074520E+05  6.300512E+03 -1.493680E+05 -1.143844E+04  1.385898E+04 _shell_0000000483   
       483   8 -2.887580E+05 -3.210174E+05  2.235277E+03 -1.417062E+05  6.269436E+02  6.791930E+03 _shell_0000000483   
       484   1  3.198229E+05  3.368493E+05  2.777028E+03  1.177267E+05  1.747051E+03  7.916723E+03 _shell_0000000484   
       484   2  3.230757E+05  3.477775E+05  6.036496E+03  1.097234E+05 -1.085600E+04  1.430142E+04 _shell_0000000484   
       484   3  2.969337E+05  3.300254E+05 -4.031718E+03  1.215523E+05 -1.051001E+04  1.394292E+04 _shell_0000000484   
       484   4  3.001980E+05  3.409660E+05 -7.754683E+02  1.135485E+05  2.094248E+03  8.279433E+03 _shell_0000000484   
       484   5 -3.197572E+05 -3.365720E+05 -7.820452E+02 -1.180719E+05  1.759374E+03  7.825308E+03 _shell_0000000484   
       484   6 -3.230217E+05 -3.474624E+05 -4.039855E+03 -1.100684E+05 -1.084515E+04  1.420064E+04 _shell_0000000484   
       484   7 -2.969974E+05 -3.297604E+05  6.044626E+03 -1.218971E+05 -1.050737E+04  1.384745E+04 _shell_0000000484   
       484   8 -3.002504E+05 -3.406386E+05  2.783598E+03 -1.138940E+05  2.095898E+03  8.174227E+03 _shell_0000000484   
       485   1  3.296772E+05  3.547161E+05  3.286479E+03  9.022104E+04  3.149290E+03  9.259301E+03 _shell_0000000485   
       485   2  3.321204E+05  3.629249E+05  5.734611E+03  8.197339E+04 -9.838829E+03  1.405168E+04 _shell_0000000485   
       485   3  3.060896E+05  3.476853E+05 -3.729721E+03  9.309470E+04 -9.582238E+03  1.378648E+04 _shell_0000000485   
       485   4  3.085416E+05  3.559039E+05 -1.284166E+03  8.484640E+04  3.406703E+03  9.529082E+03 _shell_0000000485   
       485   5 -3.296006E+05 -3.543541E+05 -1.291756E+03 -9.048044E+04  3.157976E+03  9.147154E+03 _shell_0000000485   
       485   6 -3.320528E+05 -3.625340E+05 -3.738961E+03 -8.223250E+04 -9.831223E+03  1.393215E+04 _shell_0000000485   
       485   7 -3.061453E+05 -3.473331E+05  5.743837E+03 -9.335348E+04 -9.581214E+03  1.366987E+04 _shell_0000000485   
       485   8 -3.085886E+05 -3.555032E+05  3.294055E+03 -8.510620E+04  3.407121E+03  9.404805E+03 _shell_0000000485   
       486   1  3.365402E+05  3.678172E+05  3.763151E+03  6.197568E+04  4.426131E+03  1.044414E+04 _shell_0000000486   
       486   2  3.381703E+05  3.732945E+05  5.396630E+03  5.356476E+04 -8.819350E+03  1.364025E+04 _shell_0000000486   
       486   3  3.124864E+05  3.606487E+05 -3.391754E+03  6.389328E+04 -8.649754E+03  1.346573E+04 _shell_0000000486   
       486   4  3.141226E+05  3.661328E+05 -1.760101E+03  5.548154E+04  4.596254E+03  1.062349E+04 _shell_0000000486   
       486   5 -3.364548E+05 -3.673913E+05 -1.768709E+03 -6.213927E+04  4.431662E+03  1.031619E+04 _shell_0000000486   
       486   6 -3.380911E+05 -3.728491E+05 -3.401587E+03 -5.372795E+04 -8.814601E+03  1.350719E+04 _shell_0000000486   
       486   7 -3.125340E+05 -3.602296E+05  5.406443E+03 -6.405608E+04 -8.649575E+03  1.333302E+04 _shell_0000000486   
       486   8 -3.141642E+05 -3.656807E+05  3.771740E+03 -5.564558E+04  4.596118E+03  1.048547E+04 _shell_0000000486   
       487   1  3.407060E+05  3.762044E+05  4.210995E+03  3.325504E+04  5.607984E+03  1.147362E+04 _shell_0000000487   
       487   2  3.415214E+05  3.789444E+05  5.028237E+03  2.475061E+04 -7.784897E+03  1.307190E+04 _shell_0000000487   
       487   3  3.163864E+05  3.689580E+05 -3.023526E+03  3.421452E+04 -7.700588E+03  1.298637E+04 _shell_0000000487   
       487   4  3.172048E+05  3.717013E+05 -2.207293E+03  2.570917E+04  5.692636E+03  1.156415E+04 _shell_0000000487   
       487   5 -3.406167E+05 -3.757377E+05 -2.216782E+03 -3.331587E+04  5.610766E+03  1.133541E+04 _shell_0000000487   
       487   6 -3.414352E+05 -3.784678E+05 -3.033432E+03 -2.481097E+04 -7.782712E+03  1.293106E+04 _shell_0000000487   
       487   7 -3.164283E+05 -3.684948E+05  5.038119E+03 -3.427444E+04 -7.700661E+03  1.284318E+04 _shell_0000000487   
       487   8 -3.172437E+05 -3.712214E+05  4.220460E+03 -2.577046E+04  5.692429E+03  1.141824E+04 _shell_0000000487   
       488   1  3.423464E+05  3.799098E+05  4.632386E+03  4.290084E+03  6.720418E+03  1.234936E+04 _shell_0000000488   
       488   2  3.423464E+05  3.799099E+05  4.632778E+03 -4.244772E+03 -6.720433E+03  1.234937E+04 _shell_0000000488   
       488   3  3.179416E+05  3.726392E+05 -2.628393E+03  4.290563E+03 -6.720556E+03  1.235188E+04 _shell_0000000488   
       488   4  3.179416E+05  3.726391E+05 -2.628165E+03 -4.245250E+03  6.720578E+03  1.235190E+04 _shell_0000000488   
       488   5 -3.422593E+05 -3.794267E+05 -2.638269E+03 -4.245052E+03  6.720704E+03  1.220680E+04 _shell_0000000488   
       488   6 -3.422593E+05 -3.794267E+05 -2.637878E+03  4.290299E+03 -6.720682E+03  1.220679E+04 _shell_0000000488   
       488   7 -3.179823E+05 -3.721561E+05  4.642238E+03 -4.244574E+03 -6.720537E+03  1.220425E+04 _shell_0000000488   
       488   8 -3.179824E+05 -3.721561E+05  4.642465E+03  4.289821E+03  6.720523E+03  1.220423E+04 _shell_0000000488   
       489   1  3.415172E+05  3.789433E+05  5.027955E+03 -2.470593E+04  7.784882E+03  1.307188E+04 _shell_0000000489   
       489   2  3.407019E+05  3.762034E+05  4.211531E+03 -3.321036E+04 -5.607999E+03  1.147364E+04 _shell_0000000489   
       489   3  3.172018E+05  3.717003E+05 -2.207626E+03 -2.566448E+04 -5.692614E+03  1.156413E+04 _shell_0000000489   
       489   4  3.163833E+05  3.689569E+05 -3.023369E+03 -3.416983E+04  7.700611E+03  1.298639E+04 _shell_0000000489   
       489   5 -3.414395E+05 -3.784689E+05 -3.033714E+03  2.485559E+04  7.782734E+03  1.293108E+04 _shell_0000000489   
       489   6 -3.406209E+05 -3.757388E+05 -2.216247E+03  3.336049E+04 -5.610745E+03  1.133539E+04 _shell_0000000489   
       489   7 -3.172468E+05 -3.712224E+05  4.220129E+03  2.581508E+04 -5.692443E+03  1.141826E+04 _shell_0000000489   
       489   8 -3.164314E+05 -3.684959E+05  5.038276E+03  3.431906E+04  7.700648E+03  1.284316E+04 _shell_0000000489   
       490   1  3.381615E+05  3.732921E+05  5.396441E+03 -5.352205E+04  8.819335E+03  1.364024E+04 _shell_0000000490   
       490   2  3.365315E+05  3.678145E+05  3.763881E+03 -6.193297E+04 -4.426148E+03  1.044416E+04 _shell_0000000490   
       490   3  3.141161E+05  3.661305E+05 -1.760588E+03 -5.543884E+04 -4.596232E+03  1.062347E+04 _shell_0000000490   
       490   4  3.124799E+05  3.606460E+05 -3.391651E+03 -6.385058E+04  8.649777E+03  1.346576E+04 _shell_0000000490   
       490   5 -3.380999E+05 -3.728515E+05 -3.401777E+03  5.377059E+04  8.814622E+03  1.350721E+04 _shell_0000000490   
       490   6 -3.364636E+05 -3.673939E+05 -1.767981E+03  6.218192E+04 -4.431642E+03  1.031617E+04 _shell_0000000490   
       490   7 -3.141707E+05 -3.656831E+05  3.771254E+03  5.568822E+04 -4.596133E+03  1.048549E+04 _shell_0000000490   
       490   8 -3.125406E+05 -3.602323E+05  5.406547E+03  6.409873E+04  8.649561E+03  1.333300E+04 _shell_0000000490   
       491   1  3.321065E+05  3.629205E+05  5.734515E+03 -8.193431E+04  9.838815E+03  1.405167E+04 _shell_0000000491   
       491   2  3.296634E+05  3.547110E+05  3.287464E+03 -9.018196E+04 -3.149308E+03  9.259323E+03 _shell_0000000491   
       491   3  3.085308E+05  3.558995E+05 -1.284876E+03 -8.480731E+04 -3.406683E+03  9.529067E+03 _shell_0000000491   
       491   4  3.060787E+05  3.476801E+05 -3.729674E+03 -9.305562E+04  9.582261E+03  1.378650E+04 _shell_0000000491   
       491   5 -3.320668E+05 -3.625385E+05 -3.739058E+03  8.227154E+04  9.831245E+03  1.393217E+04 _shell_0000000491   
       491   6 -3.296146E+05 -3.543593E+05 -1.290773E+03  9.051947E+04 -3.157957E+03  9.147139E+03 _shell_0000000491   
       491   7 -3.085996E+05 -3.555077E+05  3.293346E+03  8.514523E+04 -3.407137E+03  9.404826E+03 _shell_0000000491   
       491   8 -3.061563E+05 -3.473383E+05  5.743886E+03  9.339252E+04  9.581200E+03  1.366985E+04 _shell_0000000491   
       492   1  3.230558E+05  3.477698E+05  6.036518E+03 -1.096901E+05  1.085598E+04  1.430140E+04 _shell_0000000492   
       492   2  3.198030E+05  3.368400E+05  2.778336E+03 -1.176934E+05 -1.747068E+03  7.916743E+03 _shell_0000000492   
       492   3  3.001813E+05  3.409583E+05 -7.764867E+02 -1.135152E+05 -2.094230E+03  8.279420E+03 _shell_0000000492   
       492   4  2.969170E+05  3.300161E+05 -4.031755E+03 -1.215190E+05  1.051003E+04  1.394294E+04 _shell_0000000492   
       492   5 -3.230417E+05 -3.474702E+05 -4.039834E+03  1.101017E+05  1.084517E+04  1.420066E+04 _shell_0000000492   
       492   6 -3.197772E+05 -3.365812E+05 -7.807390E+02  1.181052E+05 -1.759358E+03  7.825295E+03 _shell_0000000492   
       492   7 -3.002672E+05 -3.406463E+05  2.782582E+03  1.139273E+05 -2.095914E+03  8.174247E+03 _shell_0000000492   
       492   8 -2.970142E+05 -3.297697E+05  6.044591E+03  1.219303E+05  1.050736E+04  1.384743E+04 _shell_0000000492   
       493   1  3.105756E+05  3.277597E+05  6.294108E+03 -1.364929E+05  1.188172E+04  1.438256E+04 _shell_0000000493   
       493   2  3.065196E+05  3.141322E+05  2.231253E+03 -1.441549E+05 -1.834327E+02  6.416344E+03 _shell_0000000493   
       493   3  2.886794E+05  3.212400E+05 -2.300897E+02 -1.412623E+05 -6.232754E+02  6.873481E+03 _shell_0000000493   
       493   4  2.846098E+05  3.075982E+05 -4.289515E+03 -1.489245E+05  1.144357E+04  1.392921E+04 _shell_0000000493   
       493   5 -3.105879E+05 -3.275647E+05 -4.295710E+03  1.369612E+05  1.186730E+04  1.430505E+04 _shell_0000000493   
       493   6 -3.065180E+05 -3.139882E+05 -2.326846E+02  1.446231E+05 -1.998103E+02  6.349697E+03 _shell_0000000493   
       493   7 -2.887823E+05 -3.210306E+05  2.233850E+03  1.417308E+05 -6.269587E+02  6.791947E+03 _shell_0000000493   
       493   8 -2.847261E+05 -3.074684E+05  6.300305E+03  1.493926E+05  1.143843E+04  1.385897E+04 _shell_0000000493   
       494   1  2.940723E+05  3.027917E+05  6.495652E+03 -1.619841E+05  1.292607E+04  1.428469E+04 _shell_0000000494   
       494   2  2.892253E+05  2.865088E+05  1.640413E+03 -1.691872E+05  1.583882E+03  4.751753E+03 _shell_0000000494   
       494   3  2.734899E+05  2.966636E+05  3.602466E+02 -1.676831E+05  1.048669E+03  5.311602E+03 _shell_0000000494   
       494   4  2.686277E+05  2.803652E+05 -4.491255E+03 -1.748862E+05  1.239306E+04  1.372812E+04 _shell_0000000494   
       494   5 -2.941081E+05 -3.027204E+05 -4.495019E+03  1.624885E+05  1.290782E+04  1.423388E+04 _shell_0000000494   
       494   6 -2.892457E+05 -2.864977E+05  3.591986E+02  1.696915E+05  1.563165E+03  4.712851E+03 _shell_0000000494   
       494   7 -2.736064E+05 -2.965766E+05  1.641470E+03  1.681875E+05  1.042264E+03  5.257256E+03 _shell_0000000494   
       494   8 -2.687591E+05 -2.803695E+05  6.499424E+03  1.753906E+05  1.238468E+04  1.368616E+04 _shell_0000000494   
       495   1  2.727640E+05  2.727570E+05  6.626431E+03 -1.857455E+05  1.399923E+04  1.399923E+04 _shell_0000000495   
       495   2  2.671474E+05  2.538930E+05  1.000387E+03 -1.923486E+05  3.602385E+03  2.970437E+03 _shell_0000000495   
       495   3  2.538983E+05  2.671403E+05  1.000104E+03 -1.923486E+05  2.970437E+03  3.602385E+03 _shell_0000000495   
       495   4  2.482657E+05  2.482604E+05 -4.622193E+03 -1.989514E+05  1.337001E+04  1.337001E+04 _shell_0000000495   
       495   5 -2.728166E+05 -2.728236E+05 -4.623027E+03  1.862640E+05  1.397734E+04  1.397734E+04 _shell_0000000495   
       495   6 -2.671837E+05 -2.540263E+05  1.000393E+03  1.928668E+05  3.577487E+03  2.960826E+03 _shell_0000000495   
       495   7 -2.540210E+05 -2.671907E+05  1.000112E+03  1.928668E+05  2.960826E+03  3.577486E+03 _shell_0000000495   
       495   8 -2.484041E+05 -2.484094E+05  6.627279E+03  1.994699E+05  1.335792E+04  1.335792E+04 _shell_0000000495   
       496   1  2.456314E+05  2.375496E+05  6.666331E+03 -2.072061E+05  1.511603E+04  1.348830E+04 _shell_0000000496   
       496   2  2.392859E+05  2.162451E+05  3.106717E+02 -2.130435E+05  5.925320E+03  8.706140E+02 _shell_0000000496   
       496   3  2.289552E+05  2.325850E+05  1.690258E+03 -2.146649E+05  5.196571E+03  1.743834E+03 _shell_0000000496   
       496   4  2.225938E+05  2.112652E+05 -4.662045E+03 -2.205017E+05  1.439049E+04  1.261722E+04 _shell_0000000496   
       496   5 -2.456904E+05 -2.377600E+05 -4.659631E+03  2.077154E+05  1.509125E+04  1.349594E+04 _shell_0000000496   
       496   6 -2.393288E+05 -2.165234E+05  1.691782E+03  2.135524E+05  5.897044E+03  8.901516E+02 _shell_0000000496   
       496   7 -2.290729E+05 -2.327797E+05  3.091644E+02  2.151736E+05  5.183742E+03  1.749050E+03 _shell_0000000496   
       496   8 -2.227272E+05 -2.115585E+05  6.663934E+03  2.210112E+05  1.437470E+04  1.263486E+04 _shell_0000000496   
       497   1  2.114277E+05  1.970938E+05  6.605050E+03 -2.261058E+05  1.628739E+04  1.285243E+04 _shell_0000000497   
       497   2  2.043949E+05  1.734942E+05 -4.380242E+02 -2.309887E+05  8.600155E+03 -3.685297E+02 _shell_0000000497   
       497   3  1.974800E+05  1.929416E+05  2.440142E+03 -2.343708E+05  7.777687E+03 -1.618961E+02 _shell_0000000497   
       497   4  1.904323E+05  1.693281E+05 -4.600531E+03 -2.392530E+05  1.546851E+04  1.264737E+04 _shell_0000000497   
       497   5 -2.114811E+05 -1.974410E+05 -4.594492E+03  2.265811E+05  1.626143E+04  1.288852E+04 _shell_0000000497   
       497   6 -2.044333E+05 -1.739013E+05  2.442992E+03  2.314635E+05  8.570317E+03 -3.218017E+02 _shell_0000000497   
       497   7 -1.975798E+05 -1.932746E+05 -4.408578E+02  2.348455E+05  7.762437E+03 -1.276375E+02 _shell_0000000497   
       497   8 -1.905469E+05 -1.697488E+05  6.599028E+03  2.397285E+05  1.544993E+04  1.269276E+04 _shell_0000000497   
       498   1  1.683100E+05  1.513251E+05  6.360237E+03 -2.400415E+05  1.758225E+04  1.143578E+04 _shell_0000000498   
       498   2  1.607811E+05  1.260802E+05 -1.177682E+03 -2.437624E+05  1.172392E+04 -6.837856E+03 _shell_0000000498   
       498   3  1.576797E+05  1.481609E+05  3.182259E+03 -2.488877E+05  1.082235E+04 -2.494102E+03 _shell_0000000498   
       498   4  1.501380E+05  1.229047E+05 -4.354886E+03 -2.526079E+05  1.668460E+04  7.093080E+03 _shell_0000000498   
       498   5 -1.683465E+05 -1.517823E+05 -4.345186E+03  2.404535E+05  1.755783E+04  1.149659E+04 _shell_0000000498   
       498   6 -1.608048E+05 -1.265730E+05  3.187643E+03  2.441753E+05  1.169530E+04 -6.768680E+03 _shell_0000000498   
       498   7 -1.577513E+05 -1.486064E+05 -1.183053E+03  2.492990E+05  1.080639E+04 -2.434556E+03 _shell_0000000498   
       498   8 -1.502222E+05 -1.234083E+05  6.350551E+03  2.530215E+05  1.666498E+04  7.161399E+03 _shell_0000000498   
       499   1  1.154538E+05  1.005009E+05  6.222302E+03 -2.576963E+05  1.882274E+04  1.260677E+04 _shell_0000000499   
       499   2  1.070591E+05  7.238351E+04 -2.178325E+03 -2.600760E+05  1.508233E+04  1.431680E+04 _shell_0000000499   
       499   3  1.086620E+05  9.848086E+04  4.186414E+03 -2.675569E+05  1.411061E+04 -2.920742E+03 _shell_0000000499   
       499   4  1.002579E+05  7.035527E+04 -4.215884E+03 -2.699359E+05  1.785464E+04  2.984497E+04 _shell_0000000499   
       499   5 -1.154668E+05 -1.010140E+05 -4.201493E+03  2.580013E+05  1.880437E+04  1.268975E+04 _shell_0000000499   
       499   6 -1.070626E+05 -7.289158E+04  4.196781E+03  2.603744E+05  1.506002E+04  1.440506E+04 _shell_0000000499   
       499   7 -1.087042E+05 -9.898534E+04 -2.188683E+03  2.678611E+05  1.409737E+04 -2.838568E+03 _shell_0000000499   
       499   8 -1.003095E+05 -7.087113E+04  6.207920E+03  2.702350E+05  1.783808E+04  2.993271E+04 _shell_0000000499   
       500   1  4.421873E+04  4.390153E+04  4.537200E+03 -2.286472E+05  2.126392E+04 -1.716958E+03 _shell_0000000500   
       500   2  3.787699E+04  2.270110E+04 -1.805788E+03 -2.294519E+05  1.997204E+04 -1.117323E+05 _shell_0000000500   
       500   3  4.185538E+04  4.320344E+04  3.818995E+03 -2.360949E+05  1.894012E+04 -1.344507E+04 _shell_0000000500   
       500   4  3.550884E+04  2.199888E+04 -2.529510E+03 -2.368991E+05  2.023751E+04 -1.000038E+05 _shell_0000000500   
       500   5 -4.421023E+04 -4.438227E+04 -2.507286E+03  2.287768E+05  2.125794E+04 -1.634874E+03 _shell_0000000500   
       500   6 -3.786369E+04 -2.310455E+04  3.838006E+03  2.296164E+05  1.996038E+04 -1.116495E+05 _shell_0000000500   
       500   7 -4.188430E+04 -4.367966E+04 -1.824796E+03  2.362240E+05  1.893490E+04 -1.336336E+04 _shell_0000000500   
       500   8 -3.554255E+04 -2.240607E+04  4.514978E+03  2.370641E+05  2.022695E+04 -9.992138E+04 _shell_0000000500   
       501   1  3.391346E+04  2.148498E+04 -1.483506E+03  2.583557E+05 -1.791220E+04 -1.243795E+05 _shell_0000000501   
       501   2  3.974719E+04  4.090371E+04  4.350057E+03  2.573932E+05 -1.944919E+04 -2.963393E+03 _shell_0000000501   
       501   3  3.109368E+04  2.064944E+04 -2.349510E+03  2.652059E+05 -1.800598E+04 -1.135889E+05 _shell_0000000501   
       501   4  3.693286E+04  4.007303E+04  3.491737E+03  2.642459E+05 -1.646208E+04 -1.375229E+04 _shell_0000000501   
       501   5 -3.388537E+04 -2.083388E+04  3.519644E+03 -2.585680E+05 -1.790508E+04 -1.243002E+05 _shell_0000000501   
       501   6 -3.972457E+04 -4.049404E+04 -2.319709E+03 -2.575741E+05 -1.944916E+04 -2.884283E+03 _shell_0000000501   
       501   7 -3.112560E+04 -2.000279E+04  4.320260E+03 -2.654208E+05 -1.799951E+04 -1.135112E+05 _shell_0000000501   
       501   8 -3.695935E+04 -3.965810E+04 -1.511409E+03 -2.644243E+05 -1.646236E+04 -1.367491E+04 _shell_0000000501   
       502   1  9.523355E+04  6.656875E+04 -1.657723E+03  2.926853E+05 -1.291510E+04  1.790778E+04 _shell_0000000502   
       502   2  1.029720E+05  9.240648E+04  6.084195E+03  2.898544E+05 -1.736397E+04  1.292179E+04 _shell_0000000502   
       502   3  8.715305E+04  6.415663E+04 -4.082105E+03  3.017739E+05 -1.604033E+04  3.222431E+04 _shell_0000000502   
       502   4  9.490166E+04  9.000354E+04  3.663936E+03  2.989463E+05 -1.158713E+04 -1.392364E+03 _shell_0000000502   
       502   5 -9.521217E+04 -6.630041E+04  3.678099E+03 -2.930953E+05 -1.290728E+04  1.799207E+04 _shell_0000000502   
       502   6 -1.029609E+05 -9.231100E+04 -4.067142E+03 -2.902732E+05 -1.736080E+04  1.300130E+04 _shell_0000000502   
       502   7 -8.717112E+04 -6.389700E+04  6.069246E+03 -3.021873E+05 -1.603776E+04  3.230637E+04 _shell_0000000502   
       502   8 -9.490967E+04 -8.989841E+04 -1.671872E+03 -2.993619E+05 -1.158857E+04 -1.315388E+03 _shell_0000000502   
       503   1  1.419634E+05  1.152441E+05 -5.775902E+02  2.737663E+05 -9.527467E+03 -5.828696E+03 _shell_0000000503   
       503   2  1.488222E+05  1.381796E+05  6.289771E+03  2.694179E+05 -1.637199E+04  1.181694E+04 _shell_0000000503   
       503   3  1.295459E+05  1.115346E+05 -4.286443E+03  2.818242E+05 -1.508707E+04  6.864419E+03 _shell_0000000503   
       503   4  1.364178E+05  1.344822E+05  2.582017E+03  2.774786E+05 -8.238115E+03 -8.736930E+02 _shell_0000000503   
       503   5 -1.419582E+05 -1.152327E+05  2.584185E+03 -2.742875E+05 -9.520242E+03 -5.763541E+03 _shell_0000000503   
       503   6 -1.488302E+05 -1.382656E+05 -4.279294E+03 -2.699403E+05 -1.636948E+04  1.187414E+04 _shell_0000000503   
       503   7 -1.295773E+05 -1.115349E+05  6.282641E+03 -2.823483E+05 -1.508840E+04  6.927294E+03 _shell_0000000503   
       503   8 -1.364363E+05 -1.345557E+05 -5.797384E+02 -2.779984E+05 -8.243605E+03 -8.191906E+02 _shell_0000000503   
       504   1  1.794290E+05  1.577697E+05  2.260329E+02  2.588656E+05 -6.469226E+03  1.530257E+03 _shell_0000000504   
       504   2  1.857612E+05  1.789827E+05  6.571063E+03  2.532365E+05 -1.533040E+04  1.353003E+04 _shell_0000000504   
       504   3  1.633506E+05  1.529684E+05 -4.567412E+03  2.663067E+05 -1.418721E+04  1.325165E+04 _shell_0000000504   
       504   4  1.696976E+05  1.741957E+05  1.776127E+03  2.606798E+05 -5.322312E+03  1.811384E+03 _shell_0000000504   
       504   5 -1.794561E+05 -1.578889E+05  1.771453E+03 -2.594059E+05 -6.465801E+03  1.573037E+03 _shell_0000000504   
       504   6 -1.858033E+05 -1.791245E+05 -4.562977E+03 -2.537788E+05 -1.533099E+04  1.356246E+04 _shell_0000000504   
       504   7 -1.634334E+05 -1.531015E+05  6.566651E+03 -2.668494E+05 -1.419472E+04  1.329193E+04 _shell_0000000504   
       504   8 -1.697658E+05 -1.743229E+05  2.307288E+02 -2.612201E+05 -5.333279E+03  1.840805E+03 _shell_0000000504   
       505   1  2.091007E+05  1.957683E+05  9.970363E+02  2.382374E+05 -3.918344E+03  2.908700E+03 _shell_0000000505   
       505   2  2.147582E+05  2.147472E+05  6.668963E+03  2.315861E+05 -1.439035E+04  1.439035E+04 _shell_0000000505   
       505   3  1.900919E+05  1.900952E+05 -4.665103E+03  2.448874E+05 -1.338369E+04  1.338369E+04 _shell_0000000505   
       505   4  1.957649E+05  2.090896E+05  1.003760E+03  2.382374E+05 -2.908698E+03  3.918342E+03 _shell_0000000505   
       505   5 -2.091706E+05 -1.959000E+05  9.970474E+02 -2.387636E+05 -3.919294E+03  2.924578E+03 _shell_0000000505   
       505   6 -2.148439E+05 -2.148551E+05 -4.661946E+03 -2.321134E+05 -1.439456E+04  1.439456E+04 _shell_0000000505   
       505   7 -1.902454E+05 -1.902422E+05  6.665828E+03 -2.454151E+05 -1.339684E+04  1.339684E+04 _shell_0000000505   
       505   8 -1.959033E+05 -2.091817E+05  1.003771E+03 -2.387636E+05 -2.924577E+03  3.919292E+03 _shell_0000000505   
       506   1  2.326269E+05  2.289782E+05  1.687501E+03  2.146693E+05 -1.743846E+03  5.196564E+03 _shell_0000000506   
       506   2  2.375916E+05  2.456463E+05  6.665825E+03  2.072105E+05 -1.348831E+04  1.511604E+04 _shell_0000000506   
       506   3  2.113019E+05  2.226169E+05 -4.661703E+03  2.205061E+05 -1.261722E+04  1.439048E+04 _shell_0000000506   
       506   4  2.162818E+05  2.393008E+05  3.131147E+02  2.130479E+05 -8.706076E+02  5.925328E+03 _shell_0000000506   
       506   5 -2.327377E+05 -2.290498E+05  3.064077E+02 -2.151692E+05 -1.749045E+03  5.183752E+03 _shell_0000000506   
       506   6 -2.377180E+05 -2.456754E+05 -4.660135E+03 -2.077110E+05 -1.349593E+04  1.509124E+04 _shell_0000000506   
       506   7 -2.115217E+05 -2.227041E+05  6.664274E+03 -2.210068E+05 -1.263487E+04  1.437471E+04 _shell_0000000506   
       506   8 -2.164866E+05 -2.393138E+05  1.694225E+03 -2.135480E+05 -8.901619E+02  5.897035E+03 _shell_0000000506   
       507   1  2.511783E+05  2.575549E+05  2.309105E+03  1.884882E+05  1.097073E+02  7.085725E+03 _shell_0000000507   
       507   2  2.554307E+05  2.718379E+05  6.573323E+03  1.804085E+05 -1.261376E+04  1.559785E+04 _shell_0000000507   
       507   3  2.280732E+05  2.506644E+05 -4.568077E+03  1.934888E+05 -1.187845E+04  1.496222E+04 _shell_0000000507   
       507   4  2.323401E+05  2.649627E+05 -3.074188E+02  1.854088E+05  8.463228E+02  7.724771E+03 _shell_0000000507   
       507   5 -2.513191E+05 -2.575356E+05 -3.140200E+02 -1.889523E+05  1.012554E+02  7.044262E+03 _shell_0000000507   
       507   6 -2.555862E+05 -2.717743E+05 -4.569289E+03 -1.808723E+05 -1.262378E+04  1.554482E+04 _shell_0000000507   
       507   7 -2.283388E+05 -2.506603E+05  6.574544E+03 -1.939528E+05 -1.189886E+04  1.491757E+04 _shell_0000000507   
       507   8 -2.325915E+05 -2.648837E+05  2.315716E+03 -1.858731E+05  8.248360E+02  7.668056E+03 _shell_0000000507   
       508   1  2.656661E+05  2.816147E+05  2.866768E+03  1.603639E+05  1.705578E+03  8.810141E+03 _shell_0000000508   
       508   2  2.692036E+05  2.934995E+05  6.414031E+03  1.518165E+05 -1.175530E+04  1.587784E+04 _shell_0000000508   
       508   3  2.412212E+05  2.743261E+05 -4.407754E+03  1.645248E+05 -1.115186E+04  1.536374E+04 _shell_0000000508   
       508   4  2.447717E+05  2.862251E+05 -8.637136E+02  1.559763E+05  2.309542E+03  9.327835E+03 _shell_0000000508   
       508   5 -2.658247E+05 -2.815009E+05 -8.706782E+02 -1.607775E+05  1.695231E+03  8.741672E+03 _shell_0000000508   
       508   6 -2.693753E+05 -2.933461E+05 -4.411617E+03 -1.522291E+05 -1.176643E+04  1.579886E+04 _shell_0000000508   
       508   7 -2.415148E+05 -2.742264E+05  6.417894E+03 -1.649375E+05 -1.117305E+04  1.529188E+04 _shell_0000000508   
       508   8 -2.450526E+05 -2.860575E+05  2.873732E+03 -1.563903E+05  2.288062E+03  9.245018E+03 _shell_0000000508   
       509   1  2.767740E+05  3.013015E+05  3.371073E+03  1.307753E+05  3.098473E+03  1.032680E+04 _shell_0000000509   
       509   2  2.795983E+05  3.107917E+05  6.203086E+03  1.218834E+05 -1.090568E+04  1.596473E+04 _shell_0000000509   
       509   3  2.513428E+05  2.937202E+05 -4.195851E+03  1.340982E+05 -1.042931E+04  1.556018E+04 _shell_0000000509   
       509   4  2.541780E+05  3.032225E+05 -1.366575E+03  1.252045E+05  3.574675E+03  1.073509E+04 _shell_0000000509   
       509   5 -2.769409E+05 -3.011018E+05 -1.374248E+03 -1.311220E+05  3.087739E+03  1.023429E+04 _shell_0000000509   
       509   6 -2.797764E+05 -3.105597E+05 -4.202059E+03 -1.222286E+05 -1.091650E+04  1.586325E+04 _shell_0000000509   
       509   7 -2.516511E+05 -2.935326E+05  6.209283E+03 -1.344433E+05 -1.044929E+04  1.546409E+04 _shell_0000000509   
       509   8 -2.544756E+05 -3.029784E+05  3.378736E+03 -1.255517E+05  3.555084E+03  1.062966E+04 _shell_0000000509   
       510   1  2.850114E+05  3.167409E+05  3.831270E+03  1.001215E+05  4.333223E+03  1.165165E+04 _shell_0000000510   
       510   2  2.871259E+05  3.238463E+05  5.951394E+03  9.098471E+04 -1.005725E+04  1.586885E+04 _shell_0000000510   
       510   3  2.588793E+05  3.089520E+05 -3.943433E+03  1.026099E+05 -9.703754E+03  1.557048E+04 _shell_0000000510   
       510   4  2.610022E+05  3.160671E+05 -1.825459E+03  9.347072E+04  4.685983E+03  1.195387E+04 _shell_0000000510   
       510   5 -2.851809E+05 -3.164701E+05 -1.833989E+03 -1.003856E+05  4.323536E+03  1.153911E+04 _shell_0000000510   
       510   6 -2.873041E+05 -3.235514E+05 -3.951455E+03 -9.124680E+04 -1.006645E+04  1.574926E+04 _shell_0000000510   
       510   7 -2.591938E+05 -3.086909E+05  5.959395E+03 -1.028718E+05 -9.720737E+03  1.545420E+04 _shell_0000000510   
       510   8 -2.613085E+05 -3.157626E+05  3.839779E+03 -9.373535E+04  4.669951E+03  1.183025E+04 _shell_0000000510   
       511   1  2.907473E+05  3.280336E+05  4.254950E+03  6.872427E+04  5.446288E+03  1.279072E+04 _shell_0000000511   
       511   2  2.921550E+05  3.327642E+05  5.666401E+03  5.942460E+04 -9.201218E+03  1.559664E+04 _shell_0000000511   
       511   3  2.641495E+05  3.201072E+05 -3.657979E+03  7.038163E+04 -8.967213E+03  1.540051E+04 _shell_0000000511   
       511   4  2.655630E+05  3.248445E+05 -2.248044E+03  6.107914E+04  5.679143E+03  1.299079E+04 _shell_0000000511   
       511   5 -2.909169E+05 -3.277096E+05 -2.257368E+03 -6.889265E+04  5.438865E+03  1.266295E+04 _shell_0000000511   
       511   6 -2.923305E+05 -3.324243E+05 -3.667243E+03 -5.959057E+04 -9.207741E+03  1.546401E+04 _shell_0000000511   
       511   7 -2.644653E+05 -3.197900E+05  5.675637E+03 -7.054728E+04 -8.979726E+03  1.526886E+04 _shell_0000000511   
       511   8 -2.658731E+05 -3.244980E+05  4.264245E+03 -6.124802E+04  5.667994E+03  1.285409E+04 _shell_0000000511   
       512   1  2.942322E+05  3.352521E+05  4.647702E+03  3.685156E+04  6.467445E+03  1.375093E+04 _shell_0000000512   
       512   2  2.949354E+05  3.376155E+05  5.352869E+03  2.745886E+04 -8.326874E+03  1.515218E+04 _shell_0000000512   
       512   3  2.673694E+05  3.272480E+05 -3.344284E+03  3.768040E+04 -8.210051E+03  1.505577E+04 _shell_0000000512   
       512   4  2.680755E+05  3.296148E+05 -2.639978E+03  2.828461E+04  6.582862E+03  1.385135E+04 _shell_0000000512   
       512   5 -2.944019E+05 -3.348943E+05 -2.649874E+03 -3.691497E+04  6.463179E+03  1.361330E+04 _shell_0000000512   
       512   6 -2.951081E+05 -3.372497E+05 -3.354211E+03 -2.751963E+04 -8.329981E+03  1.501206E+04 _shell_0000000512   
       512   7 -2.676840E+05 -3.268937E+05  5.362762E+03 -3.774077E+04 -8.217037E+03  1.491416E+04 _shell_0000000512   
       512   8 -2.683873E+05 -3.292458E+05  4.657565E+03 -2.834852E+04  6.577493E+03  1.370714E+04 _shell_0000000512   
       513   1  2.956117E+05  3.384407E+05  5.013115E+03  4.735172E+03  7.421010E+03  1.453714E+04 _shell_0000000513   
       513   2  2.956117E+05  3.384408E+05  5.013260E+03 -4.687758E+03 -7.421027E+03  1.453716E+04 _shell_0000000513   
       513   3  2.686644E+05  3.304126E+05 -3.004825E+03  4.736761E+03 -7.420258E+03  1.453915E+04 _shell_0000000513   
       513   4  2.686644E+05  3.304126E+05 -3.004876E+03 -4.689347E+03  7.420286E+03  1.453917E+04 _shell_0000000513   
       513   5 -2.957832E+05 -3.380690E+05 -3.015002E+03 -4.689155E+03  7.420409E+03  1.439535E+04 _shell_0000000513   
       513   6 -2.957832E+05 -3.380689E+05 -3.014858E+03  4.736498E+03 -7.420382E+03  1.439533E+04 _shell_0000000513   
       513   7 -2.689771E+05 -3.300409E+05  5.023257E+03 -4.687566E+03 -7.421131E+03  1.439332E+04 _shell_0000000513   
       513   8 -2.689771E+05 -3.300409E+05  5.023206E+03  4.734910E+03  7.421115E+03  1.439329E+04 _shell_0000000513   
       514   1  2.949339E+05  3.376154E+05  5.352795E+03 -2.741185E+04  8.326857E+03  1.515216E+04 _shell_0000000514   
       514   2  2.942307E+05  3.352521E+05  4.647965E+03 -3.680455E+04 -6.467462E+03  1.375096E+04 _shell_0000000514   
       514   3  2.680760E+05  3.296147E+05 -2.639992E+03 -2.823760E+04 -6.582834E+03  1.385133E+04 _shell_0000000514   
       514   4  2.673698E+05  3.272480E+05 -3.344358E+03 -3.763338E+04  8.210079E+03  1.505579E+04 _shell_0000000514   
       514   5 -2.951097E+05 -3.372498E+05 -3.354284E+03  2.756658E+04  8.330008E+03  1.501208E+04 _shell_0000000514   
       514   6 -2.944034E+05 -3.348943E+05 -2.649612E+03  3.696192E+04 -6.463153E+03  1.361328E+04 _shell_0000000514   
       514   7 -2.683869E+05 -3.292458E+05  4.657552E+03  2.839547E+04 -6.577509E+03  1.370717E+04 _shell_0000000514   
       514   8 -2.676836E+05 -3.268938E+05  5.362689E+03  3.778772E+04  8.217021E+03  1.491414E+04 _shell_0000000514   
       515   1  2.921514E+05  3.327639E+05  5.666368E+03 -5.937887E+04  9.201202E+03  1.559662E+04 _shell_0000000515   
       515   2  2.907438E+05  3.280334E+05  4.255395E+03 -6.867854E+04 -5.446307E+03  1.279074E+04 _shell_0000000515   
       515   3  2.655633E+05  3.248442E+05 -2.248180E+03 -6.103340E+04 -5.679115E+03  1.299077E+04 _shell_0000000515   
       515   4  2.641497E+05  3.201070E+05 -3.658043E+03 -7.033590E+04  8.967242E+03  1.540053E+04 _shell_0000000515   
       515   5 -2.923342E+05 -3.324246E+05 -3.667277E+03  5.963624E+04  9.207769E+03  1.546403E+04 _shell_0000000515   
       515   6 -2.909205E+05 -3.277098E+05 -2.256924E+03  6.893832E+04 -5.438838E+03  1.266293E+04 _shell_0000000515   
       515   7 -2.658729E+05 -3.244983E+05  4.264112E+03  6.129370E+04 -5.668011E+03  1.285412E+04 _shell_0000000515   
       515   8 -2.644651E+05 -3.197903E+05  5.675574E+03  7.059295E+04  8.979710E+03  1.526884E+04 _shell_0000000515   
       516   1  2.871193E+05  3.238454E+05  5.951383E+03 -9.094141E+04  1.005723E+04  1.586883E+04 _shell_0000000516   
       516   2  2.850049E+05  3.167400E+05  3.831985E+03 -1.000782E+05 -4.333243E+03  1.165168E+04 _shell_0000000516   
       516   3  2.610012E+05  3.160662E+05 -1.825792E+03 -9.342742E+04 -4.685955E+03  1.195385E+04 _shell_0000000516   
       516   4  2.588782E+05  3.089511E+05 -3.943465E+03 -1.025666E+05  9.703785E+03  1.557051E+04 _shell_0000000516   
       516   5 -2.873108E+05 -3.235523E+05 -3.951467E+03  9.129005E+04  1.006648E+04  1.574929E+04 _shell_0000000516   
       516   6 -2.851876E+05 -3.164710E+05 -1.833276E+03  1.004289E+05 -4.323509E+03  1.153909E+04 _shell_0000000516   
       516   7 -2.613096E+05 -3.157634E+05  3.839448E+03  9.377860E+04 -4.669970E+03  1.183028E+04 _shell_0000000516   
       516   8 -2.591950E+05 -3.086919E+05  5.959365E+03  1.029150E+05  9.720721E+03  1.545418E+04 _shell_0000000516   
       517   1  2.795872E+05  3.107895E+05  6.203099E+03 -1.218442E+05  1.090566E+04  1.596471E+04 _shell_0000000517   
       517   2  2.767629E+05  3.012991E+05  3.372171E+03 -1.307361E+05 -3.098496E+03  1.032682E+04 _shell_0000000517   
       517   3  2.541738E+05  3.032204E+05 -1.367215E+03 -1.251653E+05 -3.574647E+03  1.073507E+04 _shell_0000000517   
       517   4  2.513385E+05  2.937177E+05 -4.195847E+03 -1.340590E+05  1.042934E+04  1.556021E+04 _shell_0000000517   
       517   5 -2.797877E+05 -3.105620E+05 -4.202048E+03  1.222678E+05  1.091653E+04  1.586328E+04 _shell_0000000517   
       517   6 -2.769522E+05 -3.011043E+05 -1.373152E+03  1.311612E+05 -3.087713E+03  1.023427E+04 _shell_0000000517   
       517   7 -2.544800E+05 -3.029806E+05  3.378098E+03  1.255908E+05 -3.555105E+03  1.062969E+04 _shell_0000000517   
       517   8 -2.516555E+05 -2.935352E+05  6.209289E+03  1.344824E+05  1.044927E+04  1.546407E+04 _shell_0000000517   
       518   1  2.691859E+05  2.934946E+05  6.414102E+03 -1.517839E+05  1.175528E+04  1.587782E+04 _shell_0000000518   
       518   2  2.656484E+05  2.816088E+05  2.868394E+03 -1.603313E+05 -1.705601E+03  8.810168E+03 _shell_0000000518   
       518   3  2.447615E+05  2.862202E+05 -8.648108E+02 -1.559437E+05 -2.309516E+03  9.327815E+03 _shell_0000000518   
       518   4  2.412110E+05  2.743202E+05 -4.407730E+03 -1.644923E+05  1.115189E+04  1.536377E+04 _shell_0000000518   
       518   5 -2.693932E+05 -2.933510E+05 -4.411549E+03  1.522617E+05  1.176646E+04  1.579889E+04 _shell_0000000518   
       518   6 -2.658425E+05 -2.815067E+05 -8.690545E+02  1.608101E+05 -1.695206E+03  8.741651E+03 _shell_0000000518   
       518   7 -2.450629E+05 -2.860623E+05  2.872636E+03  1.564228E+05 -2.288084E+03  9.245046E+03 _shell_0000000518   
       518   8 -2.415252E+05 -2.742323E+05  6.417920E+03  1.649701E+05  1.117303E+04  1.529186E+04 _shell_0000000518   
       519   1  2.554041E+05  2.718278E+05  6.573543E+03 -1.803864E+05  1.261374E+04  1.559783E+04 _shell_0000000519   
       519   2  2.511518E+05  2.575420E+05  2.311381E+03 -1.884662E+05 -1.097302E+02  7.085748E+03 _shell_0000000519   
       519   3  2.323202E+05  2.649527E+05 -3.091872E+02 -1.853867E+05 -8.463004E+02  7.724752E+03 _shell_0000000519   
       519   4  2.280533E+05  2.506514E+05 -4.568185E+03 -1.934668E+05  1.187847E+04  1.496224E+04 _shell_0000000519   
       519   5 -2.556129E+05 -2.717844E+05 -4.569072E+03  1.808943E+05  1.262381E+04  1.554484E+04 _shell_0000000519   
       519   6 -2.513458E+05 -2.575484E+05 -3.117463E+02  1.889743E+05 -1.012344E+02  7.044242E+03 _shell_0000000519   
       519   7 -2.326115E+05 -2.648937E+05  2.313949E+03  1.858952E+05 -8.248575E+02  7.668080E+03 _shell_0000000519   
       519   8 -2.283589E+05 -2.506732E+05  6.574440E+03  1.939749E+05  1.189885E+04  1.491755E+04 _shell_0000000519   
       520   1  2.375542E+05  2.456262E+05  6.666392E+03 -2.072048E+05  1.348830E+04  1.511603E+04 _shell_0000000520   
       520   2  2.325897E+05  2.289512E+05  1.690481E+03 -2.146636E+05  1.743834E+03  5.196571E+03 _shell_0000000520   
       520   3  2.162482E+05  2.392807E+05  3.104615E+02 -2.130422E+05  8.706142E+02  5.925319E+03 _shell_0000000520   
       520   4  2.112682E+05  2.225898E+05 -4.662101E+03 -2.205004E+05  1.261722E+04  1.439049E+04 _shell_0000000520   
       520   5 -2.377554E+05 -2.456955E+05 -4.659571E+03  2.077167E+05  1.349594E+04  1.509125E+04 _shell_0000000520   
       520   6 -2.327751E+05 -2.290768E+05  3.093861E+02  2.151749E+05  1.749050E+03  5.183742E+03 _shell_0000000520   
       520   7 -2.165204E+05 -2.393339E+05  1.691573E+03  2.135537E+05  8.901510E+02  5.897044E+03 _shell_0000000520   
       520   8 -2.115555E+05 -2.227311E+05  6.663879E+03  2.210125E+05  1.263486E+04  1.437470E+04 _shell_0000000520   
       521   1  2.147108E+05  2.147074E+05  6.670234E+03 -2.316051E+05  1.439036E+04  1.439036E+04 _shell_0000000521   
       521   2  2.090532E+05  1.957115E+05  1.000158E+03 -2.382565E+05  3.918347E+03  2.908683E+03 _shell_0000000521   
       521   3  1.957139E+05  2.090498E+05  9.999919E+02 -2.382565E+05  2.908683E+03  3.918347E+03 _shell_0000000521   
       521   4  1.900409E+05  1.900385E+05 -4.666843E+03 -2.449064E+05  1.338367E+04  1.338367E+04 _shell_0000000521   
       521   5 -2.148915E+05 -2.148948E+05 -4.660677E+03  2.320944E+05  1.439455E+04  1.439455E+04 _shell_0000000521   
       521   6 -2.092182E+05 -1.959567E+05  1.000168E+03  2.387445E+05  3.919278E+03  2.924581E+03 _shell_0000000521   
       521   7 -1.959545E+05 -2.092215E+05  1.000003E+03  2.387445E+05  2.924581E+03  3.919278E+03 _shell_0000000521   
       521   8 -1.902966E+05 -1.902988E+05  6.664090E+03  2.453961E+05  1.339685E+04  1.339684E+04 _shell_0000000521   
       522   1  1.857098E+05  1.789045E+05  6.573327E+03 -2.532871E+05  1.533046E+04  1.353009E+04 _shell_0000000522   
       522   2  1.793775E+05  1.576553E+05  2.278743E+02 -2.589163E+05  6.469282E+03  1.530177E+03 _shell_0000000522   
       522   3  1.696350E+05  1.741173E+05  1.772143E+03 -2.607304E+05  5.322237E+03  1.811438E+03 _shell_0000000522   
       522   4  1.632881E+05  1.528542E+05 -4.570640E+03 -2.663574E+05  1.418714E+04  1.325157E+04 _shell_0000000522   
       522   5 -1.858548E+05 -1.792027E+05 -4.560715E+03  2.537282E+05  1.533092E+04  1.356238E+04 _shell_0000000522   
       522   6 -1.795078E+05 -1.580033E+05  1.773294E+03  2.593553E+05  6.465726E+03  1.573089E+03 _shell_0000000522   
       522   7 -1.698286E+05 -1.744013E+05  2.267462E+02  2.611695E+05  5.333336E+03  1.840728E+03 _shell_0000000522   
       522   8 -1.634960E+05 -1.532157E+05  6.563425E+03  2.667988E+05  1.419478E+04  1.329198E+04 _shell_0000000522   
       523   1  1.487783E+05  1.380328E+05  6.292419E+03 -2.694951E+05  1.637213E+04  1.181706E+04 _shell_0000000523   
       523   2  1.419191E+05  1.150381E+05 -5.787630E+02 -2.738435E+05  9.527600E+03 -5.828860E+03 _shell_0000000523   
       523   3  1.363605E+05  1.343350E+05  2.580087E+03 -2.775558E+05  8.237961E+03 -8.735684E+02 _shell_0000000523   
       523   4  1.294890E+05  1.113290E+05 -4.289629E+03 -2.819015E+05  1.508692E+04  6.864255E+03 _shell_0000000523   
       523   5 -1.488742E+05 -1.384124E+05 -4.276648E+03  2.698631E+05  1.636933E+04  1.187398E+04 _shell_0000000523   
       523   6 -1.420025E+05 -1.154387E+05  2.583010E+03  2.742103E+05  9.520089E+03 -5.763419E+03 _shell_0000000523   
       523   7 -1.364936E+05 -1.347029E+05 -5.816664E+02  2.779212E+05  8.243737E+03 -8.193517E+02 _shell_0000000523   
       523   8 -1.296343E+05 -1.117405E+05  6.279458E+03  2.822712E+05  1.508854E+04  6.927417E+03 _shell_0000000523   
       524   1  1.029456E+05  9.216056E+04  6.085368E+03 -2.899318E+05  1.736416E+04  1.292196E+04 _shell_0000000524   
       524   2  9.520662E+04  6.625294E+04 -1.662379E+03 -2.927628E+05  1.291529E+04  1.790757E+04 _shell_0000000524   
       524   3  9.487057E+04  8.975710E+04  3.666619E+03 -2.990237E+05  1.158693E+04 -1.392190E+03 _shell_0000000524   
       524   4  8.712248E+04  6.384134E+04 -4.081762E+03 -3.018513E+05  1.604013E+04  3.222410E+04 _shell_0000000524   
       524   5 -1.029874E+05 -9.255685E+04 -4.065972E+03  2.901958E+05  1.736060E+04  1.300108E+04 _shell_0000000524   
       524   6 -9.523916E+04 -6.661615E+04  3.673439E+03  2.930179E+05  1.290707E+04  1.799225E+04 _shell_0000000524   
       524   7 -9.494081E+04 -9.014477E+04 -1.669186E+03  2.992845E+05  1.158876E+04 -1.315602E+03 _shell_0000000524   
       524   8 -8.720174E+04 -6.421222E+04  6.069591E+03  3.021099E+05  1.603794E+04  3.230655E+04 _shell_0000000524   
       525   1  3.973618E+04  4.055127E+04  4.347469E+03 -2.574281E+05  1.944936E+04 -2.963227E+03 _shell_0000000525   
       525   2  3.390198E+04  2.108203E+04 -1.489523E+03 -2.583906E+05  1.791238E+04 -1.243797E+05 _shell_0000000525   
       525   3  3.693034E+04  3.972011E+04  3.498823E+03 -2.642808E+05  1.646190E+04 -1.375212E+04 _shell_0000000525   
       525   4  3.109164E+04  2.024697E+04 -2.342642E+03 -2.652408E+05  1.800580E+04 -1.135891E+05 _shell_0000000525   
       525   5 -3.973562E+04 -4.084642E+04 -2.322298E+03  2.575393E+05  1.944898E+04 -2.884474E+03 _shell_0000000525   
       525   6 -3.389691E+04 -2.123677E+04  3.513626E+03  2.585332E+05  1.790491E+04 -1.243000E+05 _shell_0000000525   
       525   7 -3.696191E+04 -4.001096E+04 -1.504322E+03  2.643895E+05  1.646254E+04 -1.367510E+04 _shell_0000000525   
       525   8 -3.112769E+04 -2.040520E+04  4.327128E+03  2.653860E+05  1.799969E+04 -1.135111E+05 _shell_0000000525   
       526   1  2.889997E+04  1.847967E+04 -1.188473E+03  2.852379E+05 -1.550599E+04 -1.354015E+05 _shell_0000000526   
       526   2  3.431017E+04  3.642242E+04  4.220976E+03  2.840726E+05 -1.735693E+04 -3.942765E+03 _shell_0000000526   
       526   3  2.551313E+04  1.747381E+04 -2.225943E+03  2.915900E+05 -1.662121E+04 -1.253931E+05 _shell_0000000526   
       526   4  3.092889E+04  3.542163E+04  3.192073E+03  2.904293E+05 -1.476192E+04 -1.394818E+04 _shell_0000000526   
       526   5 -2.886775E+04 -1.744082E+04  3.221008E+03 -2.854522E+05 -1.550333E+04 -1.353308E+05 _shell_0000000526   
       526   6 -3.428356E+04 -3.574169E+04 -2.195554E+03 -2.842615E+05 -1.736281E+04 -3.871960E+03 _shell_0000000526   
       526   7 -2.553531E+04 -1.643963E+04  4.190593E+03 -2.918089E+05 -1.661890E+04 -1.253253E+05 _shell_0000000526   
       526   8 -3.094557E+04 -3.473542E+04 -1.217403E+03 -2.906136E+05 -1.476779E+04 -1.388041E+04 _shell_0000000526   
       527   1  8.110176E+04  5.884631E+04 -1.010458E+03  3.228001E+05 -1.046151E+04  2.147602E+04 _shell_0000000527   
       527   2  8.795556E+04  8.167640E+04  5.846976E+03  3.194807E+05 -1.567772E+04  1.314798E+04 _shell_0000000527   
       527   3  7.164030E+04  5.601875E+04 -3.848304E+03  3.308489E+05 -1.498196E+04  3.415808E+04 _shell_0000000527   
       527   4  7.850430E+04  7.885836E+04  3.015281E+03  3.275355E+05 -9.760696E+03  4.700273E+02 _shell_0000000527   
       527   5 -8.108118E+04 -5.838267E+04  3.025503E+03 -3.232033E+05 -1.046808E+04  2.155070E+04 _shell_0000000527   
       527   6 -8.794536E+04 -8.147798E+04 -3.835039E+03 -3.198947E+05 -1.568966E+04  1.321865E+04 _shell_0000000527   
       527   7 -7.164059E+04 -5.556417E+04  5.833727E+03 -3.312582E+05 -1.499300E+04  3.422881E+04 _shell_0000000527   
       527   8 -7.849457E+04 -7.864996E+04 -1.020665E+03 -3.279436E+05 -9.776476E+03  5.364255E+02 _shell_0000000527   
       528   1  1.197301E+05  1.011546E+05  1.693653E+02  3.011867E+05 -7.059338E+03 -4.349021E+03 _shell_0000000528   
       528   2  1.256745E+05  1.210093E+05  6.125542E+03  2.961471E+05 -1.499044E+04  1.219280E+04 _shell_0000000528   
       528   3  1.053542E+05  9.685750E+04 -4.123103E+03  3.081698E+05 -1.454753E+04  6.653665E+03 _shell_0000000528   
       528   4  1.113108E+05  1.167238E+05  1.834519E+03  3.031350E+05 -6.611501E+03  1.193999E+03 _shell_0000000528   
       528   5 -1.197517E+05 -1.010949E+05  1.828477E+03 -3.016558E+05 -7.073077E+03 -4.292170E+03 _shell_0000000528   
       528   6 -1.257086E+05 -1.210837E+05 -4.116640E+03 -2.966195E+05 -1.500938E+04  1.224234E+04 _shell_0000000528   
       528   7 -1.053929E+05 -9.680895E+04  6.119101E+03 -3.086437E+05 -1.456916E+04  6.706847E+03 _shell_0000000528   
       528   8 -1.113376E+05 -1.167861E+05  1.754292E+02 -3.036027E+05 -6.637789E+03  1.239420E+03 _shell_0000000528   
       529   1  1.502545E+05  1.374908E+05  9.943380E+02  2.840215E+05 -4.186042E+03  3.833685E+03 _shell_0000000529   
       529   2  1.556772E+05  1.556609E+05  6.435005E+03  2.776461E+05 -1.422126E+04  1.422126E+04 _shell_0000000529   
       529   3  1.320506E+05  1.320550E+05 -4.432378E+03  2.903933E+05 -1.387274E+04  1.387275E+04 _shell_0000000529   
       529   4  1.374865E+05  1.502382E+05  1.005868E+03  2.840215E+05 -3.833680E+03  4.186042E+03 _shell_0000000529   
       529   5 -1.503580E+05 -1.376271E+05  9.943497E+02 -2.844736E+05 -4.208234E+03  3.869776E+03 _shell_0000000529   
       529   6 -1.557941E+05 -1.558105E+05 -4.423824E+03 -2.781016E+05 -1.424757E+04  1.424757E+04 _shell_0000000529   
       529   7 -1.322083E+05 -1.322041E+05  6.426476E+03 -2.908491E+05 -1.390524E+04  1.390525E+04 _shell_0000000529   
       529   8 -1.376314E+05 -1.503744E+05  1.005881E+03 -2.844736E+05 -3.869771E+03  4.208234E+03 _shell_0000000529   
       530   1  1.741587E+05  1.696553E+05  1.767347E+03  2.607301E+05 -1.811450E+03  5.322230E+03 _shell_0000000530   
       530   2  1.789459E+05  1.857233E+05  6.572947E+03  2.532868E+05 -1.353009E+04  1.533046E+04 _shell_0000000530   
       530   3  1.528838E+05  1.633085E+05 -4.571241E+03  2.663570E+05 -1.325156E+04  1.418713E+04 _shell_0000000530   
       530   4  1.576848E+05  1.793909E+05  2.315167E+02  2.589159E+05 -1.530168E+03  6.469293E+03 _shell_0000000530   
       530   5 -1.743598E+05 -1.698083E+05  2.219502E+02 -2.611698E+05 -1.840721E+03  5.333348E+03 _shell_0000000530   
       530   6 -1.791612E+05 -1.858413E+05 -4.561093E+03 -2.537285E+05 -1.356237E+04  1.533091E+04 _shell_0000000530   
       530   7 -1.531861E+05 -1.634756E+05  6.562822E+03 -2.667991E+05 -1.329199E+04  1.419479E+04 _shell_0000000530   
       530   8 -1.579736E+05 -1.794943E+05  1.776937E+03 -2.593556E+05 -1.573098E+03  6.465718E+03 _shell_0000000530   
       531   1  1.929654E+05  1.974840E+05  2.437076E+03  2.343901E+05  1.618534E+02  7.777642E+03 _shell_0000000531   
       531   2  1.971177E+05  2.114294E+05  6.605150E+03  2.261251E+05 -1.285247E+04  1.628743E+04 _shell_0000000531   
       531   3  1.693355E+05  1.904365E+05 -4.600902E+03  2.392723E+05 -1.264732E+04  1.546846E+04 _shell_0000000531   
       531   4  1.735014E+05  2.043965E+05 -4.360143E+02  2.310080E+05  3.685764E+02  8.600196E+03 _shell_0000000531   
       531   5 -1.932507E+05 -1.975757E+05 -4.439236E+02 -2.348262E+05  1.276822E+02  7.762479E+03 _shell_0000000531   
       531   6 -1.974170E+05 -2.114793E+05 -4.594390E+03 -2.265618E+05 -1.288847E+04  1.626138E+04 _shell_0000000531   
       531   7 -1.697414E+05 -1.905427E+05  6.598654E+03 -2.397092E+05 -1.269280E+04  1.544997E+04 _shell_0000000531   
       531   8 -1.738940E+05 -2.044316E+05  2.445002E+03 -2.314442E+05  3.217610E+02  8.570271E+03 _shell_0000000531   
       532   1  2.077298E+05  2.211993E+05  3.015227E+03  2.053913E+05  1.804402E+03  9.741821E+03 _shell_0000000532   
       532   2  2.112552E+05  2.330437E+05  6.553847E+03  1.965092E+05 -1.218332E+04  1.698083E+04 _shell_0000000532   
       532   3  1.823317E+05  2.136257E+05 -4.547640E+03  2.095379E+05 -1.203774E+04  1.627299E+04 _shell_0000000532   
       532   4  1.858700E+05  2.254844E+05 -1.011761E+03  2.006551E+05  1.950426E+03  1.045311E+04 _shell_0000000532   
       532   5 -2.080768E+05 -2.212136E+05 -1.019255E+03 -2.058122E+05  1.767975E+03  9.700565E+03 _shell_0000000532   
       532   6 -2.116155E+05 -2.330184E+05 -4.544669E+03 -1.969295E+05 -1.222044E+04  1.692924E+04 _shell_0000000532   
       532   7 -1.828122E+05 -2.136542E+05  6.550885E+03 -2.099582E+05 -1.208485E+04  1.622853E+04 _shell_0000000532   
       532   8 -1.863379E+05 -2.254447E+05  3.022729E+03 -2.010762E+05  1.903087E+03  1.039780E+04 _shell_0000000532   
       533   1  2.192331E+05  2.410235E+05  3.518350E+03  1.744611E+05  3.196734E+03  1.148894E+04 _shell_0000000533   
       533   2  2.221470E+05  2.508152E+05  6.443016E+03  1.651194E+05 -1.151623E+04  1.745709E+04 _shell_0000000533   
       533   3  1.925180E+05  2.330584E+05 -4.434811E+03  1.778897E+05 -1.141509E+04  1.688837E+04 _shell_0000000533   
       533   4  1.954435E+05  2.428632E+05 -1.512443E+03  1.685460E+05  3.297284E+03  1.206096E+04 _shell_0000000533   
       533   5 -2.196230E+05 -2.409610E+05 -1.520317E+03 -1.748477E+05  3.160861E+03  1.142327E+04 _shell_0000000533   
       533   6 -2.225488E+05 -2.507197E+05 -4.435370E+03 -1.655042E+05 -1.155176E+04  1.738210E+04 _shell_0000000533   
       533   7 -1.930506E+05 -2.330090E+05  6.443573E+03 -1.782744E+05 -1.146057E+04  1.681961E+04 _shell_0000000533   
       533   8 -1.959649E+05 -2.427546E+05  3.526221E+03 -1.689329E+05  3.252605E+03  1.198244E+04 _shell_0000000533   
       534   1  2.280406E+05  2.571591E+05  3.962124E+03  1.420905E+05  4.396432E+03  1.298837E+04 _shell_0000000534   
       534   2  2.303562E+05  2.649409E+05  6.286127E+03  1.324126E+05 -1.084724E+04  1.772508E+04 _shell_0000000534   
       534   3  2.003613E+05  2.489081E+05 -4.276257E+03  1.448162E+05 -1.077944E+04  1.727987E+04 _shell_0000000534   
       534   4  2.026866E+05  2.567012E+05 -1.954075E+03  1.351351E+05  4.462757E+03  1.343673E+04 _shell_0000000534   
       534   5 -2.284591E+05 -2.570298E+05 -1.962659E+03 -1.424216E+05  4.363771E+03  1.290107E+04 _shell_0000000534   
       534   6 -2.307847E+05 -2.647858E+05 -4.279824E+03 -1.327408E+05 -1.087867E+04  1.762989E+04 _shell_0000000534   
       534   7 -2.009303E+05 -2.487901E+05  6.289681E+03 -1.451443E+05 -1.082025E+04  1.718958E+04 _shell_0000000534   
       534   8 -2.032462E+05 -2.565348E+05  3.970694E+03 -1.354667E+05  4.423636E+03  1.333818E+04 _shell_0000000534   
       535   1  2.345673E+05  2.697652E+05  4.358610E+03  1.086794E+05  5.448001E+03  1.426566E+04 _shell_0000000535   
       535   2  2.362952E+05  2.755721E+05  6.092638E+03  9.876363E+04 -1.017136E+04  1.779582E+04 _shell_0000000535   
       535   3  2.062054E+05  2.613124E+05 -4.081432E+03  1.107143E+05 -1.012773E+04  1.746851E+04 _shell_0000000535   
       535   4  2.079408E+05  2.671281E+05 -2.348786E+03  1.007944E+05  5.489429E+03  1.459602E+04 _shell_0000000535   
       535   5 -2.350043E+05 -2.695819E+05 -2.358061E+03 -1.089356E+05  5.420887E+03  1.416042E+04 _shell_0000000535   
       535   6 -2.367399E+05 -2.753700E+05 -4.087476E+03 -9.901607E+04 -1.019651E+04  1.768440E+04 _shell_0000000535   
       535   7 -2.067988E+05 -2.611380E+05  6.098658E+03 -1.109665E+05 -1.016125E+04  1.736034E+04 _shell_0000000535   
       535   8 -2.085268E+05 -2.669173E+05  4.367861E+03 -1.010511E+05  5.458312E+03  1.448138E+04 _shell_0000000535   
       536   1  2.391116E+05  2.789613E+05  4.717056E+03  7.454539E+04  6.386407E+03  1.533306E+04 _shell_0000000536   
       536   2  2.402594E+05  2.828188E+05  5.868854E+03  6.447180E+04 -9.482230E+03  1.767616E+04 _shell_0000000536   
       536   3  2.102970E+05  2.703751E+05 -3.856709E+03  7.589826E+04 -9.456166E+03  1.746127E+04 _shell_0000000536   
       536   4  2.114500E+05  2.742387E+05 -2.705882E+03  6.581989E+04  6.409750E+03  1.555092E+04 _shell_0000000536   
       536   5 -2.395596E+05 -2.787382E+05 -2.715613E+03 -7.471089E+04  6.366718E+03  1.521422E+04 _shell_0000000536   
       536   6 -2.407126E+05 -2.825836E+05 -3.864667E+03 -6.463290E+04 -9.499426E+03  1.755307E+04 _shell_0000000536   
       536   7 -2.109048E+05 -2.701582E+05  5.876780E+03 -7.605902E+04 -9.480315E+03  1.733953E+04 _shell_0000000536   
       536   8 -2.120527E+05 -2.739975E+05  4.726753E+03 -6.598581E+04  6.388521E+03  1.542474E+04 _shell_0000000536   
       537   1  2.418751E+05  2.848303E+05  5.044067E+03  3.995027E+04  7.239247E+03  1.620174E+04 _shell_0000000537   
       537   2  2.424478E+05  2.867549E+05  5.618635E+03  2.978671E+04 -8.771538E+03  1.737023E+04 _shell_0000000537   
       537   3  2.128032E+05  2.761688E+05 -3.605973E+03  4.062670E+04 -8.758739E+03  1.726435E+04 _shell_0000000537   
       537   4  2.133785E+05  2.780965E+05 -3.031994E+03  3.045795E+04  7.249005E+03  1.631054E+04 _shell_0000000537   
       537   5 -2.423284E+05 -2.845819E+05 -3.041817E+03 -4.001409E+04  7.228317E+03  1.607411E+04 _shell_0000000537   
       537   6 -2.429037E+05 -2.865007E+05 -3.615286E+03 -2.984575E+04 -8.779654E+03  1.724042E+04 _shell_0000000537   
       537   7 -2.134166E+05 -2.759236E+05  5.627910E+03 -4.068535E+04 -8.772060E+03  1.713383E+04 _shell_0000000537   
       537   8 -2.139894E+05 -2.778393E+05  5.053851E+03 -3.052221E+04  7.238923E+03  1.617773E+04 _shell_0000000537   
       538   1  2.429748E+05  2.874220E+05  5.343936E+03  5.119330E+03  8.028467E+03  1.687927E+04 _shell_0000000538   
       538   2  2.429749E+05  2.874219E+05  5.343734E+03 -5.073443E+03 -8.028485E+03  1.687929E+04 _shell_0000000538   
       538   3  2.138212E+05  2.787371E+05 -3.331002E+03  5.121997E+03 -8.026885E+03  1.688072E+04 _shell_0000000538   
       538   4  2.138212E+05  2.787369E+05 -3.331427E+03 -5.076111E+03  8.026917E+03  1.688074E+04 _shell_0000000538   
       538   5 -2.434291E+05 -2.871628E+05 -3.340910E+03 -5.075939E+03  8.027030E+03  1.674796E+04 _shell_0000000538   
       538   6 -2.434291E+05 -2.871630E+05 -3.341113E+03  5.121751E+03 -8.026999E+03  1.674793E+04 _shell_0000000538   
       538   7 -2.144322E+05 -2.784780E+05  5.353805E+03 -5.073272E+03 -8.028583E+03  1.674648E+04 _shell_0000000538   
       538   8 -2.144322E+05 -2.784782E+05  5.353379E+03  5.119084E+03  8.028565E+03  1.674646E+04 _shell_0000000538   
       539   1  2.424500E+05  2.867555E+05  5.618865E+03 -2.974097E+04  8.771520E+03  1.737020E+04 _shell_0000000539   
       539   2  2.418774E+05  2.848307E+05  5.043939E+03 -3.990452E+04 -7.239266E+03  1.620177E+04 _shell_0000000539   
       539   3  2.133835E+05  2.780972E+05 -3.031590E+03 -3.041220E+04 -7.248973E+03  1.631051E+04 _shell_0000000539   
       539   4  2.128082E+05  2.761691E+05 -3.606381E+03 -4.058096E+04  8.758772E+03  1.726438E+04 _shell_0000000539   
       539   5 -2.429015E+05 -2.865000E+05 -3.615056E+03  2.989142E+04  8.779686E+03  1.724044E+04 _shell_0000000539   
       539   6 -2.423261E+05 -2.845815E+05 -3.041945E+03  4.005977E+04 -7.228286E+03  1.607409E+04 _shell_0000000539   
       539   7 -2.139844E+05 -2.778386E+05  5.054257E+03  3.056788E+04 -7.238941E+03  1.617775E+04 _shell_0000000539   
       539   8 -2.134118E+05 -2.759233E+05  5.627502E+03  4.073103E+04  8.772042E+03  1.713380E+04 _shell_0000000539   
       540   1  2.402634E+05  2.828198E+05  5.869074E+03 -6.442654E+04  9.482211E+03  1.767614E+04 _shell_0000000540   
       540   2  2.391157E+05  2.789622E+05  4.717067E+03 -7.450013E+04 -6.386428E+03  1.533309E+04 _shell_0000000540   
       540   3  2.114594E+05  2.742398E+05 -2.705547E+03 -6.577463E+04 -6.409717E+03  1.555090E+04 _shell_0000000540   
       540   4  2.103064E+05  2.703759E+05 -3.857061E+03 -7.585300E+04  9.456201E+03  1.746130E+04 _shell_0000000540   
       540   5 -2.407087E+05 -2.825825E+05 -3.864448E+03  6.467810E+04  9.499461E+03  1.755310E+04 _shell_0000000540   
       540   6 -2.395556E+05 -2.787373E+05 -2.715602E+03  7.475609E+04 -6.366686E+03  1.521419E+04 _shell_0000000540   
       540   7 -2.120433E+05 -2.739964E+05  4.727090E+03  6.603101E+04 -6.388542E+03  1.542477E+04 _shell_0000000540   
       540   8 -2.108955E+05 -2.701574E+05  5.876428E+03  7.610422E+04  9.480296E+03  1.733950E+04 _shell_0000000540   
       541   1  2.362998E+05  2.755734E+05  6.092815E+03 -9.871936E+04  1.017134E+04  1.779580E+04 _shell_0000000541   
       541   2  2.345720E+05  2.697666E+05  4.358852E+03 -1.086351E+05 -5.448026E+03  1.426569E+04 _shell_0000000541   
       541   3  2.079537E+05  2.671295E+05 -2.348585E+03 -1.007502E+05 -5.489394E+03  1.459600E+04 _shell_0000000541   
       541   4  2.062182E+05  2.613136E+05 -4.081691E+03 -1.106701E+05  1.012777E+04  1.746854E+04 _shell_0000000541   
       541   5 -2.367354E+05 -2.753687E+05 -4.087301E+03  9.906028E+04  1.019655E+04  1.768444E+04 _shell_0000000541   
       541   6 -2.349997E+05 -2.695806E+05 -2.357822E+03  1.089798E+05 -5.420853E+03  1.416039E+04 _shell_0000000541   
       541   7 -2.085141E+05 -2.669159E+05  4.368064E+03  1.010953E+05 -5.458335E+03  1.448142E+04 _shell_0000000541   
       541   8 -2.067861E+05 -2.611367E+05  6.098400E+03  1.110107E+05  1.016123E+04  1.736031E+04 _shell_0000000541   
       542   1  2.303595E+05  2.649423E+05  6.286235E+03 -1.323702E+05  1.084722E+04  1.772505E+04 _shell_0000000542   
       542   2  2.280440E+05  2.571607E+05  3.962732E+03 -1.420481E+05 -4.396460E+03  1.298840E+04 _shell_0000000542   
       542   3  2.027010E+05  2.567026E+05 -1.954105E+03 -1.350927E+05 -4.462718E+03  1.343671E+04 _shell_0000000542   
       542   4  2.003756E+05  2.489096E+05 -4.276374E+03 -1.447738E+05  1.077949E+04  1.727991E+04 _shell_0000000542   
       542   5 -2.307815E+05 -2.647844E+05 -4.279718E+03  1.327832E+05  1.087871E+04  1.762993E+04 _shell_0000000542   
       542   6 -2.284558E+05 -2.570282E+05 -1.962054E+03  1.424640E+05 -4.363733E+03  1.290105E+04 _shell_0000000542   
       542   7 -2.032319E+05 -2.565334E+05  3.970666E+03  1.355090E+05 -4.423664E+03  1.333821E+04 _shell_0000000542   
       542   8 -2.009161E+05 -2.487885E+05  6.289566E+03  1.451866E+05  1.082023E+04  1.718956E+04 _shell_0000000542   
       543   1  2.221464E+05  2.508160E+05  6.443040E+03 -1.650805E+05  1.151620E+04  1.745706E+04 _shell_0000000543   
       543   2  2.192326E+05  2.410247E+05  3.519518E+03 -1.744222E+05 -3.196768E+03  1.148899E+04 _shell_0000000543   
       543   3  1.954565E+05  2.428642E+05 -1.512862E+03 -1.685071E+05 -3.297242E+03  1.206092E+04 _shell_0000000543   
       543   4  1.925309E+05  2.330596E+05 -4.434757E+03 -1.778508E+05  1.141514E+04  1.688841E+04 _shell_0000000543   
       543   5 -2.225496E+05 -2.507188E+05 -4.435349E+03  1.655431E+05  1.155180E+04  1.738215E+04 _shell_0000000543   
       543   6 -2.196237E+05 -2.409598E+05 -1.519151E+03  1.748867E+05 -3.160820E+03  1.142324E+04 _shell_0000000543   
       543   7 -1.959520E+05 -2.427536E+05  3.525804E+03  1.689719E+05 -3.252637E+03  1.198248E+04 _shell_0000000543   
       543   8 -1.930379E+05 -2.330078E+05  6.443629E+03  1.783134E+05  1.146054E+04  1.681958E+04 _shell_0000000543   
       544   1  2.112466E+05  2.330429E+05  6.553809E+03 -1.964765E+05  1.218328E+04  1.698080E+04 _shell_0000000544   
       544   2  2.077213E+05  2.211988E+05  3.017269E+03 -2.053586E+05 -1.804439E+03  9.741865E+03 _shell_0000000544   
       544   3  1.858770E+05  2.254837E+05 -1.012811E+03 -2.006224E+05 -1.950381E+03  1.045307E+04 _shell_0000000544   
       544   4  1.823386E+05  2.136251E+05 -4.547328E+03 -2.095052E+05  1.203779E+04  1.627303E+04 _shell_0000000544   
       544   5 -2.116242E+05 -2.330192E+05 -4.544710E+03  1.969622E+05  1.222048E+04  1.692929E+04 _shell_0000000544   
       544   6 -2.080854E+05 -2.212141E+05 -1.017215E+03  2.058449E+05 -1.767933E+03  9.700529E+03 _shell_0000000544   
       544   7 -1.863311E+05 -2.254454E+05  3.021680E+03  2.011089E+05 -1.903122E+03  1.039785E+04 _shell_0000000544   
       544   8 -1.828055E+05 -2.136548E+05  6.551199E+03  2.099909E+05  1.208482E+04  1.622850E+04 _shell_0000000544   
       545   1  1.970962E+05  2.114243E+05  6.605163E+03 -2.261040E+05  1.285243E+04  1.628739E+04 _shell_0000000545   
       545   2  1.929440E+05  1.974773E+05  2.440299E+03 -2.343690E+05 -1.618970E+02  7.777687E+03 _shell_0000000545   
       545   3  1.734952E+05  2.043915E+05 -4.381558E+02 -2.309869E+05 -3.685297E+02  8.600155E+03 _shell_0000000545   
       545   4  1.693292E+05  1.904296E+05 -4.600629E+03 -2.392512E+05  1.264737E+04  1.546851E+04 _shell_0000000545   
       545   5 -1.974386E+05 -2.114844E+05 -4.594379E+03  2.265830E+05  1.288852E+04  1.626143E+04 _shell_0000000545   
       545   6 -1.932722E+05 -1.975824E+05 -4.407021E+02  2.348474E+05 -1.276373E+02  7.762436E+03 _shell_0000000545   
       545   7 -1.739003E+05 -2.044366E+05  2.442861E+03  2.314654E+05 -3.218028E+02  8.570317E+03 _shell_0000000545   
       545   8 -1.697478E+05 -1.905495E+05  6.598930E+03  2.397304E+05  1.269276E+04  1.544993E+04 _shell_0000000545   
       546   1  1.789063E+05  1.857076E+05  6.573377E+03 -2.532865E+05  1.353009E+04  1.533046E+04 _shell_0000000546   
       546   2  1.741191E+05  1.696334E+05  1.772260E+03 -2.607297E+05  1.811438E+03  5.322237E+03 _shell_0000000546   
       546   3  1.576562E+05  1.793752E+05  2.277690E+02 -2.589156E+05  1.530177E+03  6.469282E+03 _shell_0000000546   
       546   4  1.528551E+05  1.632865E+05 -4.570681E+03 -2.663567E+05  1.325157E+04  1.418714E+04 _shell_0000000546   
       546   5 -1.792009E+05 -1.858570E+05 -4.560665E+03  2.537289E+05  1.356238E+04  1.533092E+04 _shell_0000000546   
       546   6 -1.743995E+05 -1.698301E+05  2.268622E+02  2.611702E+05  1.840728E+03  5.333336E+03 _shell_0000000546   
       546   7 -1.580024E+05 -1.795100E+05  1.773189E+03  2.593560E+05  1.573088E+03  6.465726E+03 _shell_0000000546   
       546   8 -1.532148E+05 -1.634975E+05  6.563384E+03  2.667994E+05  1.329198E+04  1.419478E+04 _shell_0000000546   
       547   1  1.556200E+05  1.556187E+05  6.436794E+03 -2.776847E+05  1.422127E+04  1.422127E+04 _shell_0000000547   
       547   2  1.501973E+05  1.374212E+05  9.992063E+02 -2.840601E+05  4.186049E+03  3.833660E+03 _shell_0000000547   
       547   3  1.374219E+05  1.501960E+05  9.991321E+02 -2.840601E+05  3.833660E+03  4.186049E+03 _shell_0000000547   
       547   4  1.319862E+05  1.319854E+05 -4.435783E+03 -2.904319E+05  1.387273E+04  1.387273E+04 _shell_0000000547   
       547   5 -1.558514E+05 -1.558526E+05 -4.422037E+03  2.780631E+05  1.424755E+04  1.424755E+04 _shell_0000000547   
       547   6 -1.504153E+05 -1.376966E+05  9.992183E+02  2.844350E+05  4.208212E+03  3.869780E+03 _shell_0000000547   
       547   7 -1.376960E+05 -1.504166E+05  9.991447E+02  2.844350E+05  3.869779E+03  4.208213E+03 _shell_0000000547   
       547   8 -1.322729E+05 -1.322736E+05  6.423074E+03  2.908105E+05  1.390525E+04  1.390525E+04 _shell_0000000547   
       548   1  1.256146E+05  1.209002E+05  6.129303E+03 -2.962366E+05  1.499064E+04  1.219299E+04 _shell_0000000548   
       548   2  1.196696E+05  1.009714E+05  1.700190E+02 -3.012762E+05  7.059534E+03 -4.349248E+03 _shell_0000000548   
       548   3  1.112301E+05  1.166141E+05  1.828004E+03 -3.032245E+05  6.611284E+03  1.194190E+03 _shell_0000000548   
       548   4  1.052740E+05  9.667487E+04 -4.129014E+03 -3.082593E+05  1.454732E+04  6.653438E+03 _shell_0000000548   
       548   5 -1.257685E+05 -1.211927E+05 -4.112880E+03  2.965301E+05  1.500917E+04  1.224211E+04 _shell_0000000548   
       548   6 -1.198122E+05 -1.012780E+05  1.829130E+03  3.015663E+05  7.072859E+03 -4.291984E+03 _shell_0000000548   
       548   7 -1.114184E+05 -1.168957E+05  1.689151E+02  3.035133E+05  6.637985E+03  1.239198E+03 _shell_0000000548   
       548   8 -1.054731E+05 -9.699150E+04  6.113191E+03  3.085543E+05  1.456936E+04  6.707033E+03 _shell_0000000548   
       549   1  8.791455E+04  8.143400E+04  5.849773E+03 -3.195908E+05  1.567811E+04  1.314836E+04 _shell_0000000549   
       549   2  8.105968E+04  5.849361E+04 -1.016535E+03 -3.229102E+05  1.046189E+04  2.147560E+04 _shell_0000000549   
       549   3  7.845072E+04  7.861489E+04  3.016217E+03 -3.276456E+05  9.760283E+03  4.704047E+02 _shell_0000000549   
       549   4  7.158780E+04  5.566712E+04 -3.849061E+03 -3.309590E+05  1.498155E+04  3.415766E+04 _shell_0000000549   
       549   5 -8.798641E+04 -8.172029E+04 -3.832243E+03  3.197846E+05  1.568925E+04  1.321823E+04 _shell_0000000549   
       549   6 -8.112331E+04 -5.873529E+04  3.019424E+03  3.230932E+05  1.046767E+04  2.155108E+04 _shell_0000000549   
       549   7 -7.854818E+04 -7.889334E+04 -1.019726E+03  3.278335E+05  9.776863E+03  5.360035E+02 _shell_0000000549   
       549   8 -7.169313E+04 -5.591571E+04  5.832971E+03  3.311481E+05  1.499339E+04  3.422919E+04 _shell_0000000549   
       550   1  3.429190E+04  3.600906E+04  4.217719E+03 -2.841281E+05  1.735729E+04 -3.942422E+03 _shell_0000000550   
       550   2  2.888073E+04  1.797829E+04 -1.198079E+03 -2.852935E+05  1.550635E+04 -1.354019E+05 _shell_0000000550   
       550   3  3.092071E+04  3.500731E+04  3.202688E+03 -2.904848E+05  1.476156E+04 -1.394783E+04 _shell_0000000550   
       550   4  2.550591E+04  1.697339E+04 -2.215226E+03 -2.916455E+05  1.662085E+04 -1.253935E+05 _shell_0000000550   
       550   5 -3.430187E+04 -3.615497E+04 -2.198813E+03  2.842060E+05  1.736244E+04 -3.872336E+03 _shell_0000000550   
       550   6 -2.888702E+04 -1.794214E+04  3.211401E+03  2.853967E+05  1.550297E+04 -1.353304E+05 _shell_0000000550   
       550   7 -3.095379E+04 -3.514967E+04 -1.206786E+03  2.905581E+05  1.476814E+04 -1.388078E+04 _shell_0000000550   
       550   8 -2.554257E+04 -1.693998E+04  4.201310E+03  2.917535E+05  1.661926E+04 -1.253250E+05 _shell_0000000550   
       551   1  2.371182E+04  1.835570E+04 -3.142975E+02  3.070085E+05 -1.178700E+04 -1.458544E+05 _shell_0000000551   
       551   2  2.765755E+04  3.131079E+04  3.627186E+03  3.055056E+05 -1.416246E+04 -5.747718E+03 _shell_0000000551   
       551   3  1.937270E+04  1.706481E+04 -1.644938E+03  3.116412E+05 -7.492526E+03 -1.385509E+05 _shell_0000000551   
       551   4  2.332575E+04  3.002682E+04  2.312259E+03  3.101451E+05 -5.107404E+03 -1.304664E+04 _shell_0000000551   
       551   5 -2.366013E+04 -1.687704E+04  2.347537E+03 -3.072470E+05 -1.178910E+04 -1.457988E+05 _shell_0000000551   
       551   6 -2.761326E+04 -3.036597E+04 -1.609841E+03 -3.057269E+05 -1.417437E+04 -5.690179E+03 _shell_0000000551   
       551   7 -1.937793E+04 -1.559273E+04  3.592094E+03 -3.118869E+05 -7.493134E+03 -1.384998E+05 _shell_0000000551   
       551   8 -2.332375E+04 -2.907474E+04 -3.495712E+02 -3.103599E+05 -5.117542E+03 -1.299374E+04 _shell_0000000551   
       552   1  6.424916E+04  4.878662E+04 -7.463672E+01  3.468891E+05 -6.643760E+03  2.576305E+04 _shell_0000000552   
       552   2  6.982280E+04  6.725509E+04  5.500438E+03  3.428683E+05 -1.296332E+04  1.342582E+04 _shell_0000000552   
       552   3  5.282264E+04  4.536136E+04 -3.500018E+03  3.534343E+05 -6.659909E+03  3.608048E+04 _shell_0000000552   
       552   4  5.840757E+04  6.384074E+04  2.088991E+03  3.494218E+05 -3.347407E+02  3.114295E+03 _shell_0000000552   
       552   5 -6.419849E+04 -4.816395E+04  2.084783E+03 -3.472939E+05 -6.664263E+03  2.582149E+04 _shell_0000000552   
       552   6 -6.978368E+04 -6.705332E+04 -3.498975E+03 -3.432851E+05 -1.298971E+04  1.348280E+04 _shell_0000000552   
       552   7 -5.272585E+04 -4.474921E+04  5.499410E+03 -3.538481E+05 -6.682313E+03  3.613319E+04 _shell_0000000552   
       552   8 -5.829976E+04 -6.362765E+04 -7.041338E+01 -3.498311E+05 -3.624795E+02  3.165189E+03 _shell_0000000552   
       553   1  9.368370E+04  8.253820E+04  9.900893E+02  3.223766E+05 -3.816192E+03 -2.208662E+03 _shell_0000000553   
       553   2  9.843388E+04  9.840467E+04  5.759806E+03  3.167925E+05 -1.260304E+04  1.260304E+04 _shell_0000000553   
       553   3  7.777359E+04  7.777967E+04 -3.752928E+03  3.279542E+05 -6.583477E+03  6.583481E+03 _shell_0000000553   
       553   4  8.253212E+04  9.365449E+04  1.012720E+03  3.223766E+05  2.208671E+03  3.816194E+03 _shell_0000000553   
       553   5 -9.372008E+04 -8.254004E+04  9.900973E+02 -3.227109E+05 -3.848117E+03 -2.163895E+03 _shell_0000000553   
       553   6 -9.847896E+04 -9.850823E+04 -3.749241E+03 -3.171321E+05 -1.264050E+04  1.264050E+04 _shell_0000000553   
       553   7 -7.779551E+04 -7.778951E+04  5.756140E+03 -3.282961E+05 -6.623172E+03  6.623176E+03 _shell_0000000553   
       553   8 -8.254604E+04 -9.374935E+04  1.012732E+03 -3.227109E+05  2.163904E+03  3.848120E+03 _shell_0000000553   
       554   1  1.166548E+05  1.112362E+05  1.818288E+03  3.032265E+05 -1.194186E+03  6.611291E+03 _shell_0000000554   
       554   2  1.209409E+05  1.256220E+05  6.129631E+03  2.962386E+05 -1.219298E+04  1.499064E+04 _shell_0000000554   
       554   3  9.668103E+04  1.052801E+05 -4.134341E+03  3.082613E+05 -6.653438E+03  1.454732E+04 _shell_0000000554   
       554   4  1.009776E+05  1.196770E+05  1.748000E+02  3.012782E+05  4.349247E+03  7.059531E+03 _shell_0000000554   
       554   5 -1.168550E+05 -1.114123E+05  1.591976E+02 -3.035112E+05 -1.239201E+03  6.637985E+03 _shell_0000000554   
       554   6 -1.211520E+05 -1.257612E+05 -4.112550E+03 -2.965280E+05 -1.224212E+04  1.500917E+04 _shell_0000000554   
       554   7 -9.698532E+04 -1.054670E+05  6.107862E+03 -3.085522E+05 -6.707027E+03  1.456935E+04 _shell_0000000554   
       554   8 -1.012718E+05 -1.198049E+05  1.833912E+03 -3.015642E+05  4.291991E+03  7.072864E+03 _shell_0000000554   
       555   1  1.343412E+05  1.363577E+05  2.575596E+03  2.775810E+05  8.734469E+02  8.237834E+03 _shell_0000000555   
       555   2  1.380394E+05  1.487756E+05  6.293112E+03  2.695203E+05 -1.181718E+04  1.637225E+04 _shell_0000000555   
       555   3  1.113001E+05  1.294865E+05 -4.290425E+03  2.819266E+05 -6.864121E+03  1.508679E+04 _shell_0000000555   
       555   4  1.150088E+05  1.419161E+05 -5.766312E+02  2.738686E+05  5.828991E+03  9.527722E+03 _shell_0000000555   
       555   5 -1.346966E+05 -1.364964E+05 -5.861568E+02 -2.778960E+05  8.194813E+02  8.243861E+03 _shell_0000000555   
       555   6 -1.384058E+05 -1.488769E+05 -4.275952E+03 -2.698379E+05 -1.187385E+04  1.636920E+04 _shell_0000000555   
       555   7 -1.117693E+05 -1.296367E+05  6.278659E+03 -2.822459E+05 -6.927533E+03  1.508866E+04 _shell_0000000555   
       555   8 -1.154679E+05 -1.420055E+05  2.585141E+03 -2.741851E+05  5.763299E+03  9.519961E+03 _shell_0000000555   
       556   1  1.481475E+05  1.576720E+05  3.179909E+03  2.489217E+05  2.494031E+03  1.082227E+04 _shell_0000000556   
       556   2  1.513119E+05  1.683044E+05  6.360709E+03  2.400755E+05 -1.143585E+04  1.758232E+04 _shell_0000000556   
       556   3  1.228597E+05  1.501305E+05 -4.355857E+03  2.526419E+05 -7.092992E+03  1.668452E+04 _shell_0000000556   
       556   4  1.260350E+05  1.607752E+05 -1.177211E+03  2.437964E+05  6.837940E+03  1.172399E+04 _shell_0000000556   
       556   5 -1.486197E+05 -1.577590E+05 -1.185401E+03 -2.492650E+05  2.434639E+03  1.080646E+04 _shell_0000000556   
       556   6 -1.517954E+05 -1.683522E+05 -4.344712E+03 -2.404195E+05 -1.149650E+04  1.755775E+04 _shell_0000000556   
       556   7 -1.234533E+05 -1.502297E+05  6.349577E+03 -2.529875E+05 -7.161465E+03  1.666505E+04 _shell_0000000556   
       556   8 -1.266181E+05 -1.608106E+05  3.188113E+03 -2.441413E+05  6.768610E+03  1.169522E+04 _shell_0000000556   
       557   1  1.589570E+05  1.756387E+05  3.682552E+03  2.176941E+05  3.806574E+03  1.280155E+04 _shell_0000000557   
       557   2  1.616194E+05  1.845857E+05  6.358538E+03  2.082628E+05 -1.104687E+04  1.850587E+04 _shell_0000000557   
       557   3  1.319938E+05  1.675981E+05 -4.350544E+03  2.208255E+05 -7.312255E+03  1.773480E+04 _shell_0000000557   
       557   4  1.346664E+05  1.765571E+05 -1.675986E+03  2.113930E+05  7.540888E+03  1.357602E+04 _shell_0000000557   
       557   5 -1.595183E+05 -1.756658E+05 -1.684354E+03 -2.180463E+05  3.745995E+03  1.276440E+04 _shell_0000000557   
       557   6 -1.621913E+05 -1.845806E+05 -4.343718E+03 -2.086138E+05 -1.110735E+04  1.846054E+04 _shell_0000000557   
       557   7 -1.326848E+05 -1.676372E+05  6.351717E+03 -2.211781E+05 -7.381287E+03  1.769449E+04 _shell_0000000557   
       557   8 -1.353475E+05 -1.765400E+05  3.690924E+03 -2.117468E+05  7.472342E+03  1.352702E+04 _shell_0000000557   
       558   1  1.673620E+05  1.905430E+05  4.107390E+03  1.846262E+05  4.891395E+03  1.452590E+04 _shell_0000000558   
       558   2  1.695484E+05  1.978918E+05  6.305185E+03  1.747603E+05 -1.064829E+04  1.919270E+04 _shell_0000000558   
       558   3  1.391510E+05  1.821321E+05 -4.294689E+03  1.871992E+05 -7.531450E+03  1.857807E+04 _shell_0000000558   
       558   4  1.413467E+05  1.894919E+05 -2.097708E+03  1.773304E+05  8.006715E+03  1.514348E+04 _shell_0000000558   
       558   5 -1.679923E+05 -1.905179E+05 -2.106880E+03 -1.849614E+05  4.833596E+03  1.446893E+04 _shell_0000000558   
       558   6 -1.701884E+05 -1.978405E+05 -4.291464E+03 -1.750928E+05 -1.070477E+04  1.912846E+04 _shell_0000000558   
       558   7 -1.399234E+05 -1.821179E+05  6.301955E+03 -1.875330E+05 -7.596738E+03  1.851836E+04 _shell_0000000558   
       558   8 -1.421101E+05 -1.894296E+05  4.116557E+03 -1.776672E+05  7.943123E+03  1.507606E+04 _shell_0000000558   
       559   1  1.737883E+05  2.026093E+05  4.472304E+03  1.501894E+05  5.802198E+03  1.596863E+04 _shell_0000000559   
       559   2  1.755179E+05  2.084233E+05  6.211084E+03  1.400068E+05 -1.023785E+04  1.965364E+04 _shell_0000000559   
       559   3  1.446653E+05  1.939287E+05 -4.198343E+03  1.522262E+05 -7.741105E+03  1.917479E+04 _shell_0000000559   
       559   4  1.464027E+05  1.997522E+05 -2.460025E+03  1.420392E+05  8.296385E+03  1.645002E+04 _shell_0000000559   
       559   5 -1.744720E+05 -2.025402E+05 -2.469879E+03 -1.504829E+05  5.750789E+03  1.589420E+04 _shell_0000000559   
       559   6 -1.762098E+05 -2.083341E+05 -4.198418E+03 -1.402962E+05 -1.028689E+04  1.957311E+04 _shell_0000000559   
       559   7 -1.455047E+05 -1.938691E+05  6.211144E+03 -1.525165E+05 -7.798814E+03  1.909799E+04 _shell_0000000559   
       559   8 -1.472346E+05 -1.996536E+05  4.482142E+03 -1.423342E+05  8.241406E+03  1.636674E+04 _shell_0000000559   
       560   1  1.785462E+05  2.120007E+05  4.790739E+03  1.147671E+05  6.580883E+03  1.716575E+04 _shell_0000000560   
       560   2  1.798327E+05  2.163257E+05  6.084163E+03  1.043606E+05 -9.813057E+03  1.990208E+04 _shell_0000000560   
       560   3  1.487769E+05  2.031299E+05 -4.069603E+03  1.162834E+05 -7.938607E+03  1.955105E+04 _shell_0000000560   
       560   4  1.500695E+05  2.074623E+05 -2.776448E+03  1.058714E+05  8.451943E+03  1.751900E+04 _shell_0000000560   
       560   5 -1.792698E+05 -2.118972E+05 -2.786599E+03 -1.149977E+05  6.538921E+03  1.707690E+04 _shell_0000000560   
       560   6 -1.805627E+05 -2.162076E+05 -4.072600E+03 -1.045859E+05 -9.851818E+03  1.980848E+04 _shell_0000000560   
       560   7 -1.496685E+05 -2.030339E+05  6.087135E+03 -1.165094E+05 -7.985499E+03  1.946012E+04 _shell_0000000560   
       560   8 -1.509553E+05 -2.073369E+05  4.800865E+03 -1.061032E+05  8.408610E+03  1.742302E+04 _shell_0000000560   
       561   1  1.818577E+05  2.188342E+05  5.072284E+03  7.866071E+04  7.258669E+03  1.813466E+04 _shell_0000000561   
       561   2  1.827106E+05  2.217013E+05  5.929608E+03  6.810584E+04 -9.369916E+03  1.994648E+04 _shell_0000000561   
       561   3  1.516595E+05  2.098378E+05 -3.913683E+03  7.966733E+04 -8.118944E+03  1.971630E+04 _shell_0000000561   
       561   4  1.525166E+05  2.127099E+05 -3.056554E+03  6.910601E+04  8.505644E+03  1.836682E+04 _shell_0000000561   
       561   5 -1.826080E+05 -2.187053E+05 -3.066491E+03 -7.881179E+04  7.228560E+03  1.803493E+04 _shell_0000000561   
       561   6 -1.834652E+05 -2.215632E+05 -3.919246E+03 -6.825079E+04 -9.396215E+03  1.984348E+04 _shell_0000000561   
       561   7 -1.525869E+05 -2.097141E+05  5.935140E+03 -7.981265E+04 -8.152485E+03  1.961466E+04 _shell_0000000561   
       561   8 -1.534399E+05 -2.125670E+05  5.082190E+03 -6.925809E+04  8.476266E+03  1.826173E+04 _shell_0000000561   
       562   1  1.838728E+05  2.231884E+05  5.323661E+03  4.211835E+04  7.859744E+03  1.888972E+04 _shell_0000000562   
       562   2  1.842979E+05  2.246170E+05  5.750626E+03  3.147892E+04 -8.902596E+03  1.979201E+04 _shell_0000000562   
       562   3  1.534308E+05  2.141210E+05 -3.733842E+03  4.262191E+04 -8.275795E+03  1.967839E+04 _shell_0000000562   
       562   4  1.538580E+05  2.155522E+05 -3.307074E+03  3.197550E+04  8.482180E+03  1.900516E+04 _shell_0000000562   
       562   5 -1.846368E+05 -2.230432E+05 -3.316271E+03 -4.217869E+04  7.843170E+03  1.878297E+04 _shell_0000000562   
       562   6 -1.850640E+05 -2.244679E+05 -3.741580E+03 -3.153262E+04 -8.914990E+03  1.968358E+04 _shell_0000000562   
       562   7 -1.543757E+05 -2.139785E+05  5.758327E+03 -4.267562E+04 -8.294218E+03  1.956985E+04 _shell_0000000562   
       562   8 -1.548008E+05 -2.154006E+05  5.332821E+03 -3.203652E+04  8.468285E+03  1.889483E+04 _shell_0000000562   
       563   1  1.846788E+05  2.251103E+05  5.549219E+03  5.353286E+03  8.402876E+03  1.944033E+04 _shell_0000000563   
       563   2  1.846789E+05  2.251098E+05  5.548581E+03 -5.313608E+03 -8.402897E+03  1.944036E+04 _shell_0000000563   
       563   3  1.541594E+05  2.160208E+05 -3.531477E+03  5.356859E+03 -8.400625E+03  1.944122E+04 _shell_0000000563   
       563   4  1.541593E+05  2.160201E+05 -3.532356E+03 -5.317182E+03  8.400659E+03  1.944124E+04 _shell_0000000563   
       563   5 -1.854433E+05 -2.249577E+05 -3.540311E+03 -5.317048E+03  8.400751E+03  1.933068E+04 _shell_0000000563   
       563   6 -1.854432E+05 -2.249583E+05 -3.540949E+03  5.356648E+03 -8.400718E+03  1.933065E+04 _shell_0000000563   
       563   7 -1.551025E+05 -2.158682E+05  5.558015E+03 -5.313475E+03 -8.402978E+03  1.932977E+04 _shell_0000000563   
       563   8 -1.551025E+05 -2.158689E+05  5.557135E+03  5.353075E+03  8.402958E+03  1.932974E+04 _shell_0000000563   
       564   1  1.843050E+05  2.246182E+05  5.751254E+03 -3.143917E+04  8.902575E+03  1.979198E+04 _shell_0000000564   
       564   2  1.838800E+05  2.231885E+05  5.323049E+03 -4.207861E+04 -7.859766E+03  1.888974E+04 _shell_0000000564   
       564   3  1.538684E+05  2.155534E+05 -3.306182E+03 -3.193576E+04 -8.482145E+03  1.900513E+04 _shell_0000000564   
       564   4  1.534412E+05  2.141210E+05 -3.734685E+03 -4.258217E+04  8.275831E+03  1.967842E+04 _shell_0000000564   
       564   5 -1.850569E+05 -2.244668E+05 -3.740952E+03  3.157229E+04  8.915024E+03  1.968361E+04 _shell_0000000564   
       564   6 -1.846296E+05 -2.230432E+05 -3.316884E+03  4.221836E+04 -7.843137E+03  1.878294E+04 _shell_0000000564   
       564   7 -1.547904E+05 -2.153994E+05  5.333715E+03  3.207619E+04 -8.468306E+03  1.889486E+04 _shell_0000000564   
       564   8 -1.543653E+05 -2.139786E+05  5.757484E+03  4.271529E+04  8.294199E+03  1.956983E+04 _shell_0000000564   
       565   1  1.827245E+05  2.217029E+05  5.930196E+03 -6.806590E+04  9.369895E+03  1.994646E+04 _shell_0000000565   
       565   2  1.818717E+05  2.188349E+05  5.071743E+03 -7.862078E+04 -7.258693E+03  1.813470E+04 _shell_0000000565   
       565   3  1.525372E+05  2.127117E+05 -3.055672E+03 -6.906608E+04 -8.505607E+03  1.836680E+04 _shell_0000000565   
       565   4  1.516800E+05  2.098384E+05 -3.914464E+03 -7.962740E+04  8.118983E+03  1.971633E+04 _shell_0000000565   
       565   5 -1.834514E+05 -2.215616E+05 -3.918660E+03  6.829065E+04  9.396253E+03  1.984351E+04 _shell_0000000565   
       565   6 -1.825941E+05 -2.187046E+05 -3.067035E+03  7.885165E+04 -7.228525E+03  1.803490E+04 _shell_0000000565   
       565   7 -1.534194E+05 -2.125652E+05  5.083073E+03  6.929795E+04 -8.476289E+03  1.826176E+04 _shell_0000000565   
       565   8 -1.525664E+05 -2.097135E+05  5.934359E+03  7.985251E+04  8.152465E+03  1.961464E+04 _shell_0000000565   
       566   1  1.798524E+05  2.163280E+05  6.084675E+03 -1.043204E+05  9.813032E+03  1.990205E+04 _shell_0000000566   
       566   2  1.785660E+05  2.120023E+05  4.790335E+03 -1.147269E+05 -6.580911E+03  1.716579E+04 _shell_0000000566   
       566   3  1.500996E+05  2.074647E+05 -2.775611E+03 -1.058312E+05 -8.451903E+03  1.751897E+04 _shell_0000000566   
       566   4  1.488069E+05  2.031314E+05 -4.070286E+03 -1.162432E+05  7.938650E+03  1.955109E+04 _shell_0000000566   
       566   5 -1.805430E+05 -2.162054E+05 -4.072090E+03  1.046260E+05  9.851861E+03  1.980851E+04 _shell_0000000566   
       566   6 -1.792501E+05 -2.118956E+05 -2.787005E+03  1.150378E+05 -6.538882E+03  1.707687E+04 _shell_0000000566   
       566   7 -1.509252E+05 -2.073346E+05  4.801704E+03  1.061433E+05 -8.408637E+03  1.742305E+04 _shell_0000000566   
       566   8 -1.496385E+05 -2.030324E+05  6.086454E+03  1.165495E+05  7.985476E+03  1.946009E+04 _shell_0000000566   
       567   1  1.755418E+05  2.084262E+05  6.211477E+03 -1.399664E+05  1.023782E+04  1.965361E+04 _shell_0000000567   
       567   2  1.738124E+05  2.026118E+05  4.472142E+03 -1.501490E+05 -5.802232E+03  1.596867E+04 _shell_0000000567   
       567   3  1.464412E+05  1.997551E+05 -2.459287E+03 -1.419988E+05 -8.296338E+03  1.644998E+04 _shell_0000000567   
       567   4  1.447037E+05  1.939311E+05 -4.198878E+03 -1.521858E+05  7.741156E+03  1.917483E+04 _shell_0000000567   
       567   5 -1.761859E+05 -2.083313E+05 -4.198028E+03  1.403365E+05  1.028694E+04  1.957315E+04 _shell_0000000567   
       567   6 -1.744481E+05 -2.025377E+05 -2.470043E+03  1.505233E+05 -5.750743E+03  1.589416E+04 _shell_0000000567   
       567   7 -1.471961E+05 -1.996507E+05  4.482883E+03  1.423745E+05 -8.241440E+03  1.636679E+04 _shell_0000000567   
       567   8 -1.454663E+05 -1.938667E+05  6.210611E+03  1.525569E+05  7.798785E+03  1.909795E+04 _shell_0000000567   
       568   1  1.695740E+05  1.978953E+05  6.305404E+03 -1.747200E+05  1.064825E+04  1.919266E+04 _shell_0000000568   
       568   2  1.673878E+05  1.905467E+05  4.107663E+03 -1.845859E+05 -4.891438E+03  1.452595E+04 _shell_0000000568   
       568   3  1.413917E+05  1.894954E+05 -2.097159E+03 -1.772901E+05 -8.006659E+03  1.514343E+04 _shell_0000000568   
       568   4  1.391959E+05  1.821356E+05 -4.294971E+03 -1.871589E+05  7.531511E+03  1.857812E+04 _shell_0000000568   
       568   5 -1.701628E+05 -1.978370E+05 -4.291248E+03  1.751330E+05  1.070483E+04  1.912852E+04 _shell_0000000568   
       568   6 -1.679667E+05 -1.905142E+05 -2.106610E+03  1.850017E+05 -4.833541E+03  1.446888E+04 _shell_0000000568   
       568   7 -1.420652E+05 -1.894260E+05  4.117109E+03  1.777075E+05 -7.943166E+03  1.507611E+04 _shell_0000000568   
       568   8 -1.398786E+05 -1.821143E+05  6.301676E+03  1.875732E+05  7.596701E+03  1.851832E+04 _shell_0000000568   
       569   1  1.616424E+05  1.845896E+05  6.358511E+03 -2.082236E+05  1.104681E+04  1.850581E+04 _shell_0000000569   
       569   2  1.589803E+05  1.756435E+05  3.683553E+03 -2.176549E+05 -3.806633E+03  1.280162E+04 _shell_0000000569   
       569   3  1.347144E+05  1.765612E+05 -1.675817E+03 -2.113538E+05 -7.540816E+03  1.357596E+04 _shell_0000000569   
       569   4  1.320416E+05  1.676028E+05 -4.350515E+03 -2.207863E+05  7.312332E+03  1.773488E+04 _shell_0000000569   
       569   5 -1.621684E+05 -1.845767E+05 -4.343748E+03  2.086530E+05  1.110743E+04  1.846061E+04 _shell_0000000569   
       569   6 -1.594952E+05 -1.756610E+05 -1.683355E+03  2.180855E+05 -3.745924E+03  1.276434E+04 _shell_0000000569   
       569   7 -1.352997E+05 -1.765359E+05  3.691096E+03  2.117860E+05 -7.472400E+03  1.352709E+04 _shell_0000000569   
       569   8 -1.326371E+05 -1.676325E+05  6.351749E+03  2.212173E+05  7.381234E+03  1.769443E+04 _shell_0000000569   
       570   1  1.513257E+05  1.683082E+05  6.360385E+03 -2.400397E+05  1.143578E+04  1.758225E+04 _shell_0000000570   
       570   2  1.481615E+05  1.576781E+05  3.182347E+03 -2.488859E+05 -2.494103E+03  1.082235E+04 _shell_0000000570   
       570   3  1.260798E+05  1.607792E+05 -1.177734E+03 -2.437606E+05 -6.837856E+03  1.172392E+04 _shell_0000000570   
       570   4  1.229043E+05  1.501364E+05 -4.355005E+03 -2.526061E+05  7.093080E+03  1.668460E+04 _shell_0000000570   
       570   5 -1.517818E+05 -1.683483E+05 -4.345039E+03  2.404553E+05  1.149659E+04  1.755783E+04 _shell_0000000570   
       570   6 -1.486059E+05 -1.577528E+05 -1.182965E+03  2.493008E+05 -2.434557E+03  1.080639E+04 _shell_0000000570   
       570   7 -1.265734E+05 -1.608066E+05  3.187592E+03  2.441771E+05 -6.768681E+03  1.169530E+04 _shell_0000000570   
       570   8 -1.234088E+05 -1.502237E+05  6.350433E+03  2.530233E+05  7.161399E+03  1.666498E+04 _shell_0000000570   
       571   1  1.380334E+05  1.487770E+05  6.292503E+03 -2.694943E+05  1.181706E+04  1.637213E+04 _shell_0000000571   
       571   2  1.343356E+05  1.363595E+05  2.580154E+03 -2.775550E+05 -8.735689E+02  8.237961E+03 _shell_0000000571   
       571   3  1.150380E+05  1.419179E+05 -5.788092E+02 -2.738427E+05 -5.828860E+03  9.527599E+03 _shell_0000000571   
       571   4  1.113290E+05  1.294881E+05 -4.289691E+03 -2.819006E+05  6.864255E+03  1.508692E+04 _shell_0000000571   
       571   5 -1.384119E+05 -1.488754E+05 -4.276564E+03  2.698639E+05  1.187398E+04  1.636933E+04 _shell_0000000571   
       571   6 -1.347023E+05 -1.364945E+05 -5.816001E+02  2.779220E+05 -8.193523E+02  8.243737E+03 _shell_0000000571   
       571   7 -1.154388E+05 -1.420037E+05  2.582964E+03  2.742111E+05 -5.763419E+03  9.520089E+03 _shell_0000000571   
       571   8 -1.117405E+05 -1.296351E+05  6.279395E+03  2.822720E+05  6.927417E+03  1.508854E+04 _shell_0000000571   
       572   1  1.209007E+05  1.256139E+05  6.129336E+03 -2.962364E+05  1.219299E+04  1.499064E+04 _shell_0000000572   
       572   2  1.166146E+05  1.112296E+05  1.828046E+03 -3.032242E+05  1.194189E+03  6.611284E+03 _shell_0000000572   
       572   3  1.009715E+05  1.196689E+05  1.699852E+02 -3.012759E+05 -4.349248E+03  7.059534E+03 _shell_0000000572   
       572   4  9.667497E+04  1.052736E+05 -4.129036E+03 -3.082590E+05  6.653437E+03  1.454732E+04 _shell_0000000572   
       572   5 -1.211923E+05 -1.257692E+05 -4.112847E+03  2.965303E+05  1.224211E+04  1.500917E+04 _shell_0000000572   
       572   6 -1.168953E+05 -1.114187E+05  1.689569E+02  3.035136E+05  1.239197E+03  6.637985E+03 _shell_0000000572   
       572   7 -1.012780E+05 -1.198129E+05  1.829097E+03  3.015666E+05 -4.291985E+03  7.072859E+03 _shell_0000000572   
       572   8 -9.699147E+04 -1.054735E+05  6.113169E+03  3.085545E+05  6.707033E+03  1.456936E+04 _shell_0000000572   
       573   1  9.835902E+04  9.835873E+04  5.762711E+03 -3.168631E+05  1.260297E+04  1.260297E+04 _shell_0000000573   
       573   2  9.360900E+04  8.243480E+04  9.979128E+02 -3.224472E+05  3.816124E+03 -2.208616E+03 _shell_0000000573   
       573   3  8.243491E+04  9.360871E+04  9.978941E+02 -3.224472E+05 -2.208617E+03  3.816124E+03 _shell_0000000573   
       573   4  7.767621E+04  7.767611E+04 -3.763919E+03 -3.280248E+05  6.583530E+03  6.583530E+03 _shell_0000000573   
       573   5 -9.855387E+04 -9.855409E+04 -3.746337E+03  3.170616E+05  1.264055E+04  1.264055E+04 _shell_0000000573   
       573   6 -9.379483E+04 -8.264335E+04  9.979226E+02  3.226403E+05  3.848170E+03 -2.163970E+03 _shell_0000000573   
       573   7 -8.264331E+04 -9.379505E+04  9.979044E+02  3.226403E+05 -2.163971E+03  3.848170E+03 _shell_0000000573   
       573   8 -7.789295E+04 -7.789298E+04  5.745149E+03  3.282255E+05  6.623103E+03  6.623103E+03 _shell_0000000573   
       574   1  6.975547E+04  6.706194E+04  5.507161E+03 -3.430258E+05  1.296427E+04  1.342676E+04 _shell_0000000574   
       574   2  6.417925E+04  4.840124E+04 -8.206777E+01 -3.470466E+05  6.644707E+03  2.576207E+04 _shell_0000000574   
       574   3  5.829982E+04  6.364502E+04  2.077370E+03 -3.495793E+05  3.337654E+02  3.115235E+03 _shell_0000000574   
       574   4  5.271747E+04  4.497855E+04 -3.508532E+03 -3.535919E+05  6.658932E+03  3.607949E+04 _shell_0000000574   
       574   5 -6.985104E+04 -6.724636E+04 -3.492252E+03  3.431276E+05  1.298873E+04  1.348182E+04 _shell_0000000574   
       574   6 -6.426843E+04 -4.854925E+04  2.077350E+03  3.471364E+05  6.663288E+03  2.582243E+04 _shell_0000000574   
       574   7 -5.840753E+04 -6.382328E+04 -8.203283E+01  3.496736E+05  3.634259E+02  3.164207E+03 _shell_0000000574   
       574   8 -5.283105E+04 -4.513192E+04  5.490896E+03  3.536907E+05  6.683259E+03  3.613413E+04 _shell_0000000574   
       575   1  2.762480E+04  3.081453E+04  3.624024E+03 -3.056010E+05  1.416345E+04 -5.746749E+03 _shell_0000000575   
       575   2  2.367641E+04  1.768454E+04 -3.309508E+02 -3.071040E+05  1.178799E+04 -1.458554E+05 _shell_0000000575   
       575   3  2.331031E+04  2.952789E+04  2.329978E+03 -3.102406E+05  5.106400E+03 -1.304567E+04 _shell_0000000575   
       575   4  1.935993E+04  1.639632E+04 -1.622892E+03 -3.117367E+05  7.491530E+03 -1.385519E+05 _shell_0000000575   
       575   5 -2.764605E+04 -3.086215E+04 -1.613003E+03  3.056315E+05  1.417337E+04 -5.691194E+03 _shell_0000000575   
       575   6 -2.369558E+04 -1.754813E+04  2.330881E+03  3.071516E+05  1.178810E+04 -1.457978E+05 _shell_0000000575   
       575   7 -2.333921E+04 -2.957359E+04 -3.318493E+02  3.102645E+05  5.118521E+03 -1.299475E+04 _shell_0000000575   
       575   8 -1.939073E+04 -1.626115E+04  3.614139E+03  3.117915E+05  7.494121E+03 -1.384988E+05 _shell_0000000575   
       576   1  1.458387E+04  7.173242E+03 -4.829661E+02  3.345478E+05 -1.059931E+04 -1.514990E+05 _shell_0000000576   
       576   2  1.891744E+04  2.114239E+04  3.837784E+03  3.329922E+05 -1.304867E+04 -4.614546E+03 _shell_0000000576   
       576   3  1.017426E+04  5.826783E+03 -1.909676E+03  3.396531E+05 -3.485856E+04 -1.434507E+05 _shell_0000000576   
       576   4  1.454508E+04  1.983316E+04  2.529787E+03  3.381061E+05 -3.239795E+04 -1.265802E+04 _shell_0000000576   
       576   5 -1.441877E+04 -4.930160E+03  2.541271E+03 -3.349567E+05 -1.061665E+04 -1.514731E+05 _shell_0000000576   
       576   6 -1.878969E+04 -2.010211E+04 -1.842463E+03 -3.333943E+05 -1.307743E+04 -4.563237E+03 _shell_0000000576   
       576   7 -9.936511E+03 -3.620600E+03  3.770575E+03 -3.400697E+05 -3.485082E+04 -1.434296E+05 _shell_0000000576   
       576   8 -1.427018E+04 -1.875533E+04 -4.944464E+02 -3.384988E+05 -3.240130E+04 -1.261160E+04 _shell_0000000576   
       577   1  4.366128E+04  3.463573E+04  9.899360E+02  3.767253E+05 -6.232031E+03  2.990190E+04 _shell_0000000577   
       577   2  4.757951E+04  4.753852E+04  4.917789E+03  3.721190E+05 -1.347224E+04  1.347224E+04 _shell_0000000577   
       577   3  3.060468E+04  3.071781E+04 -2.879773E+03  3.813207E+05 -3.714855E+04  3.714856E+04 _shell_0000000577   
       577   4  3.452261E+04  4.362030E+04  1.030414E+03  3.767253E+05 -2.990188E+04  6.232035E+03 _shell_0000000577   
       577   5 -4.354391E+04 -3.417092E+04  9.899378E+02 -3.770035E+05 -6.260830E+03  2.994446E+04 _shell_0000000577   
       577   6 -4.746213E+04 -4.750315E+04 -2.918644E+03 -3.724105E+05 -1.350772E+04  1.350772E+04 _shell_0000000577   
       577   7 -3.036547E+04 -3.025240E+04  4.956671E+03 -3.816075E+05 -3.718486E+04  3.718487E+04 _shell_0000000577   
       577   8 -3.428398E+04 -4.358493E+04  1.030423E+03 -3.770035E+05 -2.994444E+04  6.260835E+03 _shell_0000000577   
       578   1  6.367431E+04  5.825268E+04  2.052488E+03  3.496098E+05 -3.115065E+03  3.339342E+02 _shell_0000000578   
       578   2  6.709080E+04  6.975059E+04  5.509675E+03  3.430563E+05 -1.342659E+04  1.296410E+04 _shell_0000000578   
       578   3  4.488040E+04  5.266989E+04 -3.536959E+03  3.536224E+05 -3.607965E+04  6.659098E+03 _shell_0000000578   
       578   4  4.830352E+04  6.417482E+04 -8.013072E+01  3.470771E+05 -2.576222E+04  6.644543E+03 _shell_0000000578   
       578   5 -6.379400E+04 -5.845468E+04 -1.069175E+02 -3.496430E+05 -3.164368E+03  3.632643E+02 _shell_0000000578   
       578   6 -6.721752E+04 -6.985592E+04 -3.489736E+03 -3.430971E+05 -1.348198E+04  1.298889E+04 _shell_0000000578   
       578   7 -4.523008E+04 -5.287863E+04  5.462467E+03 -3.536601E+05 -3.613395E+04  6.683094E+03 _shell_0000000578   
       578   8 -4.864696E+04 -6.427286E+04  2.079290E+03 -3.471058E+05 -2.582225E+04  6.663455E+03 _shell_0000000578   
       579   1  7.857305E+04  7.844520E+04  3.011346E+03  3.276868E+05 -4.709217E+02  9.759757E+03 _shell_0000000579   
       579   2  8.139358E+04  8.790701E+04  5.851614E+03  3.196320E+05 -1.314887E+04  1.567863E+04 _shell_0000000579   
       579   3  5.554279E+04  7.158369E+04 -3.846195E+03  3.310002E+05 -3.415712E+04  1.498102E+04 _shell_0000000579   
       579   4  5.836787E+04  8.105073E+04 -1.016402E+03  3.229514E+05 -2.147506E+04  1.046242E+04 _shell_0000000579   
       579   5 -7.893516E+04 -7.855369E+04 -1.024597E+03 -3.277923E+05 -5.354689E+02  9.777388E+03 _shell_0000000579   
       579   6 -8.176070E+04 -8.799394E+04 -3.830400E+03 -3.197433E+05 -1.321769E+04  1.568872E+04 _shell_0000000579   
       579   7 -5.604003E+04 -7.169723E+04  5.835835E+03 -3.311068E+05 -3.422970E+04  1.499391E+04 _shell_0000000579   
       579   8 -5.886102E+04 -8.113224E+04  3.019556E+03 -3.230520E+05 -2.155159E+04  1.046714E+04 _shell_0000000579   
       580   1  8.969060E+04  9.485837E+04  3.664476E+03  2.990649E+05  1.392049E+03  1.158678E+04 _shell_0000000580   
       580   2  9.209445E+04  1.029379E+05  6.085933E+03  2.899730E+05 -1.292210E+04  1.736430E+04 _shell_0000000580   
       580   3  6.371476E+04  8.711068E+04 -4.083224E+03  3.018925E+05 -3.222393E+04  1.603997E+04 _shell_0000000580   
       580   4  6.612596E+04  9.519858E+04 -1.663824E+03  2.928040E+05 -1.790741E+04  1.291543E+04 _shell_0000000580   
       580   5 -9.021125E+04 -9.495299E+04 -1.671328E+03 -2.992432E+05  1.315762E+03  1.158891E+04 _shell_0000000580   
       580   6 -9.262292E+04 -1.029950E+05 -4.065404E+03 -2.901546E+05 -1.300092E+04  1.736044E+04 _shell_0000000580   
       580   7 -6.433877E+04 -8.721352E+04  6.068127E+03 -3.020686E+05 -3.230668E+04  1.603809E+04 _shell_0000000580   
       580   8 -6.674311E+04 -9.524719E+04  3.671993E+03 -2.929767E+05 -1.799239E+04  1.290692E+04 _shell_0000000580   
       581   1  9.840841E+04  1.086561E+05  4.186476E+03  2.675939E+05  2.920620E+03  1.411047E+04 _shell_0000000581   
       581   2  1.004288E+05  1.154475E+05  6.222316E+03  2.577333E+05 -1.260689E+04  1.882287E+04 _shell_0000000581   
       581   3  7.024025E+04  1.002523E+05 -4.215040E+03  2.699729E+05 -2.984482E+04  1.785450E+04 _shell_0000000581   
       581   4  7.226814E+04  1.070525E+05 -2.179880E+03  2.601130E+05 -1.431666E+04  1.508246E+04 _shell_0000000581   
       581   5 -9.905774E+04 -1.087101E+05 -2.188620E+03 -2.678241E+05  2.838707E+03  1.409749E+04 _shell_0000000581   
       581   6 -1.010861E+05 -1.154730E+05 -4.201477E+03 -2.579642E+05 -1.268961E+04  1.880423E+04 _shell_0000000581   
       581   7 -7.098611E+04 -1.003150E+05  6.208761E+03 -2.701980E+05 -2.993283E+04  1.783821E+04 _shell_0000000581   
       581   8 -7.300692E+04 -1.070692E+05  4.195225E+03 -2.603374E+05 -1.440518E+04  1.505989E+04 _shell_0000000581   
       582   1  1.051993E+05  1.201131E+05  4.602163E+03  2.336552E+05  4.202667E+03  1.604405E+04 _shell_0000000582   
       582   2  1.068853E+05  1.257841E+05  6.302703E+03  2.232147E+05 -1.224061E+04  1.997943E+04 _shell_0000000582   
       582   3  7.536698E+04  1.112143E+05 -4.292865E+03  2.356428E+05 -2.727797E+04  1.916964E+04 _shell_0000000582   
       582   4  7.706047E+04  1.168941E+05 -2.591551E+03  2.252007E+05 -1.083564E+04  1.685677E+04 _shell_0000000582   
       582   5 -1.059631E+05 -1.201382E+05 -2.602214E+03 -2.339079E+05  4.120477E+03  1.601638E+04 _shell_0000000582   
       582   6 -1.076570E+05 -1.257828E+05 -4.281667E+03 -2.234658E+05 -1.232199E+04  1.994673E+04 _shell_0000000582   
       582   7 -7.624173E+04 -1.112482E+05  6.291507E+03 -2.358880E+05 -2.736557E+04  1.913931E+04 _shell_0000000582   
       582   8 -7.792823E+04 -1.168841E+05  4.612828E+03 -2.254477E+05 -1.092216E+04  1.682085E+04 _shell_0000000582   
       583   1  1.104631E+05  1.295506E+05  4.941936E+03  1.979369E+05  5.295506E+03  1.767852E+04 _shell_0000000583   
       583   2  1.118384E+05  1.341780E+05  6.330222E+03  1.870676E+05 -1.182549E+04  2.087338E+04 _shell_0000000583   
       583   3  7.939274E+04  1.202860E+05 -4.317503E+03  1.995602E+05 -2.451999E+04  2.022862E+04 _shell_0000000583   
       583   4  8.077477E+04  1.249214E+05 -2.927953E+03  1.886871E+05 -7.401378E+03  1.832559E+04 _shell_0000000583   
       583   5 -1.113304E+05 -1.295501E+05 -2.939791E+03 -1.981854E+05  5.218102E+03  1.763738E+04 _shell_0000000583   
       583   6 -1.127128E+05 -1.341551E+05 -4.309223E+03 -1.873124E+05 -1.190066E+04  2.082785E+04 _shell_0000000583   
       583   7 -8.039503E+04 -1.202936E+05  6.321937E+03 -1.997995E+05 -2.460212E+04  2.018541E+04 _shell_0000000583   
       583   8 -8.177072E+04 -1.248905E+05  4.953768E+03 -1.889303E+05 -7.480988E+03  1.827749E+04 _shell_0000000583   
       584   1  1.144760E+05  1.371462E+05  5.223563E+03  1.608955E+05  6.248342E+03  1.901680E+04 _shell_0000000584   
       584   2  1.155591E+05  1.407917E+05  6.317739E+03  1.497123E+05 -1.136914E+04  2.152571E+04 _shell_0000000584   
       584   3  8.249423E+04  1.276139E+05 -4.302503E+03  1.621758E+05 -2.162536E+04  2.102558E+04 _shell_0000000584   
       584   4  8.358311E+04  1.312663E+05 -3.206954E+03  1.509869E+05 -4.011480E+03  1.951870E+04 _shell_0000000584   
       584   5 -1.154336E+05 -1.371252E+05 -3.219081E+03 -1.611170E+05  6.180151E+03  1.896387E+04 _shell_0000000584   
       584   6 -1.165228E+05 -1.407523E+05 -4.297261E+03 -1.499283E+05 -1.143387E+04  2.146914E+04 _shell_0000000584   
       584   7 -8.361370E+04 -1.275999E+05  6.312485E+03 -1.623869E+05 -2.169748E+04  2.097107E+04 _shell_0000000584   
       584   8 -8.469718E+04 -1.312201E+05  5.235678E+03 -1.512039E+05 -4.079871E+03  1.946015E+04 _shell_0000000584   
       585   1  1.174397E+05  1.430348E+05  5.460157E+03  1.228981E+05  7.092776E+03  2.009653E+04 _shell_0000000585   
       585   2  1.182428E+05  1.457383E+05  6.271787E+03  1.114927E+05 -1.087617E+04  2.195219E+04 _shell_0000000585   
       585   3  8.481021E+04  1.333133E+05 -4.254371E+03  1.238491E+05 -1.862313E+04  2.158621E+04 _shell_0000000585   
       585   4  8.561780E+04  1.360223E+05 -3.441559E+03  1.124365E+05 -6.587467E+02  2.046387E+04 _shell_0000000585   
       585   5 -1.184706E+05 -1.429975E+05 -3.453040E+03 -1.230743E+05  7.037499E+03  2.003393E+04 _shell_0000000585   
       585   6 -1.192785E+05 -1.456872E+05 -4.252375E+03 -1.116620E+05 -1.092702E+04  2.188678E+04 _shell_0000000585   
       585   7 -8.602729E+04 -1.332815E+05  6.269772E+03 -1.240145E+05 -1.868146E+04  2.152240E+04 _shell_0000000585   
       585   8 -8.683067E+04 -1.359658E+05  5.471618E+03 -1.126093E+05 -7.123889E+02  2.039693E+04 _shell_0000000585   
       586   1  1.194990E+05  1.473072E+05  5.660856E+03  8.423593E+04  7.853146E+03  2.093855E+04 _shell_0000000586   
       586   2  1.200303E+05  1.490956E+05  6.197697E+03  7.268314E+04 -1.034910E+04  2.216398E+04 _shell_0000000586   
       586   3  8.643849E+04  1.374606E+05 -4.178569E+03  8.486692E+04 -1.553806E+04  2.192418E+04 _shell_0000000586   
       586   4  8.697282E+04  1.392528E+05 -3.640924E+03  7.330590E+04  2.658916E+03  2.117938E+04 _shell_0000000586   
       586   5 -1.205821E+05 -1.472575E+05 -3.650932E+03 -8.435331E+04  7.813661E+03  2.086869E+04 _shell_0000000586   
       586   6 -1.211166E+05 -1.490372E+05 -4.179895E+03 -7.279251E+04 -1.038345E+04  2.209219E+04 _shell_0000000586   
       586   7 -8.772607E+04 -1.374148E+05  6.198998E+03 -8.497347E+04 -1.557968E+04  2.185337E+04 _shell_0000000586   
       586   8 -8.825754E+04 -1.391907E+05  5.670839E+03 -7.342091E+04  2.622695E+03  2.110644E+04 _shell_0000000586   
       587   1  1.207518E+05  1.500245E+05  5.832022E+03  4.514954E+04  8.547521E+03  2.155849E+04 _shell_0000000587   
       587   2  1.210162E+05  1.509143E+05  6.098763E+03  3.351272E+04 -9.787790E+03  2.216782E+04 _shell_0000000587   
       587   3  8.744579E+04  1.401070E+05 -4.078457E+03  4.546606E+04 -1.238813E+04  2.204928E+04 _shell_0000000587   
       587   4  8.771177E+04  1.409986E+05 -3.811407E+03  3.382034E+04  5.941477E+03  2.167787E+04 _shell_0000000587   
       587   5 -1.218629E+05 -1.499662E+05 -3.819259E+03 -4.519887E+04  8.525826E+03  2.148399E+04 _shell_0000000587   
       587   6 -1.221289E+05 -1.508526E+05 -4.083060E+03 -3.355339E+04 -9.803920E+03  2.209232E+04 _shell_0000000587   
       587   7 -8.877114E+04 -1.400507E+05  6.103338E+03 -4.550517E+04 -1.241100E+04  2.197398E+04 _shell_0000000587   
       587   8 -8.903571E+04 -1.409352E+05  5.839846E+03 -3.386858E+04  5.924437E+03  2.160145E+04 _shell_0000000587   
       588   1  1.212553E+05  1.512226E+05  5.977683E+03  5.846070E+03  9.189253E+03  2.196640E+04 _shell_0000000588   
       588   2  1.212553E+05  1.512215E+05  5.976555E+03 -5.818049E+03 -9.189277E+03  2.196643E+04 _shell_0000000588   
       588   3  8.787112E+04  1.412827E+05 -3.955656E+03  5.850622E+03 -9.186329E+03  2.196680E+04 _shell_0000000588   
       588   4  8.787109E+04  1.412815E+05 -3.957033E+03 -5.822602E+03  9.186359E+03  2.196682E+04 _shell_0000000588   
       588   5 -1.223679E+05 -1.511594E+05 -3.962209E+03 -5.822524E+03  9.186427E+03  2.189003E+04 _shell_0000000588   
       588   6 -1.223679E+05 -1.511605E+05 -3.963338E+03  5.850460E+03 -9.186395E+03  2.189000E+04 _shell_0000000588   
       588   7 -8.919813E+04 -1.412195E+05  5.984207E+03 -5.817971E+03 -9.189339E+03  2.188962E+04 _shell_0000000588   
       588   8 -8.919817E+04 -1.412207E+05  5.982830E+03  5.845908E+03  9.189313E+03  2.188960E+04 _shell_0000000588   
       589   1  1.210290E+05  1.509157E+05  6.099865E+03 -3.348454E+04  9.787766E+03  2.216779E+04 _shell_0000000589   
       589   2  1.207646E+05  1.500238E+05  5.830877E+03 -4.512137E+04 -8.547546E+03  2.155852E+04 _shell_0000000589   
       589   3  8.772808E+04  1.410001E+05 -3.810003E+03 -3.379216E+04 -5.941448E+03  2.167784E+04 _shell_0000000589   
       589   4  8.746202E+04  1.401062E+05 -4.079811E+03 -4.543788E+04  1.238816E+04  2.204931E+04 _shell_0000000589   
       589   5 -1.221162E+05 -1.508512E+05 -4.081958E+03  3.358149E+04  9.803954E+03  2.209235E+04 _shell_0000000589   
       589   6 -1.218500E+05 -1.499670E+05 -3.820405E+03  4.522697E+04 -8.525794E+03  2.148396E+04 _shell_0000000589   
       589   7 -8.901942E+04 -1.409337E+05  5.841251E+03  3.389667E+04 -5.924464E+03  2.160148E+04 _shell_0000000589   
       589   8 -8.875493E+04 -1.400515E+05  6.101984E+03  4.553327E+04  1.241097E+04  2.197395E+04 _shell_0000000589   
       590   1  1.200557E+05  1.490975E+05  6.198760E+03 -7.265447E+04  1.034908E+04  2.216395E+04 _shell_0000000590   
       590   2  1.195244E+05  1.473068E+05  5.659707E+03 -8.420726E+04 -7.853173E+03  2.093858E+04 _shell_0000000590   
       590   3  8.700548E+04  1.392547E+05 -3.639486E+03 -7.327723E+04 -2.658883E+03  2.117936E+04 _shell_0000000590   
       590   4  8.647106E+04  1.374602E+05 -4.179900E+03 -8.483826E+04  1.553810E+04  2.192421E+04 _shell_0000000590   
       590   5 -1.210913E+05 -1.490354E+05 -4.178833E+03  7.282110E+04  1.038349E+04  2.209222E+04 _shell_0000000590   
       590   6 -1.205567E+05 -1.472579E+05 -3.652083E+03  8.438191E+04 -7.813627E+03  2.086866E+04 _shell_0000000590   
       590   7 -8.822492E+04 -1.391888E+05  5.672279E+03  7.344950E+04 -2.622724E+03  2.110647E+04 _shell_0000000590   
       590   8 -8.769353E+04 -1.374152E+05  6.197667E+03  8.500207E+04  1.557965E+04  2.185334E+04 _shell_0000000590   
       591   1  1.182806E+05  1.457405E+05  6.272794E+03 -1.114632E+05  1.087614E+04  2.195216E+04 _shell_0000000591   
       591   2  1.174775E+05  1.430349E+05  5.459023E+03 -1.228686E+05 -7.092808E+03  2.009657E+04 _shell_0000000591   
       591   3  8.566692E+04  1.360246E+05 -3.440080E+03 -1.124070E+05  6.587843E+02  2.046383E+04 _shell_0000000591   
       591   4  8.485924E+04  1.333134E+05 -4.255677E+03 -1.238196E+05  1.862317E+04  2.158625E+04 _shell_0000000591   
       591   5 -1.192408E+05 -1.456849E+05 -4.251370E+03  1.116914E+05  1.092706E+04  2.188682E+04 _shell_0000000591   
       591   6 -1.184329E+05 -1.429973E+05 -3.454177E+03  1.231038E+05 -7.037460E+03  2.003390E+04 _shell_0000000591   
       591   7 -8.678159E+04 -1.359635E+05  5.473100E+03  1.126387E+05  7.123548E+02  2.039697E+04 _shell_0000000591   
       591   8 -8.597831E+04 -1.332815E+05  6.268467E+03  1.240439E+05  1.868143E+04  2.152237E+04 _shell_0000000591   
       592   1  1.156085E+05  1.407945E+05  6.318659E+03 -1.496815E+05  1.136911E+04  2.152567E+04 _shell_0000000592   
       592   2  1.145255E+05  1.371470E+05  5.222486E+03 -1.608647E+05 -6.248382E+03  1.901684E+04 _shell_0000000592   
       592   3  8.364885E+04  1.312692E+05 -3.205424E+03 -1.509560E+05  4.011527E+03  1.951866E+04 _shell_0000000592   
       592   4  8.255986E+04  1.276146E+05 -4.303759E+03 -1.621450E+05  2.162542E+04  2.102563E+04 _shell_0000000592   
       592   5 -1.164735E+05 -1.407496E+05 -4.296343E+03  1.499590E+05  1.143393E+04  2.146919E+04 _shell_0000000592   
       592   6 -1.153842E+05 -1.371244E+05 -3.220161E+03  1.611478E+05 -6.180103E+03  1.896383E+04 _shell_0000000592   
       592   7 -8.463150E+04 -1.312172E+05  5.237210E+03  1.512346E+05  4.079830E+03  1.946019E+04 _shell_0000000592   
       592   8 -8.354814E+04 -1.275991E+05  6.311231E+03  1.624177E+05  2.169745E+04  2.097103E+04 _shell_0000000592   
       593   1  1.118982E+05  1.341814E+05  6.331002E+03 -1.870350E+05  1.182544E+04  2.087332E+04 _shell_0000000593   
       593   2  1.105230E+05  1.295524E+05  4.940980E+03 -1.979043E+05 -5.295559E+03  1.767859E+04 _shell_0000000593   
       593   3  8.085721E+04  1.249250E+05 -2.926373E+03 -1.886544E+05  7.401440E+03  1.832553E+04 _shell_0000000593   
       593   4  7.947502E+04  1.202876E+05 -4.318701E+03 -1.995275E+05  2.452006E+04  2.022869E+04 _shell_0000000593   
       593   5 -1.126530E+05 -1.341517E+05 -4.308446E+03  1.873450E+05  1.190072E+04  2.082791E+04 _shell_0000000593   
       593   6 -1.112705E+05 -1.295483E+05 -2.940750E+03  1.982180E+05 -5.218039E+03  1.763732E+04 _shell_0000000593   
       593   7 -8.168836E+04 -1.248869E+05  4.955352E+03  1.889629E+05  7.480935E+03  1.827755E+04 _shell_0000000593   
       593   8 -8.031283E+04 -1.202919E+05  6.320742E+03  1.998321E+05  2.460207E+04  2.018535E+04 _shell_0000000593   
       594   1  1.069533E+05  1.257884E+05  6.303259E+03 -2.231796E+05  1.224054E+04  1.997936E+04 _shell_0000000594   
       594   2  1.052674E+05  1.201166E+05  4.601554E+03 -2.336200E+05 -4.202739E+03  1.604413E+04 _shell_0000000594   
       594   3  7.715943E+04  1.168986E+05 -2.589922E+03 -2.251656E+05  1.083573E+04  1.685670E+04 _shell_0000000594   
       594   4  7.546573E+04  1.112177E+05 -4.293802E+03 -2.356077E+05  2.727806E+04  1.916972E+04 _shell_0000000594   
       594   5 -1.075892E+05 -1.257785E+05 -4.281114E+03  2.235010E+05  1.232208E+04  1.994681E+04 _shell_0000000594   
       594   6 -1.058950E+05 -1.201346E+05 -2.602826E+03  2.339430E+05 -4.120393E+03  1.601631E+04 _shell_0000000594   
       594   7 -7.782936E+04 -1.168795E+05  4.614460E+03  2.254828E+05  1.092209E+04  1.682093E+04 _shell_0000000594   
       594   8 -7.614307E+04 -1.112448E+05  6.290574E+03  2.359232E+05  2.736551E+04  1.913924E+04 _shell_0000000594   
       595   1  1.005002E+05  1.154530E+05  6.222460E+03 -2.576951E+05  1.260677E+04  1.882275E+04 _shell_0000000595   
       595   2  9.848022E+04  1.086613E+05  4.186438E+03 -2.675557E+05 -2.920743E+03  1.411061E+04 _shell_0000000595   
       595   3  7.238242E+04  1.070583E+05 -2.178304E+03 -2.600748E+05  1.431680E+04  1.508233E+04 _shell_0000000595   
       595   4  7.035418E+04  1.002572E+05 -4.215995E+03 -2.699346E+05  2.984497E+04  1.785464E+04 _shell_0000000595   
       595   5 -1.010147E+05 -1.154675E+05 -4.201336E+03  2.580025E+05  1.268975E+04  1.880437E+04 _shell_0000000595   
       595   6 -9.898605E+04 -1.087049E+05 -2.188660E+03  2.678624E+05 -2.838569E+03  1.409737E+04 _shell_0000000595   
       595   7 -7.289273E+04 -1.070633E+05  4.196802E+03  2.603756E+05  1.440505E+04  1.506002E+04 _shell_0000000595   
       595   8 -7.087228E+04 -1.003101E+05  6.207810E+03  2.702362E+05  2.993271E+04  1.783808E+04 _shell_0000000595   
       596   1  9.216039E+04  1.029451E+05  6.085461E+03 -2.899313E+05  1.292196E+04  1.736416E+04 _shell_0000000596   
       596   2  8.975693E+04  9.487015E+04  3.666642E+03 -2.990232E+05 -1.392190E+03  1.158693E+04 _shell_0000000596   
       596   3  6.625250E+04  9.520613E+04 -1.662376E+03 -2.927622E+05  1.790757E+04  1.291529E+04 _shell_0000000596   
       596   4  6.384090E+04  8.712206E+04 -4.081821E+03 -3.018508E+05  3.222410E+04  1.604013E+04 _shell_0000000596   
       596   5 -9.255710E+04 -1.029878E+05 -4.065879E+03  2.901964E+05  1.300108E+04  1.736060E+04 _shell_0000000596   
       596   6 -9.014502E+04 -9.494116E+04 -1.669164E+03  2.992851E+05 -1.315604E+03  1.158876E+04 _shell_0000000596   
       596   7 -6.661666E+04 -9.523959E+04  3.673443E+03  2.930185E+05  1.799225E+04  1.290707E+04 _shell_0000000596   
       596   8 -6.421273E+04 -8.720208E+04  6.069532E+03  3.021105E+05  3.230655E+04  1.603795E+04 _shell_0000000596   
       597   1  8.143402E+04  8.791427E+04  5.849818E+03 -3.195906E+05  1.314836E+04  1.567811E+04 _shell_0000000597   
       597   2  7.861490E+04  7.845052E+04  3.016232E+03 -3.276454E+05  4.704044E+02  9.760283E+03 _shell_0000000597   
       597   3  5.849348E+04  8.105940E+04 -1.016537E+03 -3.229100E+05  2.147560E+04  1.046189E+04 _shell_0000000597   
       597   4  5.566699E+04  7.158759E+04 -3.849086E+03 -3.309588E+05  3.415766E+04  1.498155E+04 _shell_0000000597   
       597   5 -8.172035E+04 -8.798663E+04 -3.832198E+03  3.197848E+05  1.321823E+04  1.568925E+04 _shell_0000000597   
       597   6 -7.889340E+04 -7.854831E+04 -1.019711E+03  3.278337E+05  5.360023E+02  9.776864E+03 _shell_0000000597   
       597   7 -5.873549E+04 -8.112352E+04  3.019421E+03  3.230934E+05  2.155107E+04  1.046767E+04 _shell_0000000597   
       597   8 -5.591592E+04 -7.169325E+04  5.832946E+03  3.311483E+05  3.422919E+04  1.499339E+04 _shell_0000000597   
       598   1  6.706199E+04  6.975534E+04  5.507175E+03 -3.430258E+05  1.342676E+04  1.296427E+04 _shell_0000000598   
       598   2  6.364507E+04  5.829974E+04  2.077375E+03 -3.495793E+05  3.115235E+03  3.337653E+02 _shell_0000000598   
       598   3  4.840123E+04  6.417912E+04 -8.206961E+01 -3.470466E+05  2.576207E+04  6.644708E+03 _shell_0000000598   
       598   4  4.497855E+04  5.271740E+04 -3.508538E+03 -3.535918E+05  3.607949E+04  6.658934E+03 _shell_0000000598   
       598   5 -6.724639E+04 -6.985109E+04 -3.492238E+03  3.431277E+05  1.348182E+04  1.298873E+04 _shell_0000000598   
       598   6 -6.382331E+04 -5.840753E+04 -8.202771E+01  3.496736E+05  3.164206E+03  3.634265E+02 _shell_0000000598   
       598   7 -4.854933E+04 -6.426848E+04  2.077348E+03  3.471364E+05  2.582243E+04  6.663289E+03 _shell_0000000598   
       598   8 -4.513200E+04 -5.283104E+04  5.490890E+03  3.536907E+05  3.613413E+04  6.683261E+03 _shell_0000000598   
       599   1  4.747483E+04  4.747479E+04  4.923640E+03 -3.722587E+05  1.347156E+04  1.347156E+04 _shell_0000000599   
       599   2  4.355839E+04  3.436517E+04  9.958650E+02 -3.768650E+05  6.231361E+03  2.990254E+04 _shell_0000000599   
       599   3  3.436520E+04  4.355834E+04  9.958658E+02 -3.768650E+05  2.990254E+04  6.231362E+03 _shell_0000000599   
       599   4  3.044551E+04  3.044548E+04 -2.926126E+03 -3.814604E+05  3.714921E+04  3.714921E+04 _shell_0000000599   
       599   5 -4.756683E+04 -4.756679E+04 -2.912791E+03  3.722709E+05  1.350836E+04  1.350837E+04 _shell_0000000599   
       599   6 -4.364684E+04 -3.444138E+04  9.958703E+02  3.768639E+05  6.261483E+03  2.994378E+04 _shell_0000000599   
       599   7 -3.444143E+04 -4.364680E+04  9.958713E+02  3.768639E+05  2.994378E+04  6.261484E+03 _shell_0000000599   
       599   8 -3.052469E+04 -3.052464E+04  4.910316E+03  3.814678E+05  3.718419E+04  3.718419E+04 _shell_0000000599   
       600   1  1.884002E+04  2.062022E+04  3.841359E+03 -3.332035E+05  1.305572E+04 -4.607507E+03 _shell_0000000600   
       600   2  1.448749E+04  6.114200E+03 -5.188072E+02 -3.347591E+05  1.060637E+04 -1.515061E+05 _shell_0000000600   
       600   3  1.439866E+04  1.929203E+04  2.510532E+03 -3.383174E+05  3.239087E+04 -1.265097E+04 _shell_0000000600   
       600   4  1.004680E+04  4.786704E+03 -1.841389E+03 -3.398644E+05  3.485148E+04 -1.434578E+05 _shell_0000000600   
       600   5 -1.886714E+04 -2.062420E+04 -1.838887E+03  3.331831E+05  1.307035E+04 -4.570332E+03 _shell_0000000600   
       600   6 -1.451519E+04 -5.989130E+03  2.505427E+03  3.347455E+05  1.060957E+04 -1.514661E+05 _shell_0000000600   
       600   7 -1.441663E+04 -1.929638E+04 -5.136984E+02  3.382875E+05  3.240835E+04 -1.261869E+04 _shell_0000000600   
       600   8 -1.006400E+04 -4.660610E+03  3.838861E+03  3.398585E+05  3.485787E+04 -1.434225E+05 _shell_0000000600   
       601   1  4.519028E+03 -7.900150E+02  1.050843E+03  3.001871E+05  9.923666E+03 -1.430913E+05 _shell_0000000601   
       601   2  7.500324E+03  7.724045E+03  3.982859E+03  2.966656E+05  4.384312E+03 -4.384306E+03 _shell_0000000601   
       601   3 -5.967003E+03 -3.806273E+03 -2.023096E+03  3.037007E+05  1.375428E+05 -1.375428E+05 _shell_0000000601   
       601   4 -2.950754E+03  4.742740E+03  1.023200E+03  3.001871E+05  1.430913E+05 -9.923657E+03 _shell_0000000601   
       601   5 -4.387992E+03  4.384590E+03  1.050841E+03 -3.007530E+05  9.904755E+03 -1.430885E+05 _shell_0000000601   
       601   6 -7.404424E+03 -7.180717E+03 -2.014872E+03 -2.972337E+05  4.356198E+03 -4.356192E+03 _shell_0000000601   
       601   7  5.205326E+03  7.366078E+03  3.974637E+03 -3.042803E+05  1.375490E+05 -1.375490E+05 _shell_0000000601   
       601   8  2.223847E+03 -4.164276E+03  1.023204E+03 -3.007530E+05  1.430885E+05 -9.904746E+03 _shell_0000000601   
       602   1  1.918763E+04  1.415313E+04  2.449575E+03  3.384157E+05  1.264729E+04  3.238718E+04 _shell_0000000602   
       602   2  2.052573E+04  1.881028E+04  3.844603E+03  3.333018E+05  4.603821E+03  1.305941E+04 _shell_0000000602   
       602   3  4.182175E+03  9.811184E+03 -1.856195E+03  3.399627E+05  1.434615E+05  3.484779E+04 _shell_0000000602   
       602   4  5.499758E+03  1.444783E+04 -5.357610E+02  3.348574E+05  1.515098E+05  1.061007E+04 _shell_0000000602   
       602   5 -1.940081E+04 -1.466215E+04 -5.746608E+02 -3.381892E+05  1.262239E+04  3.241205E+04 _shell_0000000602   
       602   6 -2.071872E+04 -1.889688E+04 -1.835645E+03 -3.330847E+05  4.574034E+03  1.306665E+04 _shell_0000000602   
       602   7 -5.265157E+03 -1.029962E+04  3.824057E+03 -3.397601E+05  1.434188E+05  3.486156E+04 _shell_0000000602   
       602   8 -6.603583E+03 -1.455484E+04  2.488477E+03 -3.346471E+05  1.514624E+05  1.060588E+04 _shell_0000000602   
       603   1  2.932158E+04  2.334574E+04  2.330509E+03  3.102881E+05  1.304362E+04  5.104343E+03 _shell_0000000603   
       603   2  3.061374E+04  2.761462E+04  3.624939E+03  3.056485E+05  5.744701E+03  1.416550E+04 _shell_0000000603   
       603   3  1.600247E+04  1.940088E+04 -1.595180E+03  3.117842E+05  1.385540E+05  7.489469E+03 _shell_0000000603   
       603   4  1.728516E+04  2.366071E+04 -3.398356E+02  3.071515E+05  1.458575E+05  1.179005E+04 _shell_0000000603   
       603   5 -2.977990E+04 -2.330378E+04 -3.313179E+02 -3.102169E+05  1.299682E+04  5.120581E+03 _shell_0000000603   
       603   6 -3.106295E+04 -2.765621E+04 -1.612088E+03 -3.055839E+05  5.693263E+03  1.417131E+04 _shell_0000000603   
       603   7 -1.665501E+04 -1.934978E+04  3.641851E+03 -3.117439E+05  1.384968E+05  7.496178E+03 _shell_0000000603   
       603   8 -1.794751E+04 -2.371127E+04  2.321996E+03 -3.071041E+05  1.457957E+05  1.178604E+04 _shell_0000000603   
       604   1  3.481216E+04  3.090652E+04  3.205373E+03  2.905173E+05  1.394757E+04  1.476129E+04 _shell_0000000604   
       604   2  3.581463E+04  3.428308E+04  4.216004E+03  2.841606E+05  3.942164E+03  1.735755E+04 _shell_0000000604   
       604   3  1.667635E+04  2.549245E+04 -2.211861E+03  2.916781E+05  1.253937E+05  1.662058E+04 _shell_0000000604   
       604   4  1.768053E+04  2.887120E+04 -1.203924E+03  2.853260E+05  1.354021E+05  1.550662E+04 _shell_0000000604   
       604   5 -3.534481E+04 -3.096796E+04 -1.204101E+03 -2.905255E+05  1.388106E+04  1.476840E+04 _shell_0000000604   
       604   6 -3.634939E+04 -3.431068E+04 -2.200526E+03 -2.841734E+05  3.872614E+03  1.736217E+04 _shell_0000000604   
       604   7 -1.723702E+04 -2.555602E+04  4.204675E+03 -2.917209E+05  1.253247E+05  1.661952E+04 _shell_0000000604   
       604   8 -1.823989E+04 -2.889655E+04  3.205555E+03 -2.853641E+05  1.353302E+05  1.550270E+04 _shell_0000000604   
       605   1  3.955002E+04  3.693264E+04  3.501985E+03  2.643041E+05  1.375185E+04  1.646162E+04 _shell_0000000605   
       605   2  4.038192E+04  3.973059E+04  4.345819E+03  2.574513E+05  2.962960E+03  1.944963E+04 _shell_0000000605   
       605   3  2.001403E+04  3.109469E+04 -2.337048E+03  2.652641E+05  1.135894E+05  1.800552E+04 _shell_0000000605   
       605   4  2.084834E+04  3.389565E+04 -1.493694E+03  2.584139E+05  1.243800E+05  1.791265E+04 _shell_0000000605   
       605   5 -4.018103E+04 -3.695960E+04 -1.501158E+03 -2.643662E+05  1.367538E+04  1.646281E+04 _shell_0000000605   
       605   6 -4.101575E+04 -3.974120E+04 -2.323946E+03 -2.575160E+05  2.884758E+03  1.944870E+04 _shell_0000000605   
       605   7 -2.063814E+04 -3.112463E+04  4.332721E+03 -2.653627E+05  1.135108E+05  1.799996E+04 _shell_0000000605   
       605   8 -2.147044E+04 -3.390322E+04  3.509453E+03 -2.585099E+05  1.242997E+05  1.790463E+04 _shell_0000000605   
       606   1  4.305806E+04  4.185505E+04  3.821626E+03  2.361130E+05  1.344496E+04  1.894000E+04 _shell_0000000606   
       606   2  4.375646E+04  4.421446E+04  4.535496E+03  2.286653E+05  1.716846E+03  2.126404E+04 _shell_0000000606   
       606   3  2.181160E+04  3.550884E+04 -2.526238E+03  2.369172E+05  1.000039E+05  2.023738E+04 _shell_0000000606   
       606   4  2.251350E+04  3.787240E+04 -1.808996E+03  2.294700E+05  1.117324E+05  1.997215E+04 _shell_0000000606   
       606   5 -4.382503E+04 -4.188462E+04 -1.822164E+03 -2.362059E+05  1.336348E+04  1.893501E+04 _shell_0000000606   
       606   6 -4.452732E+04 -4.421448E+04 -2.508989E+03 -2.287587E+05  1.635000E+03  2.125781E+04 _shell_0000000606   
       606   7 -2.259334E+04 -3.554255E+04  4.518249E+03 -2.370460E+05  9.992126E+04  2.022706E+04 _shell_0000000606   
       606   8 -2.329213E+04 -3.786827E+04  3.834796E+03 -2.295983E+05  1.116494E+05  1.996026E+04 _shell_0000000606   
       607   1  4.578140E+04  4.593101E+04  4.050473E+03  2.058380E+05  1.284948E+04  2.077317E+04 _shell_0000000607   
       607   2  4.635935E+04  4.788764E+04  4.645134E+03  1.979963E+05  4.989478E+02  2.270305E+04 _shell_0000000607   
       607   3  2.338543E+04  3.924840E+04 -2.632956E+03  2.065020E+05  8.584760E+04  2.184727E+04 _shell_0000000607   
       607   4  2.396695E+04  4.120926E+04 -2.034052E+03  1.986590E+05  9.819722E+04  2.163314E+04 _shell_0000000607   
       607   5 -4.670628E+04 -4.595425E+04 -2.050096E+03 -2.059444E+05  1.276849E+04  2.076255E+04 _shell_0000000607   
       607   6 -4.728815E+04 -4.788055E+04 -2.615270E+03 -1.981014E+05  4.188308E+02  2.269150E+04 _shell_0000000607   
       607   7 -2.437202E+04 -3.927589E+04  4.627448E+03 -2.066419E+05  8.576573E+04  2.183261E+04 _shell_0000000607   
       607   8 -2.495034E+04 -4.119795E+04  4.066517E+03 -1.988003E+05  9.811630E+04  2.161725E+04 _shell_0000000607   
       608   1  4.785611E+04  4.925798E+04  4.236241E+03  1.741188E+05  1.209364E+04  2.229517E+04 _shell_0000000608   
       608   2  4.832613E+04  5.085273E+04  4.722597E+03  1.659713E+05 -7.404133E+02  2.384652E+04 _shell_0000000608   
       608   3  2.455804E+04  4.231424E+04 -2.707573E+03  1.746582E+05  7.108137E+04  2.316892E+04 _shell_0000000608   
       608   4  2.503142E+04  4.391297E+04 -2.216784E+03  1.665076E+05  8.391340E+04  2.297576E+04 _shell_0000000608   
       608   5 -4.894430E+04 -4.927705E+04 -2.233632E+03 -1.742252E+05  1.201788E+04  2.227943E+04 _shell_0000000608   
       608   6 -4.941799E+04 -5.084171E+04 -2.690997E+03 -1.660747E+05 -8.141833E+02  2.383010E+04 _shell_0000000608   
       608   7 -2.576294E+04 -4.233732E+04  4.706018E+03 -1.747937E+05  7.100498E+04  2.315032E+04 _shell_0000000608   
       608   8 -2.623328E+04 -4.389800E+04  4.253086E+03 -1.666463E+05  8.383907E+04  2.295621E+04 _shell_0000000608   
       609   1  4.941623E+04  5.192357E+04  4.383331E+03  1.413051E+05  1.120360E+04  2.350989E+04 _shell_0000000609   
       609   2  4.978537E+04  5.317790E+04  4.766918E+03  1.329359E+05 -1.981307E+03  2.471983E+04 _shell_0000000609   
       609   3  2.545690E+04  4.479055E+04 -2.749004E+03  1.417286E+05  5.590608E+04  2.419616E+04 _shell_0000000609   
       609   4  2.582892E+04  4.604833E+04 -2.361424E+03  1.333548E+05  6.908803E+04  2.403555E+04 _shell_0000000609   
       609   5 -5.065698E+04 -5.193759E+04 -2.377228E+03 -1.414009E+05  1.113726E+04  2.348976E+04 _shell_0000000609   
       609   6 -5.102926E+04 -5.316541E+04 -2.735064E+03 -1.330272E+05 -2.044729E+03  2.469918E+04 _shell_0000000609   
       609   7 -2.686781E+04 -4.480806E+04  4.752974E+03 -1.418478E+05  5.583926E+04  2.417415E+04 _shell_0000000609   
       609   8 -2.723721E+04 -4.603244E+04  4.399130E+03 -1.334786E+05  6.902421E+04  2.401281E+04 _shell_0000000609   
       610   1  5.055362E+04  5.398155E+04  4.501001E+03  1.077014E+05  1.021418E+04  2.445699E+04 _shell_0000000610   
       610   2  5.082684E+04  5.491082E+04  4.785638E+03  9.917454E+04 -3.220326E+03  2.534719E+04 _shell_0000000610   
       610   3  2.612010E+04  4.671408E+04 -2.765143E+03  1.080154E+05  4.043159E+04  2.496490E+04 _shell_0000000610   
       610   4  2.639557E+04  4.764606E+04 -2.477303E+03  9.948272E+04  5.386240E+04  2.484046E+04 _shell_0000000610   
       610   5 -5.192289E+04 -5.399050E+04 -2.490638E+03 -1.077785E+05  1.016070E+04  2.443330E+04 _shell_0000000610   
       610   6 -5.219857E+04 -5.489883E+04 -2.754895E+03 -9.924594E+04 -3.270147E+03  2.532312E+04 _shell_0000000610   
       610   7 -2.770526E+04 -4.672580E+04  4.775382E+03 -1.081089E+05  4.037775E+04  2.494012E+04 _shell_0000000610   
       610   8 -2.797867E+04 -4.763142E+04  4.514328E+03 -9.958211E+04  5.381229E+04  2.481512E+04 _shell_0000000610   
       611   1  5.133602E+04  5.547026E+04  4.594630E+03  7.354757E+04  9.149015E+03  2.515866E+04 _shell_0000000611   
       611   2  5.151655E+04  5.608428E+04  4.782691E+03  6.491602E+04 -4.451202E+03  2.574437E+04 _shell_0000000611   
       611   3  2.658589E+04  4.811373E+04 -2.760056E+03  7.375606E+04  2.475834E+04  2.549420E+04 _shell_0000000611   
       611   4  2.676795E+04  4.872961E+04 -2.569820E+03  6.511792E+04  3.835432E+04  2.540941E+04 _shell_0000000611   
       611   5 -5.279935E+04 -5.547402E+04 -2.579586E+03 -7.359998E+04  9.111047E+03  2.513235E+04 _shell_0000000611   
       611   6 -5.298155E+04 -5.607433E+04 -2.754248E+03 -6.496192E+04 -4.484967E+03  2.571779E+04 _shell_0000000611   
       611   7 -2.829914E+04 -4.811941E+04  4.776873E+03 -7.381729E+04  2.472012E+04  2.546736E+04 _shell_0000000611   
       611   8 -2.847980E+04 -4.871786E+04  4.604386E+03 -6.518584E+04  3.832037E+04  2.538219E+04 _shell_0000000611   
       612   1  5.180921E+04  5.641479E+04  4.668117E+03  3.904311E+04  8.026994E+03  2.563092E+04 _shell_0000000612   
       612   2  5.189902E+04  5.671955E+04  4.761012E+03  3.035186E+04 -5.667810E+03  2.592153E+04 _shell_0000000612   
       612   3  2.687819E+04  4.900765E+04 -2.736797E+03  3.914863E+04  8.969426E+03  2.579780E+04 _shell_0000000612   
       612   4  2.696875E+04  4.931333E+04 -2.642899E+03  3.045027E+04  2.265966E+04  2.575486E+04 _shell_0000000612   
       612   5 -5.332472E+04 -5.641348E+04 -2.648317E+03 -3.906689E+04  8.006374E+03  2.560298E+04 _shell_0000000612   
       612   6 -5.341535E+04 -5.671280E+04 -2.735863E+03 -3.036862E+04 -5.683900E+03  2.589343E+04 _shell_0000000612   
       612   7 -2.866340E+04 -4.900732E+04  4.760066E+03 -3.917319E+04  8.948638E+03  2.576967E+04 _shell_0000000612   
       612   8 -2.875328E+04 -4.930573E+04  4.673524E+03 -3.048203E+04  2.264347E+04  2.572652E+04 _shell_0000000612   
       613   1  5.200002E+04  5.682991E+04  4.723790E+03  4.360629E+03  6.862754E+03  2.588364E+04 _shell_0000000613   
       613   2  5.200006E+04  5.682823E+04  4.722162E+03 -4.350016E+03 -6.862778E+03  2.588366E+04 _shell_0000000613   
       613   3  2.701144E+04  4.940668E+04 -2.697000E+03  4.364269E+03 -6.860404E+03  2.588369E+04 _shell_0000000613   
       613   4  2.701140E+04  4.940492E+04 -2.698868E+03 -4.353656E+03  6.860450E+03  2.588371E+04 _shell_0000000613   
       613   5 -5.352134E+04 -5.682384E+04 -2.699456E+03 -4.353648E+03  6.860460E+03  2.585512E+04 _shell_0000000613   
       613   6 -5.352131E+04 -5.682552E+04 -2.701084E+03  4.364184E+03 -6.860431E+03  2.585509E+04 _shell_0000000613   
       613   7 -2.880650E+04 -4.940060E+04  4.726235E+03 -4.350008E+03 -6.862786E+03  2.585507E+04 _shell_0000000613   
       613   8 -2.880653E+04 -4.940235E+04  4.724366E+03  4.360545E+03  6.862778E+03  2.585504E+04 _shell_0000000613   
       614   1  5.191765E+04  5.672133E+04  4.762622E+03 -3.034116E+04  5.667785E+03  2.592150E+04 _shell_0000000614   
       614   2  5.182791E+04  5.641318E+04  4.666454E+03 -3.903241E+04 -8.027020E+03  2.563095E+04 _shell_0000000614   
       614   3  2.699073E+04  4.931518E+04 -2.641019E+03 -3.043957E+04 -2.265962E+04  2.575484E+04 _shell_0000000614   
       614   4  2.690009E+04  4.900596E+04 -2.738687E+03 -3.913793E+04 -8.969380E+03  2.579783E+04 _shell_0000000614   
       614   5 -5.339674E+04 -5.671102E+04 -2.734253E+03  3.037925E+04  5.683930E+03  2.589346E+04 _shell_0000000614   
       614   6 -5.330604E+04 -5.641509E+04 -2.649981E+03  3.907752E+04 -8.006345E+03  2.560296E+04 _shell_0000000614   
       614   7 -2.873131E+04 -4.930387E+04  4.675405E+03  3.049266E+04 -2.264348E+04  2.572654E+04 _shell_0000000614   
       614   8 -2.864151E+04 -4.900900E+04  4.758177E+03  3.918382E+04 -8.948647E+03  2.576965E+04 _shell_0000000614   
       615   1  5.155405E+04  5.608618E+04  4.784302E+03 -6.490504E+04  4.451175E+03  2.574434E+04 _shell_0000000615   
       615   2  5.137360E+04  5.546871E+04  4.592906E+03 -7.353659E+04 -9.149044E+03  2.515870E+04 _shell_0000000615   
       615   3  2.681228E+04  4.873159E+04 -2.567892E+03 -6.510693E+04 -3.835427E+04  2.540938E+04 _shell_0000000615   
       615   4  2.663014E+04  4.811209E+04 -2.762005E+03 -7.374508E+04 -2.475829E+04  2.549423E+04 _shell_0000000615   
       615   5 -5.294408E+04 -5.607242E+04 -2.752638E+03  6.497284E+04  4.485001E+03  2.571782E+04 _shell_0000000615   
       615   6 -5.276180E+04 -5.547557E+04 -2.581311E+03  7.361090E+04 -9.111015E+03  2.513232E+04 _shell_0000000615   
       615   7 -2.843548E+04 -4.871587E+04  4.606315E+03  6.519675E+04 -3.832038E+04  2.538222E+04 _shell_0000000615   
       615   8 -2.825491E+04 -4.812103E+04  4.774925E+03  7.382821E+04 -2.472013E+04  2.546733E+04 _shell_0000000615   
       616   1  5.088365E+04  5.491289E+04  4.787266E+03 -9.916305E+04  3.220295E+03  2.534716E+04 _shell_0000000616   
       616   2  5.061052E+04  5.398006E+04  4.499188E+03 -1.076900E+05 -1.021422E+04  2.445703E+04 _shell_0000000616   
       616   3  2.646316E+04  4.764823E+04 -2.475286E+03 -9.947124E+04 -5.386235E+04  2.484042E+04 _shell_0000000616   
       616   4  2.618758E+04  4.671250E+04 -2.767194E+03 -1.080039E+05 -4.043154E+04  2.496493E+04 _shell_0000000616   
       616   5 -5.214180E+04 -5.489674E+04 -2.753268E+03  9.925737E+04  3.270186E+03  2.532316E+04 _shell_0000000616   
       616   6 -5.186603E+04 -5.399197E+04 -2.492453E+03  1.077900E+05 -1.016066E+04  2.443327E+04 _shell_0000000616   
       616   7 -2.791112E+04 -4.762924E+04  4.516347E+03  9.959354E+04 -5.381231E+04  2.481516E+04 _shell_0000000616   
       616   8 -2.763780E+04 -4.672737E+04  4.773332E+03  1.081204E+05 -4.037777E+04  2.494009E+04 _shell_0000000616   
       617   1  4.986217E+04  5.318022E+04  4.768580E+03 -1.329236E+05  1.981268E+03  2.471979E+04 _shell_0000000617   
       617   2  4.949315E+04  5.192213E+04  4.381388E+03 -1.412928E+05 -1.120364E+04  2.350994E+04 _shell_0000000617   
       617   3  2.592125E+04  4.605077E+04 -2.359262E+03 -1.333425E+05 -6.908798E+04  2.403551E+04 _shell_0000000617   
       617   4  2.554911E+04  4.478900E+04 -2.751225E+03 -1.417163E+05 -5.590603E+04  2.419620E+04 _shell_0000000617   
       617   5 -5.095251E+04 -5.316307E+04 -2.733405E+03  1.330394E+05  2.044777E+03  2.469923E+04 _shell_0000000617   
       617   6 -5.058011E+04 -5.193901E+04 -2.379174E+03  1.414132E+05 -1.113722E+04  2.348972E+04 _shell_0000000617   
       617   7 -2.714492E+04 -4.602998E+04  4.401295E+03  1.334909E+05 -6.902424E+04  2.401285E+04 _shell_0000000617   
       617   8 -2.677564E+04 -4.480960E+04  4.750755E+03  1.418600E+05 -5.583929E+04  2.417411E+04 _shell_0000000617   
       618   1  4.842393E+04  5.085542E+04  4.724308E+03 -1.659578E+05  7.403620E+02  2.384647E+04 _shell_0000000618   
       618   2  4.795406E+04  4.925673E+04  4.234123E+03 -1.741053E+05 -1.209369E+04  2.229523E+04 _shell_0000000618   
       618   3  2.515084E+04  4.391582E+04 -2.214399E+03 -1.664940E+05 -8.391334E+04  2.297571E+04 _shell_0000000618   
       618   4  2.467731E+04  4.231283E+04 -2.710035E+03 -1.746446E+05 -7.108131E+04  2.316897E+04 _shell_0000000618   
       618   5 -4.932026E+04 -5.083900E+04 -2.689288E+03  1.660882E+05  8.142453E+02  2.383016E+04 _shell_0000000618   
       618   6 -4.884641E+04 -4.927828E+04 -2.235752E+03  1.742387E+05 -1.201783E+04  2.227938E+04 _shell_0000000618   
       618   7 -2.611391E+04 -4.389513E+04  4.255473E+03  1.666598E+05 -8.383912E+04  2.295627E+04 _shell_0000000618   
       618   8 -2.564372E+04 -4.233870E+04  4.703559E+03  1.748072E+05 -7.100503E+04  2.315026E+04 _shell_0000000618   
       619   1  4.647943E+04  4.789089E+04  4.646897E+03 -1.979809E+05 -4.990258E+02  2.270297E+04 _shell_0000000619   
       619   2  4.590170E+04  4.592974E+04  4.048081E+03 -2.058225E+05 -1.284957E+04  2.077326E+04 _shell_0000000619   
       619   3  2.411715E+04  4.121273E+04 -2.031320E+03 -1.986435E+05 -9.819713E+04  2.163305E+04 _shell_0000000619   
       619   4  2.353540E+04  3.924690E+04 -2.635889E+03 -2.064866E+05 -8.584751E+04  2.184735E+04 _shell_0000000619   
       619   5 -4.716815E+04 -4.787727E+04 -2.613510E+03  1.981168E+05 -4.187406E+02  2.269159E+04 _shell_0000000619   
       619   6 -4.658605E+04 -4.595550E+04 -2.052490E+03  2.059599E+05 -1.276841E+04  2.076247E+04 _shell_0000000619   
       619   7 -2.480020E+04 -4.119445E+04  4.069252E+03  1.988158E+05 -9.811639E+04  2.161733E+04 _shell_0000000619   
       619   8 -2.422211E+04 -3.927736E+04  4.624518E+03  2.066573E+05 -8.576581E+04  2.183253E+04 _shell_0000000619   
       620   1  4.390052E+04  4.421863E+04  4.537331E+03 -2.286468E+05 -1.716957E+03  2.126392E+04 _shell_0000000620   
       620   2  4.320244E+04  4.185517E+04  3.818968E+03 -2.360945E+05 -1.344507E+04  1.894012E+04 _shell_0000000620   
       620   3  2.270032E+04  3.787689E+04 -1.805713E+03 -2.294515E+05 -1.117323E+05  1.997203E+04 _shell_0000000620   
       620   4  2.199811E+04  3.550863E+04 -2.529576E+03 -2.368987E+05 -1.000038E+05  2.023750E+04 _shell_0000000620   
       620   5 -4.438333E+04 -4.421028E+04 -2.507155E+03  2.287772E+05 -1.634875E+03  2.125794E+04 _shell_0000000620   
       620   6 -4.368073E+04 -4.188446E+04 -1.824824E+03  2.362244E+05 -1.336336E+04  1.893490E+04 _shell_0000000620   
       620   7 -2.310537E+04 -3.786374E+04  3.838081E+03  2.296168E+05 -1.116495E+05  1.996037E+04 _shell_0000000620   
       620   8 -2.240689E+04 -3.554271E+04  4.514913E+03  2.370645E+05 -9.992138E+04  2.022694E+04 _shell_0000000620   
       621   1  4.055089E+04  3.973610E+04  4.347542E+03 -2.574279E+05 -2.963226E+03  1.944936E+04 _shell_0000000621   
       621   2  3.971973E+04  3.693021E+04  3.498815E+03 -2.642807E+05 -1.375212E+04  1.646190E+04 _shell_0000000621   
       621   3  2.108183E+04  3.390189E+04 -1.489491E+03 -2.583904E+05 -1.243797E+05  1.791238E+04 _shell_0000000621   
       621   4  2.024677E+04  3.109152E+04 -2.342670E+03 -2.652406E+05 -1.135891E+05  1.800579E+04 _shell_0000000621   
       621   5 -4.084686E+04 -3.973566E+04 -2.322225E+03  2.575394E+05 -2.884476E+03  1.944898E+04 _shell_0000000621   
       621   6 -4.001140E+04 -3.696199E+04 -1.504330E+03  2.643896E+05 -1.367510E+04  1.646254E+04 _shell_0000000621   
       621   7 -2.123703E+04 -3.389694E+04  3.513658E+03  2.585333E+05 -1.243000E+05  1.790490E+04 _shell_0000000621   
       621   8 -2.040546E+04 -3.112776E+04  4.327101E+03  2.653861E+05 -1.135111E+05  1.799969E+04 _shell_0000000621   
       622   1  3.600897E+04  3.429184E+04  4.217752E+03 -2.841280E+05 -3.942422E+03  1.735729E+04 _shell_0000000622   
       622   2  3.500721E+04  3.092064E+04  3.202687E+03 -2.904847E+05 -1.394783E+04  1.476156E+04 _shell_0000000622   
       622   3  1.797830E+04  2.888066E+04 -1.198070E+03 -2.852934E+05 -1.354019E+05  1.550635E+04 _shell_0000000622   
       622   4  1.697341E+04  2.550584E+04 -2.215233E+03 -2.916455E+05 -1.253935E+05  1.662085E+04 _shell_0000000622   
       622   5 -3.615513E+04 -3.430187E+04 -2.198779E+03  2.842061E+05 -3.872338E+03  1.736244E+04 _shell_0000000622   
       622   6 -3.514983E+04 -3.095380E+04 -1.206788E+03  2.905582E+05 -1.388079E+04  1.476814E+04 _shell_0000000622   
       622   7 -1.794218E+04 -2.888703E+04  3.211409E+03  2.853968E+05 -1.353304E+05  1.550297E+04 _shell_0000000622   
       622   8 -1.694002E+04 -2.554258E+04  4.201304E+03  2.917535E+05 -1.253250E+05  1.661925E+04 _shell_0000000622   
       623   1  3.081453E+04  2.762475E+04  3.624035E+03 -3.056010E+05 -5.746749E+03  1.416345E+04 _shell_0000000623   
       623   2  2.952790E+04  2.331028E+04  2.329977E+03 -3.102406E+05 -1.304567E+04  5.106398E+03 _shell_0000000623   
       623   3  1.768460E+04  2.367636E+04 -3.309517E+02 -3.071040E+05 -1.458554E+05  1.178798E+04 _shell_0000000623   
       623   4  1.639638E+04  1.935990E+04 -1.622892E+03 -3.117367E+05 -1.385519E+05  7.491521E+03 _shell_0000000623   
       623   5 -3.086222E+04 -2.764603E+04 -1.612992E+03  3.056315E+05 -5.691195E+03  1.417337E+04 _shell_0000000623   
       623   6 -2.957365E+04 -2.333919E+04 -3.318499E+02  3.102645E+05 -1.299475E+04  5.118521E+03 _shell_0000000623   
       623   7 -1.754814E+04 -2.369556E+04  2.330880E+03  3.071516E+05 -1.457978E+05  1.178810E+04 _shell_0000000623   
       623   8 -1.626116E+04 -1.939070E+04  3.614140E+03  3.117915E+05 -1.384988E+05  7.494115E+03 _shell_0000000623   
       624   1  2.062025E+04  1.883999E+04  3.841360E+03 -3.332035E+05 -4.607507E+03  1.305572E+04 _shell_0000000624   
       624   2  1.929205E+04  1.439863E+04  2.510531E+03 -3.383174E+05 -1.265097E+04  3.239087E+04 _shell_0000000624   
       624   3  6.114245E+03  1.448746E+04 -5.188089E+02 -3.347591E+05 -1.515061E+05  1.060637E+04 _shell_0000000624   
       624   4  4.786750E+03  1.004677E+04 -1.841388E+03 -3.398644E+05 -1.434578E+05  3.485148E+04 _shell_0000000624   
       624   5 -2.062425E+04 -1.886710E+04 -1.838885E+03  3.331831E+05 -4.570333E+03  1.307034E+04 _shell_0000000624   
       624   6 -1.929643E+04 -1.441659E+04 -5.136996E+02  3.382875E+05 -1.261869E+04  3.240835E+04 _shell_0000000624   
       624   7 -5.989159E+03 -1.451515E+04  2.505426E+03  3.347454E+05 -1.514661E+05  1.060956E+04 _shell_0000000624   
       624   8 -4.660638E+03 -1.006396E+04  3.838861E+03  3.398584E+05 -1.434225E+05  3.485786E+04 _shell_0000000624   
       625   1  7.451142E+03  7.451113E+03  3.995188E+03 -2.969656E+05 -4.377429E+03 -4.377429E+03 _shell_0000000625   
       625   2  4.451341E+03 -2.563942E+03  9.908271E+02 -3.004871E+05 -9.916772E+03 -1.430982E+05 _shell_0000000625   
       625   3 -2.563909E+03  4.451311E+03  9.908268E+02 -3.004871E+05 -1.430982E+05 -9.916779E+03 _shell_0000000625   
       625   4 -5.561655E+03 -5.561688E+03 -2.003918E+03 -3.040007E+05 -1.375497E+05 -1.375498E+05 _shell_0000000625   
       625   5 -7.453633E+03 -7.453598E+03 -2.002540E+03  2.969337E+05 -4.363109E+03 -4.363109E+03 _shell_0000000625   
       625   6 -4.455705E+03  2.610702E+03  9.908275E+02  3.004530E+05 -9.911654E+03 -1.430816E+05 _shell_0000000625   
       625   7  2.610670E+03 -4.455670E+03  9.908272E+02  3.004530E+05 -1.430816E+05 -9.911661E+03 _shell_0000000625   
       625   8  5.610654E+03  5.610686E+03  3.993811E+03  3.039803E+05 -1.375421E+05 -1.375421E+05 _shell_0000000625   
