    1C
    1UUSER                                                              
    1UDATE              26.april.2026                                   
    1UTIME              16:25:55                                        
    1UHOST                                                              
    1UPGM               CalculiX                                        
    1UVERSION           Version 2.22                             
    1UCOMPILETIME       Sun Aug  4 19:44:24     2024                    
    1UDIR                                                               
    1UDBN                                                               
    1UMAT    1GLASS                                                     
    2C                          1352                                     1
 -1       677 0.00000E+00 0.00000E+00-1.27000E-02
 -1       679 0.00000E+00 0.00000E+00 1.27000E-02
 -1       680 4.00000E-02 0.00000E+00-1.27000E-02
 -1       682 4.00000E-02 0.00000E+00 1.27000E-02
 -1       683 8.00000E-02 0.00000E+00-1.27000E-02
 -1       685 8.00000E-02 0.00000E+00 1.27000E-02
 -1       686 1.20000E-01 0.00000E+00-1.27000E-02
 -1       688 1.20000E-01 0.00000E+00 1.27000E-02
 -1       689 1.60000E-01 0.00000E+00-1.27000E-02
 -1       691 1.60000E-01 0.00000E+00 1.27000E-02
 -1       692 2.00000E-01 0.00000E+00-1.27000E-02
 -1       694 2.00000E-01 0.00000E+00 1.27000E-02
 -1       695 2.40000E-01 0.00000E+00-1.27000E-02
 -1       697 2.40000E-01 0.00000E+00 1.27000E-02
 -1       698 2.80000E-01 0.00000E+00-1.27000E-02
 -1       700 2.80000E-01 0.00000E+00 1.27000E-02
 -1       701 3.20000E-01 0.00000E+00-1.27000E-02
 -1       703 3.20000E-01 0.00000E+00 1.27000E-02
 -1       704 3.60000E-01 0.00000E+00-1.27000E-02
 -1       706 3.60000E-01 0.00000E+00 1.27000E-02
 -1       707 4.00000E-01 0.00000E+00-1.27000E-02
 -1       709 4.00000E-01 0.00000E+00 1.27000E-02
 -1       710 4.40000E-01 0.00000E+00-1.27000E-02
 -1       712 4.40000E-01 0.00000E+00 1.27000E-02
 -1       713 4.80000E-01 0.00000E+00-1.27000E-02
 -1       715 4.80000E-01 0.00000E+00 1.27000E-02
 -1       716 5.20000E-01 0.00000E+00-1.27000E-02
 -1       718 5.20000E-01 0.00000E+00 1.27000E-02
 -1       719 5.60000E-01 0.00000E+00-1.27000E-02
 -1       721 5.60000E-01 0.00000E+00 1.27000E-02
 -1       722 6.00000E-01 0.00000E+00-1.27000E-02
 -1       724 6.00000E-01 0.00000E+00 1.27000E-02
 -1       725 6.40000E-01 0.00000E+00-1.27000E-02
 -1       727 6.40000E-01 0.00000E+00 1.27000E-02
 -1       728 6.80000E-01 0.00000E+00-1.27000E-02
 -1       730 6.80000E-01 0.00000E+00 1.27000E-02
 -1       731 7.20000E-01 0.00000E+00-1.27000E-02
 -1       733 7.20000E-01 0.00000E+00 1.27000E-02
 -1       734 7.60000E-01 0.00000E+00-1.27000E-02
 -1       736 7.60000E-01 0.00000E+00 1.27000E-02
 -1       737 8.00000E-01 0.00000E+00-1.27000E-02
 -1       739 8.00000E-01 0.00000E+00 1.27000E-02
 -1       740 8.40000E-01 0.00000E+00-1.27000E-02
 -1       742 8.40000E-01 0.00000E+00 1.27000E-02
 -1       743 8.80000E-01 0.00000E+00-1.27000E-02
 -1       745 8.80000E-01 0.00000E+00 1.27000E-02
 -1       746 9.20000E-01 0.00000E+00-1.27000E-02
 -1       748 9.20000E-01 0.00000E+00 1.27000E-02
 -1       749 9.60000E-01 0.00000E+00-1.27000E-02
 -1       751 9.60000E-01 0.00000E+00 1.27000E-02
 -1       752 1.00000E+00 0.00000E+00-1.27000E-02
 -1       754 1.00000E+00 0.00000E+00 1.27000E-02
 -1       755 0.00000E+00 4.00000E-02-1.27000E-02
 -1       757 0.00000E+00 4.00000E-02 1.27000E-02
 -1       758 4.00000E-02 4.00000E-02-1.27000E-02
 -1       760 4.00000E-02 4.00000E-02 1.27000E-02
 -1       761 8.00000E-02 4.00000E-02-1.27000E-02
 -1       763 8.00000E-02 4.00000E-02 1.27000E-02
 -1       764 1.20000E-01 4.00000E-02-1.27000E-02
 -1       766 1.20000E-01 4.00000E-02 1.27000E-02
 -1       767 1.60000E-01 4.00000E-02-1.27000E-02
 -1       769 1.60000E-01 4.00000E-02 1.27000E-02
 -1       770 2.00000E-01 4.00000E-02-1.27000E-02
 -1       772 2.00000E-01 4.00000E-02 1.27000E-02
 -1       773 2.40000E-01 4.00000E-02-1.27000E-02
 -1       775 2.40000E-01 4.00000E-02 1.27000E-02
 -1       776 2.80000E-01 4.00000E-02-1.27000E-02
 -1       778 2.80000E-01 4.00000E-02 1.27000E-02
 -1       779 3.20000E-01 4.00000E-02-1.27000E-02
 -1       781 3.20000E-01 4.00000E-02 1.27000E-02
 -1       782 3.60000E-01 4.00000E-02-1.27000E-02
 -1       784 3.60000E-01 4.00000E-02 1.27000E-02
 -1       785 4.00000E-01 4.00000E-02-1.27000E-02
 -1       787 4.00000E-01 4.00000E-02 1.27000E-02
 -1       788 4.40000E-01 4.00000E-02-1.27000E-02
 -1       790 4.40000E-01 4.00000E-02 1.27000E-02
 -1       791 4.80000E-01 4.00000E-02-1.27000E-02
 -1       793 4.80000E-01 4.00000E-02 1.27000E-02
 -1       794 5.20000E-01 4.00000E-02-1.27000E-02
 -1       796 5.20000E-01 4.00000E-02 1.27000E-02
 -1       797 5.60000E-01 4.00000E-02-1.27000E-02
 -1       799 5.60000E-01 4.00000E-02 1.27000E-02
 -1       800 6.00000E-01 4.00000E-02-1.27000E-02
 -1       802 6.00000E-01 4.00000E-02 1.27000E-02
 -1       803 6.40000E-01 4.00000E-02-1.27000E-02
 -1       805 6.40000E-01 4.00000E-02 1.27000E-02
 -1       806 6.80000E-01 4.00000E-02-1.27000E-02
 -1       808 6.80000E-01 4.00000E-02 1.27000E-02
 -1       809 7.20000E-01 4.00000E-02-1.27000E-02
 -1       811 7.20000E-01 4.00000E-02 1.27000E-02
 -1       812 7.60000E-01 4.00000E-02-1.27000E-02
 -1       814 7.60000E-01 4.00000E-02 1.27000E-02
 -1       815 8.00000E-01 4.00000E-02-1.27000E-02
 -1       817 8.00000E-01 4.00000E-02 1.27000E-02
 -1       818 8.40000E-01 4.00000E-02-1.27000E-02
 -1       820 8.40000E-01 4.00000E-02 1.27000E-02
 -1       821 8.80000E-01 4.00000E-02-1.27000E-02
 -1       823 8.80000E-01 4.00000E-02 1.27000E-02
 -1       824 9.20000E-01 4.00000E-02-1.27000E-02
 -1       826 9.20000E-01 4.00000E-02 1.27000E-02
 -1       827 9.60000E-01 4.00000E-02-1.27000E-02
 -1       829 9.60000E-01 4.00000E-02 1.27000E-02
 -1       830 1.00000E+00 4.00000E-02-1.27000E-02
 -1       832 1.00000E+00 4.00000E-02 1.27000E-02
 -1       833 0.00000E+00 8.00000E-02-1.27000E-02
 -1       835 0.00000E+00 8.00000E-02 1.27000E-02
 -1       836 4.00000E-02 8.00000E-02-1.27000E-02
 -1       838 4.00000E-02 8.00000E-02 1.27000E-02
 -1       839 8.00000E-02 8.00000E-02-1.27000E-02
 -1       841 8.00000E-02 8.00000E-02 1.27000E-02
 -1       842 1.20000E-01 8.00000E-02-1.27000E-02
 -1       844 1.20000E-01 8.00000E-02 1.27000E-02
 -1       845 1.60000E-01 8.00000E-02-1.27000E-02
 -1       847 1.60000E-01 8.00000E-02 1.27000E-02
 -1       848 2.00000E-01 8.00000E-02-1.27000E-02
 -1       850 2.00000E-01 8.00000E-02 1.27000E-02
 -1       851 2.40000E-01 8.00000E-02-1.27000E-02
 -1       853 2.40000E-01 8.00000E-02 1.27000E-02
 -1       854 2.80000E-01 8.00000E-02-1.27000E-02
 -1       856 2.80000E-01 8.00000E-02 1.27000E-02
 -1       857 3.20000E-01 8.00000E-02-1.27000E-02
 -1       859 3.20000E-01 8.00000E-02 1.27000E-02
 -1       860 3.60000E-01 8.00000E-02-1.27000E-02
 -1       862 3.60000E-01 8.00000E-02 1.27000E-02
 -1       863 4.00000E-01 8.00000E-02-1.27000E-02
 -1       865 4.00000E-01 8.00000E-02 1.27000E-02
 -1       866 4.40000E-01 8.00000E-02-1.27000E-02
 -1       868 4.40000E-01 8.00000E-02 1.27000E-02
 -1       869 4.80000E-01 8.00000E-02-1.27000E-02
 -1       871 4.80000E-01 8.00000E-02 1.27000E-02
 -1       872 5.20000E-01 8.00000E-02-1.27000E-02
 -1       874 5.20000E-01 8.00000E-02 1.27000E-02
 -1       875 5.60000E-01 8.00000E-02-1.27000E-02
 -1       877 5.60000E-01 8.00000E-02 1.27000E-02
 -1       878 6.00000E-01 8.00000E-02-1.27000E-02
 -1       880 6.00000E-01 8.00000E-02 1.27000E-02
 -1       881 6.40000E-01 8.00000E-02-1.27000E-02
 -1       883 6.40000E-01 8.00000E-02 1.27000E-02
 -1       884 6.80000E-01 8.00000E-02-1.27000E-02
 -1       886 6.80000E-01 8.00000E-02 1.27000E-02
 -1       887 7.20000E-01 8.00000E-02-1.27000E-02
 -1       889 7.20000E-01 8.00000E-02 1.27000E-02
 -1       890 7.60000E-01 8.00000E-02-1.27000E-02
 -1       892 7.60000E-01 8.00000E-02 1.27000E-02
 -1       893 8.00000E-01 8.00000E-02-1.27000E-02
 -1       895 8.00000E-01 8.00000E-02 1.27000E-02
 -1       896 8.40000E-01 8.00000E-02-1.27000E-02
 -1       898 8.40000E-01 8.00000E-02 1.27000E-02
 -1       899 8.80000E-01 8.00000E-02-1.27000E-02
 -1       901 8.80000E-01 8.00000E-02 1.27000E-02
 -1       902 9.20000E-01 8.00000E-02-1.27000E-02
 -1       904 9.20000E-01 8.00000E-02 1.27000E-02
 -1       905 9.60000E-01 8.00000E-02-1.27000E-02
 -1       907 9.60000E-01 8.00000E-02 1.27000E-02
 -1       908 1.00000E+00 8.00000E-02-1.27000E-02
 -1       910 1.00000E+00 8.00000E-02 1.27000E-02
 -1       911 0.00000E+00 1.20000E-01-1.27000E-02
 -1       913 0.00000E+00 1.20000E-01 1.27000E-02
 -1       914 4.00000E-02 1.20000E-01-1.27000E-02
 -1       916 4.00000E-02 1.20000E-01 1.27000E-02
 -1       917 8.00000E-02 1.20000E-01-1.27000E-02
 -1       919 8.00000E-02 1.20000E-01 1.27000E-02
 -1       920 1.20000E-01 1.20000E-01-1.27000E-02
 -1       922 1.20000E-01 1.20000E-01 1.27000E-02
 -1       923 1.60000E-01 1.20000E-01-1.27000E-02
 -1       925 1.60000E-01 1.20000E-01 1.27000E-02
 -1       926 2.00000E-01 1.20000E-01-1.27000E-02
 -1       928 2.00000E-01 1.20000E-01 1.27000E-02
 -1       929 2.40000E-01 1.20000E-01-1.27000E-02
 -1       931 2.40000E-01 1.20000E-01 1.27000E-02
 -1       932 2.80000E-01 1.20000E-01-1.27000E-02
 -1       934 2.80000E-01 1.20000E-01 1.27000E-02
 -1       935 3.20000E-01 1.20000E-01-1.27000E-02
 -1       937 3.20000E-01 1.20000E-01 1.27000E-02
 -1       938 3.60000E-01 1.20000E-01-1.27000E-02
 -1       940 3.60000E-01 1.20000E-01 1.27000E-02
 -1       941 4.00000E-01 1.20000E-01-1.27000E-02
 -1       943 4.00000E-01 1.20000E-01 1.27000E-02
 -1       944 4.40000E-01 1.20000E-01-1.27000E-02
 -1       946 4.40000E-01 1.20000E-01 1.27000E-02
 -1       947 4.80000E-01 1.20000E-01-1.27000E-02
 -1       949 4.80000E-01 1.20000E-01 1.27000E-02
 -1       950 5.20000E-01 1.20000E-01-1.27000E-02
 -1       952 5.20000E-01 1.20000E-01 1.27000E-02
 -1       953 5.60000E-01 1.20000E-01-1.27000E-02
 -1       955 5.60000E-01 1.20000E-01 1.27000E-02
 -1       956 6.00000E-01 1.20000E-01-1.27000E-02
 -1       958 6.00000E-01 1.20000E-01 1.27000E-02
 -1       959 6.40000E-01 1.20000E-01-1.27000E-02
 -1       961 6.40000E-01 1.20000E-01 1.27000E-02
 -1       962 6.80000E-01 1.20000E-01-1.27000E-02
 -1       964 6.80000E-01 1.20000E-01 1.27000E-02
 -1       965 7.20000E-01 1.20000E-01-1.27000E-02
 -1       967 7.20000E-01 1.20000E-01 1.27000E-02
 -1       968 7.60000E-01 1.20000E-01-1.27000E-02
 -1       970 7.60000E-01 1.20000E-01 1.27000E-02
 -1       971 8.00000E-01 1.20000E-01-1.27000E-02
 -1       973 8.00000E-01 1.20000E-01 1.27000E-02
 -1       974 8.40000E-01 1.20000E-01-1.27000E-02
 -1       976 8.40000E-01 1.20000E-01 1.27000E-02
 -1       977 8.80000E-01 1.20000E-01-1.27000E-02
 -1       979 8.80000E-01 1.20000E-01 1.27000E-02
 -1       980 9.20000E-01 1.20000E-01-1.27000E-02
 -1       982 9.20000E-01 1.20000E-01 1.27000E-02
 -1       983 9.60000E-01 1.20000E-01-1.27000E-02
 -1       985 9.60000E-01 1.20000E-01 1.27000E-02
 -1       986 1.00000E+00 1.20000E-01-1.27000E-02
 -1       988 1.00000E+00 1.20000E-01 1.27000E-02
 -1       989 0.00000E+00 1.60000E-01-1.27000E-02
 -1       991 0.00000E+00 1.60000E-01 1.27000E-02
 -1       992 4.00000E-02 1.60000E-01-1.27000E-02
 -1       994 4.00000E-02 1.60000E-01 1.27000E-02
 -1       995 8.00000E-02 1.60000E-01-1.27000E-02
 -1       997 8.00000E-02 1.60000E-01 1.27000E-02
 -1       998 1.20000E-01 1.60000E-01-1.27000E-02
 -1      1000 1.20000E-01 1.60000E-01 1.27000E-02
 -1      1001 1.60000E-01 1.60000E-01-1.27000E-02
 -1      1003 1.60000E-01 1.60000E-01 1.27000E-02
 -1      1004 2.00000E-01 1.60000E-01-1.27000E-02
 -1      1006 2.00000E-01 1.60000E-01 1.27000E-02
 -1      1007 2.40000E-01 1.60000E-01-1.27000E-02
 -1      1009 2.40000E-01 1.60000E-01 1.27000E-02
 -1      1010 2.80000E-01 1.60000E-01-1.27000E-02
 -1      1012 2.80000E-01 1.60000E-01 1.27000E-02
 -1      1013 3.20000E-01 1.60000E-01-1.27000E-02
 -1      1015 3.20000E-01 1.60000E-01 1.27000E-02
 -1      1016 3.60000E-01 1.60000E-01-1.27000E-02
 -1      1018 3.60000E-01 1.60000E-01 1.27000E-02
 -1      1019 4.00000E-01 1.60000E-01-1.27000E-02
 -1      1021 4.00000E-01 1.60000E-01 1.27000E-02
 -1      1022 4.40000E-01 1.60000E-01-1.27000E-02
 -1      1024 4.40000E-01 1.60000E-01 1.27000E-02
 -1      1025 4.80000E-01 1.60000E-01-1.27000E-02
 -1      1027 4.80000E-01 1.60000E-01 1.27000E-02
 -1      1028 5.20000E-01 1.60000E-01-1.27000E-02
 -1      1030 5.20000E-01 1.60000E-01 1.27000E-02
 -1      1031 5.60000E-01 1.60000E-01-1.27000E-02
 -1      1033 5.60000E-01 1.60000E-01 1.27000E-02
 -1      1034 6.00000E-01 1.60000E-01-1.27000E-02
 -1      1036 6.00000E-01 1.60000E-01 1.27000E-02
 -1      1037 6.40000E-01 1.60000E-01-1.27000E-02
 -1      1039 6.40000E-01 1.60000E-01 1.27000E-02
 -1      1040 6.80000E-01 1.60000E-01-1.27000E-02
 -1      1042 6.80000E-01 1.60000E-01 1.27000E-02
 -1      1043 7.20000E-01 1.60000E-01-1.27000E-02
 -1      1045 7.20000E-01 1.60000E-01 1.27000E-02
 -1      1046 7.60000E-01 1.60000E-01-1.27000E-02
 -1      1048 7.60000E-01 1.60000E-01 1.27000E-02
 -1      1049 8.00000E-01 1.60000E-01-1.27000E-02
 -1      1051 8.00000E-01 1.60000E-01 1.27000E-02
 -1      1052 8.40000E-01 1.60000E-01-1.27000E-02
 -1      1054 8.40000E-01 1.60000E-01 1.27000E-02
 -1      1055 8.80000E-01 1.60000E-01-1.27000E-02
 -1      1057 8.80000E-01 1.60000E-01 1.27000E-02
 -1      1058 9.20000E-01 1.60000E-01-1.27000E-02
 -1      1060 9.20000E-01 1.60000E-01 1.27000E-02
 -1      1061 9.60000E-01 1.60000E-01-1.27000E-02
 -1      1063 9.60000E-01 1.60000E-01 1.27000E-02
 -1      1064 1.00000E+00 1.60000E-01-1.27000E-02
 -1      1066 1.00000E+00 1.60000E-01 1.27000E-02
 -1      1067 0.00000E+00 2.00000E-01-1.27000E-02
 -1      1069 0.00000E+00 2.00000E-01 1.27000E-02
 -1      1070 4.00000E-02 2.00000E-01-1.27000E-02
 -1      1072 4.00000E-02 2.00000E-01 1.27000E-02
 -1      1073 8.00000E-02 2.00000E-01-1.27000E-02
 -1      1075 8.00000E-02 2.00000E-01 1.27000E-02
 -1      1076 1.20000E-01 2.00000E-01-1.27000E-02
 -1      1078 1.20000E-01 2.00000E-01 1.27000E-02
 -1      1079 1.60000E-01 2.00000E-01-1.27000E-02
 -1      1081 1.60000E-01 2.00000E-01 1.27000E-02
 -1      1082 2.00000E-01 2.00000E-01-1.27000E-02
 -1      1084 2.00000E-01 2.00000E-01 1.27000E-02
 -1      1085 2.40000E-01 2.00000E-01-1.27000E-02
 -1      1087 2.40000E-01 2.00000E-01 1.27000E-02
 -1      1088 2.80000E-01 2.00000E-01-1.27000E-02
 -1      1090 2.80000E-01 2.00000E-01 1.27000E-02
 -1      1091 3.20000E-01 2.00000E-01-1.27000E-02
 -1      1093 3.20000E-01 2.00000E-01 1.27000E-02
 -1      1094 3.60000E-01 2.00000E-01-1.27000E-02
 -1      1096 3.60000E-01 2.00000E-01 1.27000E-02
 -1      1097 4.00000E-01 2.00000E-01-1.27000E-02
 -1      1099 4.00000E-01 2.00000E-01 1.27000E-02
 -1      1100 4.40000E-01 2.00000E-01-1.27000E-02
 -1      1102 4.40000E-01 2.00000E-01 1.27000E-02
 -1      1103 4.80000E-01 2.00000E-01-1.27000E-02
 -1      1105 4.80000E-01 2.00000E-01 1.27000E-02
 -1      1106 5.20000E-01 2.00000E-01-1.27000E-02
 -1      1108 5.20000E-01 2.00000E-01 1.27000E-02
 -1      1109 5.60000E-01 2.00000E-01-1.27000E-02
 -1      1111 5.60000E-01 2.00000E-01 1.27000E-02
 -1      1112 6.00000E-01 2.00000E-01-1.27000E-02
 -1      1114 6.00000E-01 2.00000E-01 1.27000E-02
 -1      1115 6.40000E-01 2.00000E-01-1.27000E-02
 -1      1117 6.40000E-01 2.00000E-01 1.27000E-02
 -1      1118 6.80000E-01 2.00000E-01-1.27000E-02
 -1      1120 6.80000E-01 2.00000E-01 1.27000E-02
 -1      1121 7.20000E-01 2.00000E-01-1.27000E-02
 -1      1123 7.20000E-01 2.00000E-01 1.27000E-02
 -1      1124 7.60000E-01 2.00000E-01-1.27000E-02
 -1      1126 7.60000E-01 2.00000E-01 1.27000E-02
 -1      1127 8.00000E-01 2.00000E-01-1.27000E-02
 -1      1129 8.00000E-01 2.00000E-01 1.27000E-02
 -1      1130 8.40000E-01 2.00000E-01-1.27000E-02
 -1      1132 8.40000E-01 2.00000E-01 1.27000E-02
 -1      1133 8.80000E-01 2.00000E-01-1.27000E-02
 -1      1135 8.80000E-01 2.00000E-01 1.27000E-02
 -1      1136 9.20000E-01 2.00000E-01-1.27000E-02
 -1      1138 9.20000E-01 2.00000E-01 1.27000E-02
 -1      1139 9.60000E-01 2.00000E-01-1.27000E-02
 -1      1141 9.60000E-01 2.00000E-01 1.27000E-02
 -1      1142 1.00000E+00 2.00000E-01-1.27000E-02
 -1      1144 1.00000E+00 2.00000E-01 1.27000E-02
 -1      1145 0.00000E+00 2.40000E-01-1.27000E-02
 -1      1147 0.00000E+00 2.40000E-01 1.27000E-02
 -1      1148 4.00000E-02 2.40000E-01-1.27000E-02
 -1      1150 4.00000E-02 2.40000E-01 1.27000E-02
 -1      1151 8.00000E-02 2.40000E-01-1.27000E-02
 -1      1153 8.00000E-02 2.40000E-01 1.27000E-02
 -1      1154 1.20000E-01 2.40000E-01-1.27000E-02
 -1      1156 1.20000E-01 2.40000E-01 1.27000E-02
 -1      1157 1.60000E-01 2.40000E-01-1.27000E-02
 -1      1159 1.60000E-01 2.40000E-01 1.27000E-02
 -1      1160 2.00000E-01 2.40000E-01-1.27000E-02
 -1      1162 2.00000E-01 2.40000E-01 1.27000E-02
 -1      1163 2.40000E-01 2.40000E-01-1.27000E-02
 -1      1165 2.40000E-01 2.40000E-01 1.27000E-02
 -1      1166 2.80000E-01 2.40000E-01-1.27000E-02
 -1      1168 2.80000E-01 2.40000E-01 1.27000E-02
 -1      1169 3.20000E-01 2.40000E-01-1.27000E-02
 -1      1171 3.20000E-01 2.40000E-01 1.27000E-02
 -1      1172 3.60000E-01 2.40000E-01-1.27000E-02
 -1      1174 3.60000E-01 2.40000E-01 1.27000E-02
 -1      1175 4.00000E-01 2.40000E-01-1.27000E-02
 -1      1177 4.00000E-01 2.40000E-01 1.27000E-02
 -1      1178 4.40000E-01 2.40000E-01-1.27000E-02
 -1      1180 4.40000E-01 2.40000E-01 1.27000E-02
 -1      1181 4.80000E-01 2.40000E-01-1.27000E-02
 -1      1183 4.80000E-01 2.40000E-01 1.27000E-02
 -1      1184 5.20000E-01 2.40000E-01-1.27000E-02
 -1      1186 5.20000E-01 2.40000E-01 1.27000E-02
 -1      1187 5.60000E-01 2.40000E-01-1.27000E-02
 -1      1189 5.60000E-01 2.40000E-01 1.27000E-02
 -1      1190 6.00000E-01 2.40000E-01-1.27000E-02
 -1      1192 6.00000E-01 2.40000E-01 1.27000E-02
 -1      1193 6.40000E-01 2.40000E-01-1.27000E-02
 -1      1195 6.40000E-01 2.40000E-01 1.27000E-02
 -1      1196 6.80000E-01 2.40000E-01-1.27000E-02
 -1      1198 6.80000E-01 2.40000E-01 1.27000E-02
 -1      1199 7.20000E-01 2.40000E-01-1.27000E-02
 -1      1201 7.20000E-01 2.40000E-01 1.27000E-02
 -1      1202 7.60000E-01 2.40000E-01-1.27000E-02
 -1      1204 7.60000E-01 2.40000E-01 1.27000E-02
 -1      1205 8.00000E-01 2.40000E-01-1.27000E-02
 -1      1207 8.00000E-01 2.40000E-01 1.27000E-02
 -1      1208 8.40000E-01 2.40000E-01-1.27000E-02
 -1      1210 8.40000E-01 2.40000E-01 1.27000E-02
 -1      1211 8.80000E-01 2.40000E-01-1.27000E-02
 -1      1213 8.80000E-01 2.40000E-01 1.27000E-02
 -1      1214 9.20000E-01 2.40000E-01-1.27000E-02
 -1      1216 9.20000E-01 2.40000E-01 1.27000E-02
 -1      1217 9.60000E-01 2.40000E-01-1.27000E-02
 -1      1219 9.60000E-01 2.40000E-01 1.27000E-02
 -1      1220 1.00000E+00 2.40000E-01-1.27000E-02
 -1      1222 1.00000E+00 2.40000E-01 1.27000E-02
 -1      1223 0.00000E+00 2.80000E-01-1.27000E-02
 -1      1225 0.00000E+00 2.80000E-01 1.27000E-02
 -1      1226 4.00000E-02 2.80000E-01-1.27000E-02
 -1      1228 4.00000E-02 2.80000E-01 1.27000E-02
 -1      1229 8.00000E-02 2.80000E-01-1.27000E-02
 -1      1231 8.00000E-02 2.80000E-01 1.27000E-02
 -1      1232 1.20000E-01 2.80000E-01-1.27000E-02
 -1      1234 1.20000E-01 2.80000E-01 1.27000E-02
 -1      1235 1.60000E-01 2.80000E-01-1.27000E-02
 -1      1237 1.60000E-01 2.80000E-01 1.27000E-02
 -1      1238 2.00000E-01 2.80000E-01-1.27000E-02
 -1      1240 2.00000E-01 2.80000E-01 1.27000E-02
 -1      1241 2.40000E-01 2.80000E-01-1.27000E-02
 -1      1243 2.40000E-01 2.80000E-01 1.27000E-02
 -1      1244 2.80000E-01 2.80000E-01-1.27000E-02
 -1      1246 2.80000E-01 2.80000E-01 1.27000E-02
 -1      1247 3.20000E-01 2.80000E-01-1.27000E-02
 -1      1249 3.20000E-01 2.80000E-01 1.27000E-02
 -1      1250 3.60000E-01 2.80000E-01-1.27000E-02
 -1      1252 3.60000E-01 2.80000E-01 1.27000E-02
 -1      1253 4.00000E-01 2.80000E-01-1.27000E-02
 -1      1255 4.00000E-01 2.80000E-01 1.27000E-02
 -1      1256 4.40000E-01 2.80000E-01-1.27000E-02
 -1      1258 4.40000E-01 2.80000E-01 1.27000E-02
 -1      1259 4.80000E-01 2.80000E-01-1.27000E-02
 -1      1261 4.80000E-01 2.80000E-01 1.27000E-02
 -1      1262 5.20000E-01 2.80000E-01-1.27000E-02
 -1      1264 5.20000E-01 2.80000E-01 1.27000E-02
 -1      1265 5.60000E-01 2.80000E-01-1.27000E-02
 -1      1267 5.60000E-01 2.80000E-01 1.27000E-02
 -1      1268 6.00000E-01 2.80000E-01-1.27000E-02
 -1      1270 6.00000E-01 2.80000E-01 1.27000E-02
 -1      1271 6.40000E-01 2.80000E-01-1.27000E-02
 -1      1273 6.40000E-01 2.80000E-01 1.27000E-02
 -1      1274 6.80000E-01 2.80000E-01-1.27000E-02
 -1      1276 6.80000E-01 2.80000E-01 1.27000E-02
 -1      1277 7.20000E-01 2.80000E-01-1.27000E-02
 -1      1279 7.20000E-01 2.80000E-01 1.27000E-02
 -1      1280 7.60000E-01 2.80000E-01-1.27000E-02
 -1      1282 7.60000E-01 2.80000E-01 1.27000E-02
 -1      1283 8.00000E-01 2.80000E-01-1.27000E-02
 -1      1285 8.00000E-01 2.80000E-01 1.27000E-02
 -1      1286 8.40000E-01 2.80000E-01-1.27000E-02
 -1      1288 8.40000E-01 2.80000E-01 1.27000E-02
 -1      1289 8.80000E-01 2.80000E-01-1.27000E-02
 -1      1291 8.80000E-01 2.80000E-01 1.27000E-02
 -1      1292 9.20000E-01 2.80000E-01-1.27000E-02
 -1      1294 9.20000E-01 2.80000E-01 1.27000E-02
 -1      1295 9.60000E-01 2.80000E-01-1.27000E-02
 -1      1297 9.60000E-01 2.80000E-01 1.27000E-02
 -1      1298 1.00000E+00 2.80000E-01-1.27000E-02
 -1      1300 1.00000E+00 2.80000E-01 1.27000E-02
 -1      1301 0.00000E+00 3.20000E-01-1.27000E-02
 -1      1303 0.00000E+00 3.20000E-01 1.27000E-02
 -1      1304 4.00000E-02 3.20000E-01-1.27000E-02
 -1      1306 4.00000E-02 3.20000E-01 1.27000E-02
 -1      1307 8.00000E-02 3.20000E-01-1.27000E-02
 -1      1309 8.00000E-02 3.20000E-01 1.27000E-02
 -1      1310 1.20000E-01 3.20000E-01-1.27000E-02
 -1      1312 1.20000E-01 3.20000E-01 1.27000E-02
 -1      1313 1.60000E-01 3.20000E-01-1.27000E-02
 -1      1315 1.60000E-01 3.20000E-01 1.27000E-02
 -1      1316 2.00000E-01 3.20000E-01-1.27000E-02
 -1      1318 2.00000E-01 3.20000E-01 1.27000E-02
 -1      1319 2.40000E-01 3.20000E-01-1.27000E-02
 -1      1321 2.40000E-01 3.20000E-01 1.27000E-02
 -1      1322 2.80000E-01 3.20000E-01-1.27000E-02
 -1      1324 2.80000E-01 3.20000E-01 1.27000E-02
 -1      1325 3.20000E-01 3.20000E-01-1.27000E-02
 -1      1327 3.20000E-01 3.20000E-01 1.27000E-02
 -1      1328 3.60000E-01 3.20000E-01-1.27000E-02
 -1      1330 3.60000E-01 3.20000E-01 1.27000E-02
 -1      1331 4.00000E-01 3.20000E-01-1.27000E-02
 -1      1333 4.00000E-01 3.20000E-01 1.27000E-02
 -1      1334 4.40000E-01 3.20000E-01-1.27000E-02
 -1      1336 4.40000E-01 3.20000E-01 1.27000E-02
 -1      1337 4.80000E-01 3.20000E-01-1.27000E-02
 -1      1339 4.80000E-01 3.20000E-01 1.27000E-02
 -1      1340 5.20000E-01 3.20000E-01-1.27000E-02
 -1      1342 5.20000E-01 3.20000E-01 1.27000E-02
 -1      1343 5.60000E-01 3.20000E-01-1.27000E-02
 -1      1345 5.60000E-01 3.20000E-01 1.27000E-02
 -1      1346 6.00000E-01 3.20000E-01-1.27000E-02
 -1      1348 6.00000E-01 3.20000E-01 1.27000E-02
 -1      1349 6.40000E-01 3.20000E-01-1.27000E-02
 -1      1351 6.40000E-01 3.20000E-01 1.27000E-02
 -1      1352 6.80000E-01 3.20000E-01-1.27000E-02
 -1      1354 6.80000E-01 3.20000E-01 1.27000E-02
 -1      1355 7.20000E-01 3.20000E-01-1.27000E-02
 -1      1357 7.20000E-01 3.20000E-01 1.27000E-02
 -1      1358 7.60000E-01 3.20000E-01-1.27000E-02
 -1      1360 7.60000E-01 3.20000E-01 1.27000E-02
 -1      1361 8.00000E-01 3.20000E-01-1.27000E-02
 -1      1363 8.00000E-01 3.20000E-01 1.27000E-02
 -1      1364 8.40000E-01 3.20000E-01-1.27000E-02
 -1      1366 8.40000E-01 3.20000E-01 1.27000E-02
 -1      1367 8.80000E-01 3.20000E-01-1.27000E-02
 -1      1369 8.80000E-01 3.20000E-01 1.27000E-02
 -1      1370 9.20000E-01 3.20000E-01-1.27000E-02
 -1      1372 9.20000E-01 3.20000E-01 1.27000E-02
 -1      1373 9.60000E-01 3.20000E-01-1.27000E-02
 -1      1375 9.60000E-01 3.20000E-01 1.27000E-02
 -1      1376 1.00000E+00 3.20000E-01-1.27000E-02
 -1      1378 1.00000E+00 3.20000E-01 1.27000E-02
 -1      1379 0.00000E+00 3.60000E-01-1.27000E-02
 -1      1381 0.00000E+00 3.60000E-01 1.27000E-02
 -1      1382 4.00000E-02 3.60000E-01-1.27000E-02
 -1      1384 4.00000E-02 3.60000E-01 1.27000E-02
 -1      1385 8.00000E-02 3.60000E-01-1.27000E-02
 -1      1387 8.00000E-02 3.60000E-01 1.27000E-02
 -1      1388 1.20000E-01 3.60000E-01-1.27000E-02
 -1      1390 1.20000E-01 3.60000E-01 1.27000E-02
 -1      1391 1.60000E-01 3.60000E-01-1.27000E-02
 -1      1393 1.60000E-01 3.60000E-01 1.27000E-02
 -1      1394 2.00000E-01 3.60000E-01-1.27000E-02
 -1      1396 2.00000E-01 3.60000E-01 1.27000E-02
 -1      1397 2.40000E-01 3.60000E-01-1.27000E-02
 -1      1399 2.40000E-01 3.60000E-01 1.27000E-02
 -1      1400 2.80000E-01 3.60000E-01-1.27000E-02
 -1      1402 2.80000E-01 3.60000E-01 1.27000E-02
 -1      1403 3.20000E-01 3.60000E-01-1.27000E-02
 -1      1405 3.20000E-01 3.60000E-01 1.27000E-02
 -1      1406 3.60000E-01 3.60000E-01-1.27000E-02
 -1      1408 3.60000E-01 3.60000E-01 1.27000E-02
 -1      1409 4.00000E-01 3.60000E-01-1.27000E-02
 -1      1411 4.00000E-01 3.60000E-01 1.27000E-02
 -1      1412 4.40000E-01 3.60000E-01-1.27000E-02
 -1      1414 4.40000E-01 3.60000E-01 1.27000E-02
 -1      1415 4.80000E-01 3.60000E-01-1.27000E-02
 -1      1417 4.80000E-01 3.60000E-01 1.27000E-02
 -1      1418 5.20000E-01 3.60000E-01-1.27000E-02
 -1      1420 5.20000E-01 3.60000E-01 1.27000E-02
 -1      1421 5.60000E-01 3.60000E-01-1.27000E-02
 -1      1423 5.60000E-01 3.60000E-01 1.27000E-02
 -1      1424 6.00000E-01 3.60000E-01-1.27000E-02
 -1      1426 6.00000E-01 3.60000E-01 1.27000E-02
 -1      1427 6.40000E-01 3.60000E-01-1.27000E-02
 -1      1429 6.40000E-01 3.60000E-01 1.27000E-02
 -1      1430 6.80000E-01 3.60000E-01-1.27000E-02
 -1      1432 6.80000E-01 3.60000E-01 1.27000E-02
 -1      1433 7.20000E-01 3.60000E-01-1.27000E-02
 -1      1435 7.20000E-01 3.60000E-01 1.27000E-02
 -1      1436 7.60000E-01 3.60000E-01-1.27000E-02
 -1      1438 7.60000E-01 3.60000E-01 1.27000E-02
 -1      1439 8.00000E-01 3.60000E-01-1.27000E-02
 -1      1441 8.00000E-01 3.60000E-01 1.27000E-02
 -1      1442 8.40000E-01 3.60000E-01-1.27000E-02
 -1      1444 8.40000E-01 3.60000E-01 1.27000E-02
 -1      1445 8.80000E-01 3.60000E-01-1.27000E-02
 -1      1447 8.80000E-01 3.60000E-01 1.27000E-02
 -1      1448 9.20000E-01 3.60000E-01-1.27000E-02
 -1      1450 9.20000E-01 3.60000E-01 1.27000E-02
 -1      1451 9.60000E-01 3.60000E-01-1.27000E-02
 -1      1453 9.60000E-01 3.60000E-01 1.27000E-02
 -1      1454 1.00000E+00 3.60000E-01-1.27000E-02
 -1      1456 1.00000E+00 3.60000E-01 1.27000E-02
 -1      1457 0.00000E+00 4.00000E-01-1.27000E-02
 -1      1459 0.00000E+00 4.00000E-01 1.27000E-02
 -1      1460 4.00000E-02 4.00000E-01-1.27000E-02
 -1      1462 4.00000E-02 4.00000E-01 1.27000E-02
 -1      1463 8.00000E-02 4.00000E-01-1.27000E-02
 -1      1465 8.00000E-02 4.00000E-01 1.27000E-02
 -1      1466 1.20000E-01 4.00000E-01-1.27000E-02
 -1      1468 1.20000E-01 4.00000E-01 1.27000E-02
 -1      1469 1.60000E-01 4.00000E-01-1.27000E-02
 -1      1471 1.60000E-01 4.00000E-01 1.27000E-02
 -1      1472 2.00000E-01 4.00000E-01-1.27000E-02
 -1      1474 2.00000E-01 4.00000E-01 1.27000E-02
 -1      1475 2.40000E-01 4.00000E-01-1.27000E-02
 -1      1477 2.40000E-01 4.00000E-01 1.27000E-02
 -1      1478 2.80000E-01 4.00000E-01-1.27000E-02
 -1      1480 2.80000E-01 4.00000E-01 1.27000E-02
 -1      1481 3.20000E-01 4.00000E-01-1.27000E-02
 -1      1483 3.20000E-01 4.00000E-01 1.27000E-02
 -1      1484 3.60000E-01 4.00000E-01-1.27000E-02
 -1      1486 3.60000E-01 4.00000E-01 1.27000E-02
 -1      1487 4.00000E-01 4.00000E-01-1.27000E-02
 -1      1489 4.00000E-01 4.00000E-01 1.27000E-02
 -1      1490 4.40000E-01 4.00000E-01-1.27000E-02
 -1      1492 4.40000E-01 4.00000E-01 1.27000E-02
 -1      1493 4.80000E-01 4.00000E-01-1.27000E-02
 -1      1495 4.80000E-01 4.00000E-01 1.27000E-02
 -1      1496 5.20000E-01 4.00000E-01-1.27000E-02
 -1      1498 5.20000E-01 4.00000E-01 1.27000E-02
 -1      1499 5.60000E-01 4.00000E-01-1.27000E-02
 -1      1501 5.60000E-01 4.00000E-01 1.27000E-02
 -1      1502 6.00000E-01 4.00000E-01-1.27000E-02
 -1      1504 6.00000E-01 4.00000E-01 1.27000E-02
 -1      1505 6.40000E-01 4.00000E-01-1.27000E-02
 -1      1507 6.40000E-01 4.00000E-01 1.27000E-02
 -1      1508 6.80000E-01 4.00000E-01-1.27000E-02
 -1      1510 6.80000E-01 4.00000E-01 1.27000E-02
 -1      1511 7.20000E-01 4.00000E-01-1.27000E-02
 -1      1513 7.20000E-01 4.00000E-01 1.27000E-02
 -1      1514 7.60000E-01 4.00000E-01-1.27000E-02
 -1      1516 7.60000E-01 4.00000E-01 1.27000E-02
 -1      1517 8.00000E-01 4.00000E-01-1.27000E-02
 -1      1519 8.00000E-01 4.00000E-01 1.27000E-02
 -1      1520 8.40000E-01 4.00000E-01-1.27000E-02
 -1      1522 8.40000E-01 4.00000E-01 1.27000E-02
 -1      1523 8.80000E-01 4.00000E-01-1.27000E-02
 -1      1525 8.80000E-01 4.00000E-01 1.27000E-02
 -1      1526 9.20000E-01 4.00000E-01-1.27000E-02
 -1      1528 9.20000E-01 4.00000E-01 1.27000E-02
 -1      1529 9.60000E-01 4.00000E-01-1.27000E-02
 -1      1531 9.60000E-01 4.00000E-01 1.27000E-02
 -1      1532 1.00000E+00 4.00000E-01-1.27000E-02
 -1      1534 1.00000E+00 4.00000E-01 1.27000E-02
 -1      1535 0.00000E+00 4.40000E-01-1.27000E-02
 -1      1537 0.00000E+00 4.40000E-01 1.27000E-02
 -1      1538 4.00000E-02 4.40000E-01-1.27000E-02
 -1      1540 4.00000E-02 4.40000E-01 1.27000E-02
 -1      1541 8.00000E-02 4.40000E-01-1.27000E-02
 -1      1543 8.00000E-02 4.40000E-01 1.27000E-02
 -1      1544 1.20000E-01 4.40000E-01-1.27000E-02
 -1      1546 1.20000E-01 4.40000E-01 1.27000E-02
 -1      1547 1.60000E-01 4.40000E-01-1.27000E-02
 -1      1549 1.60000E-01 4.40000E-01 1.27000E-02
 -1      1550 2.00000E-01 4.40000E-01-1.27000E-02
 -1      1552 2.00000E-01 4.40000E-01 1.27000E-02
 -1      1553 2.40000E-01 4.40000E-01-1.27000E-02
 -1      1555 2.40000E-01 4.40000E-01 1.27000E-02
 -1      1556 2.80000E-01 4.40000E-01-1.27000E-02
 -1      1558 2.80000E-01 4.40000E-01 1.27000E-02
 -1      1559 3.20000E-01 4.40000E-01-1.27000E-02
 -1      1561 3.20000E-01 4.40000E-01 1.27000E-02
 -1      1562 3.60000E-01 4.40000E-01-1.27000E-02
 -1      1564 3.60000E-01 4.40000E-01 1.27000E-02
 -1      1565 4.00000E-01 4.40000E-01-1.27000E-02
 -1      1567 4.00000E-01 4.40000E-01 1.27000E-02
 -1      1568 4.40000E-01 4.40000E-01-1.27000E-02
 -1      1570 4.40000E-01 4.40000E-01 1.27000E-02
 -1      1571 4.80000E-01 4.40000E-01-1.27000E-02
 -1      1573 4.80000E-01 4.40000E-01 1.27000E-02
 -1      1574 5.20000E-01 4.40000E-01-1.27000E-02
 -1      1576 5.20000E-01 4.40000E-01 1.27000E-02
 -1      1577 5.60000E-01 4.40000E-01-1.27000E-02
 -1      1579 5.60000E-01 4.40000E-01 1.27000E-02
 -1      1580 6.00000E-01 4.40000E-01-1.27000E-02
 -1      1582 6.00000E-01 4.40000E-01 1.27000E-02
 -1      1583 6.40000E-01 4.40000E-01-1.27000E-02
 -1      1585 6.40000E-01 4.40000E-01 1.27000E-02
 -1      1586 6.80000E-01 4.40000E-01-1.27000E-02
 -1      1588 6.80000E-01 4.40000E-01 1.27000E-02
 -1      1589 7.20000E-01 4.40000E-01-1.27000E-02
 -1      1591 7.20000E-01 4.40000E-01 1.27000E-02
 -1      1592 7.60000E-01 4.40000E-01-1.27000E-02
 -1      1594 7.60000E-01 4.40000E-01 1.27000E-02
 -1      1595 8.00000E-01 4.40000E-01-1.27000E-02
 -1      1597 8.00000E-01 4.40000E-01 1.27000E-02
 -1      1598 8.40000E-01 4.40000E-01-1.27000E-02
 -1      1600 8.40000E-01 4.40000E-01 1.27000E-02
 -1      1601 8.80000E-01 4.40000E-01-1.27000E-02
 -1      1603 8.80000E-01 4.40000E-01 1.27000E-02
 -1      1604 9.20000E-01 4.40000E-01-1.27000E-02
 -1      1606 9.20000E-01 4.40000E-01 1.27000E-02
 -1      1607 9.60000E-01 4.40000E-01-1.27000E-02
 -1      1609 9.60000E-01 4.40000E-01 1.27000E-02
 -1      1610 1.00000E+00 4.40000E-01-1.27000E-02
 -1      1612 1.00000E+00 4.40000E-01 1.27000E-02
 -1      1613 0.00000E+00 4.80000E-01-1.27000E-02
 -1      1615 0.00000E+00 4.80000E-01 1.27000E-02
 -1      1616 4.00000E-02 4.80000E-01-1.27000E-02
 -1      1618 4.00000E-02 4.80000E-01 1.27000E-02
 -1      1619 8.00000E-02 4.80000E-01-1.27000E-02
 -1      1621 8.00000E-02 4.80000E-01 1.27000E-02
 -1      1622 1.20000E-01 4.80000E-01-1.27000E-02
 -1      1624 1.20000E-01 4.80000E-01 1.27000E-02
 -1      1625 1.60000E-01 4.80000E-01-1.27000E-02
 -1      1627 1.60000E-01 4.80000E-01 1.27000E-02
 -1      1628 2.00000E-01 4.80000E-01-1.27000E-02
 -1      1630 2.00000E-01 4.80000E-01 1.27000E-02
 -1      1631 2.40000E-01 4.80000E-01-1.27000E-02
 -1      1633 2.40000E-01 4.80000E-01 1.27000E-02
 -1      1634 2.80000E-01 4.80000E-01-1.27000E-02
 -1      1636 2.80000E-01 4.80000E-01 1.27000E-02
 -1      1637 3.20000E-01 4.80000E-01-1.27000E-02
 -1      1639 3.20000E-01 4.80000E-01 1.27000E-02
 -1      1640 3.60000E-01 4.80000E-01-1.27000E-02
 -1      1642 3.60000E-01 4.80000E-01 1.27000E-02
 -1      1643 4.00000E-01 4.80000E-01-1.27000E-02
 -1      1645 4.00000E-01 4.80000E-01 1.27000E-02
 -1      1646 4.40000E-01 4.80000E-01-1.27000E-02
 -1      1648 4.40000E-01 4.80000E-01 1.27000E-02
 -1      1649 4.80000E-01 4.80000E-01-1.27000E-02
 -1      1651 4.80000E-01 4.80000E-01 1.27000E-02
 -1      1652 5.20000E-01 4.80000E-01-1.27000E-02
 -1      1654 5.20000E-01 4.80000E-01 1.27000E-02
 -1      1655 5.60000E-01 4.80000E-01-1.27000E-02
 -1      1657 5.60000E-01 4.80000E-01 1.27000E-02
 -1      1658 6.00000E-01 4.80000E-01-1.27000E-02
 -1      1660 6.00000E-01 4.80000E-01 1.27000E-02
 -1      1661 6.40000E-01 4.80000E-01-1.27000E-02
 -1      1663 6.40000E-01 4.80000E-01 1.27000E-02
 -1      1664 6.80000E-01 4.80000E-01-1.27000E-02
 -1      1666 6.80000E-01 4.80000E-01 1.27000E-02
 -1      1667 7.20000E-01 4.80000E-01-1.27000E-02
 -1      1669 7.20000E-01 4.80000E-01 1.27000E-02
 -1      1670 7.60000E-01 4.80000E-01-1.27000E-02
 -1      1672 7.60000E-01 4.80000E-01 1.27000E-02
 -1      1673 8.00000E-01 4.80000E-01-1.27000E-02
 -1      1675 8.00000E-01 4.80000E-01 1.27000E-02
 -1      1676 8.40000E-01 4.80000E-01-1.27000E-02
 -1      1678 8.40000E-01 4.80000E-01 1.27000E-02
 -1      1679 8.80000E-01 4.80000E-01-1.27000E-02
 -1      1681 8.80000E-01 4.80000E-01 1.27000E-02
 -1      1682 9.20000E-01 4.80000E-01-1.27000E-02
 -1      1684 9.20000E-01 4.80000E-01 1.27000E-02
 -1      1685 9.60000E-01 4.80000E-01-1.27000E-02
 -1      1687 9.60000E-01 4.80000E-01 1.27000E-02
 -1      1688 1.00000E+00 4.80000E-01-1.27000E-02
 -1      1690 1.00000E+00 4.80000E-01 1.27000E-02
 -1      1691 0.00000E+00 5.20000E-01-1.27000E-02
 -1      1693 0.00000E+00 5.20000E-01 1.27000E-02
 -1      1694 4.00000E-02 5.20000E-01-1.27000E-02
 -1      1696 4.00000E-02 5.20000E-01 1.27000E-02
 -1      1697 8.00000E-02 5.20000E-01-1.27000E-02
 -1      1699 8.00000E-02 5.20000E-01 1.27000E-02
 -1      1700 1.20000E-01 5.20000E-01-1.27000E-02
 -1      1702 1.20000E-01 5.20000E-01 1.27000E-02
 -1      1703 1.60000E-01 5.20000E-01-1.27000E-02
 -1      1705 1.60000E-01 5.20000E-01 1.27000E-02
 -1      1706 2.00000E-01 5.20000E-01-1.27000E-02
 -1      1708 2.00000E-01 5.20000E-01 1.27000E-02
 -1      1709 2.40000E-01 5.20000E-01-1.27000E-02
 -1      1711 2.40000E-01 5.20000E-01 1.27000E-02
 -1      1712 2.80000E-01 5.20000E-01-1.27000E-02
 -1      1714 2.80000E-01 5.20000E-01 1.27000E-02
 -1      1715 3.20000E-01 5.20000E-01-1.27000E-02
 -1      1717 3.20000E-01 5.20000E-01 1.27000E-02
 -1      1718 3.60000E-01 5.20000E-01-1.27000E-02
 -1      1720 3.60000E-01 5.20000E-01 1.27000E-02
 -1      1721 4.00000E-01 5.20000E-01-1.27000E-02
 -1      1723 4.00000E-01 5.20000E-01 1.27000E-02
 -1      1724 4.40000E-01 5.20000E-01-1.27000E-02
 -1      1726 4.40000E-01 5.20000E-01 1.27000E-02
 -1      1727 4.80000E-01 5.20000E-01-1.27000E-02
 -1      1729 4.80000E-01 5.20000E-01 1.27000E-02
 -1      1730 5.20000E-01 5.20000E-01-1.27000E-02
 -1      1732 5.20000E-01 5.20000E-01 1.27000E-02
 -1      1733 5.60000E-01 5.20000E-01-1.27000E-02
 -1      1735 5.60000E-01 5.20000E-01 1.27000E-02
 -1      1736 6.00000E-01 5.20000E-01-1.27000E-02
 -1      1738 6.00000E-01 5.20000E-01 1.27000E-02
 -1      1739 6.40000E-01 5.20000E-01-1.27000E-02
 -1      1741 6.40000E-01 5.20000E-01 1.27000E-02
 -1      1742 6.80000E-01 5.20000E-01-1.27000E-02
 -1      1744 6.80000E-01 5.20000E-01 1.27000E-02
 -1      1745 7.20000E-01 5.20000E-01-1.27000E-02
 -1      1747 7.20000E-01 5.20000E-01 1.27000E-02
 -1      1748 7.60000E-01 5.20000E-01-1.27000E-02
 -1      1750 7.60000E-01 5.20000E-01 1.27000E-02
 -1      1751 8.00000E-01 5.20000E-01-1.27000E-02
 -1      1753 8.00000E-01 5.20000E-01 1.27000E-02
 -1      1754 8.40000E-01 5.20000E-01-1.27000E-02
 -1      1756 8.40000E-01 5.20000E-01 1.27000E-02
 -1      1757 8.80000E-01 5.20000E-01-1.27000E-02
 -1      1759 8.80000E-01 5.20000E-01 1.27000E-02
 -1      1760 9.20000E-01 5.20000E-01-1.27000E-02
 -1      1762 9.20000E-01 5.20000E-01 1.27000E-02
 -1      1763 9.60000E-01 5.20000E-01-1.27000E-02
 -1      1765 9.60000E-01 5.20000E-01 1.27000E-02
 -1      1766 1.00000E+00 5.20000E-01-1.27000E-02
 -1      1768 1.00000E+00 5.20000E-01 1.27000E-02
 -1      1769 0.00000E+00 5.60000E-01-1.27000E-02
 -1      1771 0.00000E+00 5.60000E-01 1.27000E-02
 -1      1772 4.00000E-02 5.60000E-01-1.27000E-02
 -1      1774 4.00000E-02 5.60000E-01 1.27000E-02
 -1      1775 8.00000E-02 5.60000E-01-1.27000E-02
 -1      1777 8.00000E-02 5.60000E-01 1.27000E-02
 -1      1778 1.20000E-01 5.60000E-01-1.27000E-02
 -1      1780 1.20000E-01 5.60000E-01 1.27000E-02
 -1      1781 1.60000E-01 5.60000E-01-1.27000E-02
 -1      1783 1.60000E-01 5.60000E-01 1.27000E-02
 -1      1784 2.00000E-01 5.60000E-01-1.27000E-02
 -1      1786 2.00000E-01 5.60000E-01 1.27000E-02
 -1      1787 2.40000E-01 5.60000E-01-1.27000E-02
 -1      1789 2.40000E-01 5.60000E-01 1.27000E-02
 -1      1790 2.80000E-01 5.60000E-01-1.27000E-02
 -1      1792 2.80000E-01 5.60000E-01 1.27000E-02
 -1      1793 3.20000E-01 5.60000E-01-1.27000E-02
 -1      1795 3.20000E-01 5.60000E-01 1.27000E-02
 -1      1796 3.60000E-01 5.60000E-01-1.27000E-02
 -1      1798 3.60000E-01 5.60000E-01 1.27000E-02
 -1      1799 4.00000E-01 5.60000E-01-1.27000E-02
 -1      1801 4.00000E-01 5.60000E-01 1.27000E-02
 -1      1802 4.40000E-01 5.60000E-01-1.27000E-02
 -1      1804 4.40000E-01 5.60000E-01 1.27000E-02
 -1      1805 4.80000E-01 5.60000E-01-1.27000E-02
 -1      1807 4.80000E-01 5.60000E-01 1.27000E-02
 -1      1808 5.20000E-01 5.60000E-01-1.27000E-02
 -1      1810 5.20000E-01 5.60000E-01 1.27000E-02
 -1      1811 5.60000E-01 5.60000E-01-1.27000E-02
 -1      1813 5.60000E-01 5.60000E-01 1.27000E-02
 -1      1814 6.00000E-01 5.60000E-01-1.27000E-02
 -1      1816 6.00000E-01 5.60000E-01 1.27000E-02
 -1      1817 6.40000E-01 5.60000E-01-1.27000E-02
 -1      1819 6.40000E-01 5.60000E-01 1.27000E-02
 -1      1820 6.80000E-01 5.60000E-01-1.27000E-02
 -1      1822 6.80000E-01 5.60000E-01 1.27000E-02
 -1      1823 7.20000E-01 5.60000E-01-1.27000E-02
 -1      1825 7.20000E-01 5.60000E-01 1.27000E-02
 -1      1826 7.60000E-01 5.60000E-01-1.27000E-02
 -1      1828 7.60000E-01 5.60000E-01 1.27000E-02
 -1      1829 8.00000E-01 5.60000E-01-1.27000E-02
 -1      1831 8.00000E-01 5.60000E-01 1.27000E-02
 -1      1832 8.40000E-01 5.60000E-01-1.27000E-02
 -1      1834 8.40000E-01 5.60000E-01 1.27000E-02
 -1      1835 8.80000E-01 5.60000E-01-1.27000E-02
 -1      1837 8.80000E-01 5.60000E-01 1.27000E-02
 -1      1838 9.20000E-01 5.60000E-01-1.27000E-02
 -1      1840 9.20000E-01 5.60000E-01 1.27000E-02
 -1      1841 9.60000E-01 5.60000E-01-1.27000E-02
 -1      1843 9.60000E-01 5.60000E-01 1.27000E-02
 -1      1844 1.00000E+00 5.60000E-01-1.27000E-02
 -1      1846 1.00000E+00 5.60000E-01 1.27000E-02
 -1      1847 0.00000E+00 6.00000E-01-1.27000E-02
 -1      1849 0.00000E+00 6.00000E-01 1.27000E-02
 -1      1850 4.00000E-02 6.00000E-01-1.27000E-02
 -1      1852 4.00000E-02 6.00000E-01 1.27000E-02
 -1      1853 8.00000E-02 6.00000E-01-1.27000E-02
 -1      1855 8.00000E-02 6.00000E-01 1.27000E-02
 -1      1856 1.20000E-01 6.00000E-01-1.27000E-02
 -1      1858 1.20000E-01 6.00000E-01 1.27000E-02
 -1      1859 1.60000E-01 6.00000E-01-1.27000E-02
 -1      1861 1.60000E-01 6.00000E-01 1.27000E-02
 -1      1862 2.00000E-01 6.00000E-01-1.27000E-02
 -1      1864 2.00000E-01 6.00000E-01 1.27000E-02
 -1      1865 2.40000E-01 6.00000E-01-1.27000E-02
 -1      1867 2.40000E-01 6.00000E-01 1.27000E-02
 -1      1868 2.80000E-01 6.00000E-01-1.27000E-02
 -1      1870 2.80000E-01 6.00000E-01 1.27000E-02
 -1      1871 3.20000E-01 6.00000E-01-1.27000E-02
 -1      1873 3.20000E-01 6.00000E-01 1.27000E-02
 -1      1874 3.60000E-01 6.00000E-01-1.27000E-02
 -1      1876 3.60000E-01 6.00000E-01 1.27000E-02
 -1      1877 4.00000E-01 6.00000E-01-1.27000E-02
 -1      1879 4.00000E-01 6.00000E-01 1.27000E-02
 -1      1880 4.40000E-01 6.00000E-01-1.27000E-02
 -1      1882 4.40000E-01 6.00000E-01 1.27000E-02
 -1      1883 4.80000E-01 6.00000E-01-1.27000E-02
 -1      1885 4.80000E-01 6.00000E-01 1.27000E-02
 -1      1886 5.20000E-01 6.00000E-01-1.27000E-02
 -1      1888 5.20000E-01 6.00000E-01 1.27000E-02
 -1      1889 5.60000E-01 6.00000E-01-1.27000E-02
 -1      1891 5.60000E-01 6.00000E-01 1.27000E-02
 -1      1892 6.00000E-01 6.00000E-01-1.27000E-02
 -1      1894 6.00000E-01 6.00000E-01 1.27000E-02
 -1      1895 6.40000E-01 6.00000E-01-1.27000E-02
 -1      1897 6.40000E-01 6.00000E-01 1.27000E-02
 -1      1898 6.80000E-01 6.00000E-01-1.27000E-02
 -1      1900 6.80000E-01 6.00000E-01 1.27000E-02
 -1      1901 7.20000E-01 6.00000E-01-1.27000E-02
 -1      1903 7.20000E-01 6.00000E-01 1.27000E-02
 -1      1904 7.60000E-01 6.00000E-01-1.27000E-02
 -1      1906 7.60000E-01 6.00000E-01 1.27000E-02
 -1      1907 8.00000E-01 6.00000E-01-1.27000E-02
 -1      1909 8.00000E-01 6.00000E-01 1.27000E-02
 -1      1910 8.40000E-01 6.00000E-01-1.27000E-02
 -1      1912 8.40000E-01 6.00000E-01 1.27000E-02
 -1      1913 8.80000E-01 6.00000E-01-1.27000E-02
 -1      1915 8.80000E-01 6.00000E-01 1.27000E-02
 -1      1916 9.20000E-01 6.00000E-01-1.27000E-02
 -1      1918 9.20000E-01 6.00000E-01 1.27000E-02
 -1      1919 9.60000E-01 6.00000E-01-1.27000E-02
 -1      1921 9.60000E-01 6.00000E-01 1.27000E-02
 -1      1922 1.00000E+00 6.00000E-01-1.27000E-02
 -1      1924 1.00000E+00 6.00000E-01 1.27000E-02
 -1      1925 0.00000E+00 6.40000E-01-1.27000E-02
 -1      1927 0.00000E+00 6.40000E-01 1.27000E-02
 -1      1928 4.00000E-02 6.40000E-01-1.27000E-02
 -1      1930 4.00000E-02 6.40000E-01 1.27000E-02
 -1      1931 8.00000E-02 6.40000E-01-1.27000E-02
 -1      1933 8.00000E-02 6.40000E-01 1.27000E-02
 -1      1934 1.20000E-01 6.40000E-01-1.27000E-02
 -1      1936 1.20000E-01 6.40000E-01 1.27000E-02
 -1      1937 1.60000E-01 6.40000E-01-1.27000E-02
 -1      1939 1.60000E-01 6.40000E-01 1.27000E-02
 -1      1940 2.00000E-01 6.40000E-01-1.27000E-02
 -1      1942 2.00000E-01 6.40000E-01 1.27000E-02
 -1      1943 2.40000E-01 6.40000E-01-1.27000E-02
 -1      1945 2.40000E-01 6.40000E-01 1.27000E-02
 -1      1946 2.80000E-01 6.40000E-01-1.27000E-02
 -1      1948 2.80000E-01 6.40000E-01 1.27000E-02
 -1      1949 3.20000E-01 6.40000E-01-1.27000E-02
 -1      1951 3.20000E-01 6.40000E-01 1.27000E-02
 -1      1952 3.60000E-01 6.40000E-01-1.27000E-02
 -1      1954 3.60000E-01 6.40000E-01 1.27000E-02
 -1      1955 4.00000E-01 6.40000E-01-1.27000E-02
 -1      1957 4.00000E-01 6.40000E-01 1.27000E-02
 -1      1958 4.40000E-01 6.40000E-01-1.27000E-02
 -1      1960 4.40000E-01 6.40000E-01 1.27000E-02
 -1      1961 4.80000E-01 6.40000E-01-1.27000E-02
 -1      1963 4.80000E-01 6.40000E-01 1.27000E-02
 -1      1964 5.20000E-01 6.40000E-01-1.27000E-02
 -1      1966 5.20000E-01 6.40000E-01 1.27000E-02
 -1      1967 5.60000E-01 6.40000E-01-1.27000E-02
 -1      1969 5.60000E-01 6.40000E-01 1.27000E-02
 -1      1970 6.00000E-01 6.40000E-01-1.27000E-02
 -1      1972 6.00000E-01 6.40000E-01 1.27000E-02
 -1      1973 6.40000E-01 6.40000E-01-1.27000E-02
 -1      1975 6.40000E-01 6.40000E-01 1.27000E-02
 -1      1976 6.80000E-01 6.40000E-01-1.27000E-02
 -1      1978 6.80000E-01 6.40000E-01 1.27000E-02
 -1      1979 7.20000E-01 6.40000E-01-1.27000E-02
 -1      1981 7.20000E-01 6.40000E-01 1.27000E-02
 -1      1982 7.60000E-01 6.40000E-01-1.27000E-02
 -1      1984 7.60000E-01 6.40000E-01 1.27000E-02
 -1      1985 8.00000E-01 6.40000E-01-1.27000E-02
 -1      1987 8.00000E-01 6.40000E-01 1.27000E-02
 -1      1988 8.40000E-01 6.40000E-01-1.27000E-02
 -1      1990 8.40000E-01 6.40000E-01 1.27000E-02
 -1      1991 8.80000E-01 6.40000E-01-1.27000E-02
 -1      1993 8.80000E-01 6.40000E-01 1.27000E-02
 -1      1994 9.20000E-01 6.40000E-01-1.27000E-02
 -1      1996 9.20000E-01 6.40000E-01 1.27000E-02
 -1      1997 9.60000E-01 6.40000E-01-1.27000E-02
 -1      1999 9.60000E-01 6.40000E-01 1.27000E-02
 -1      2000 1.00000E+00 6.40000E-01-1.27000E-02
 -1      2002 1.00000E+00 6.40000E-01 1.27000E-02
 -1      2003 0.00000E+00 6.80000E-01-1.27000E-02
 -1      2005 0.00000E+00 6.80000E-01 1.27000E-02
 -1      2006 4.00000E-02 6.80000E-01-1.27000E-02
 -1      2008 4.00000E-02 6.80000E-01 1.27000E-02
 -1      2009 8.00000E-02 6.80000E-01-1.27000E-02
 -1      2011 8.00000E-02 6.80000E-01 1.27000E-02
 -1      2012 1.20000E-01 6.80000E-01-1.27000E-02
 -1      2014 1.20000E-01 6.80000E-01 1.27000E-02
 -1      2015 1.60000E-01 6.80000E-01-1.27000E-02
 -1      2017 1.60000E-01 6.80000E-01 1.27000E-02
 -1      2018 2.00000E-01 6.80000E-01-1.27000E-02
 -1      2020 2.00000E-01 6.80000E-01 1.27000E-02
 -1      2021 2.40000E-01 6.80000E-01-1.27000E-02
 -1      2023 2.40000E-01 6.80000E-01 1.27000E-02
 -1      2024 2.80000E-01 6.80000E-01-1.27000E-02
 -1      2026 2.80000E-01 6.80000E-01 1.27000E-02
 -1      2027 3.20000E-01 6.80000E-01-1.27000E-02
 -1      2029 3.20000E-01 6.80000E-01 1.27000E-02
 -1      2030 3.60000E-01 6.80000E-01-1.27000E-02
 -1      2032 3.60000E-01 6.80000E-01 1.27000E-02
 -1      2033 4.00000E-01 6.80000E-01-1.27000E-02
 -1      2035 4.00000E-01 6.80000E-01 1.27000E-02
 -1      2036 4.40000E-01 6.80000E-01-1.27000E-02
 -1      2038 4.40000E-01 6.80000E-01 1.27000E-02
 -1      2039 4.80000E-01 6.80000E-01-1.27000E-02
 -1      2041 4.80000E-01 6.80000E-01 1.27000E-02
 -1      2042 5.20000E-01 6.80000E-01-1.27000E-02
 -1      2044 5.20000E-01 6.80000E-01 1.27000E-02
 -1      2045 5.60000E-01 6.80000E-01-1.27000E-02
 -1      2047 5.60000E-01 6.80000E-01 1.27000E-02
 -1      2048 6.00000E-01 6.80000E-01-1.27000E-02
 -1      2050 6.00000E-01 6.80000E-01 1.27000E-02
 -1      2051 6.40000E-01 6.80000E-01-1.27000E-02
 -1      2053 6.40000E-01 6.80000E-01 1.27000E-02
 -1      2054 6.80000E-01 6.80000E-01-1.27000E-02
 -1      2056 6.80000E-01 6.80000E-01 1.27000E-02
 -1      2057 7.20000E-01 6.80000E-01-1.27000E-02
 -1      2059 7.20000E-01 6.80000E-01 1.27000E-02
 -1      2060 7.60000E-01 6.80000E-01-1.27000E-02
 -1      2062 7.60000E-01 6.80000E-01 1.27000E-02
 -1      2063 8.00000E-01 6.80000E-01-1.27000E-02
 -1      2065 8.00000E-01 6.80000E-01 1.27000E-02
 -1      2066 8.40000E-01 6.80000E-01-1.27000E-02
 -1      2068 8.40000E-01 6.80000E-01 1.27000E-02
 -1      2069 8.80000E-01 6.80000E-01-1.27000E-02
 -1      2071 8.80000E-01 6.80000E-01 1.27000E-02
 -1      2072 9.20000E-01 6.80000E-01-1.27000E-02
 -1      2074 9.20000E-01 6.80000E-01 1.27000E-02
 -1      2075 9.60000E-01 6.80000E-01-1.27000E-02
 -1      2077 9.60000E-01 6.80000E-01 1.27000E-02
 -1      2078 1.00000E+00 6.80000E-01-1.27000E-02
 -1      2080 1.00000E+00 6.80000E-01 1.27000E-02
 -1      2081 0.00000E+00 7.20000E-01-1.27000E-02
 -1      2083 0.00000E+00 7.20000E-01 1.27000E-02
 -1      2084 4.00000E-02 7.20000E-01-1.27000E-02
 -1      2086 4.00000E-02 7.20000E-01 1.27000E-02
 -1      2087 8.00000E-02 7.20000E-01-1.27000E-02
 -1      2089 8.00000E-02 7.20000E-01 1.27000E-02
 -1      2090 1.20000E-01 7.20000E-01-1.27000E-02
 -1      2092 1.20000E-01 7.20000E-01 1.27000E-02
 -1      2093 1.60000E-01 7.20000E-01-1.27000E-02
 -1      2095 1.60000E-01 7.20000E-01 1.27000E-02
 -1      2096 2.00000E-01 7.20000E-01-1.27000E-02
 -1      2098 2.00000E-01 7.20000E-01 1.27000E-02
 -1      2099 2.40000E-01 7.20000E-01-1.27000E-02
 -1      2101 2.40000E-01 7.20000E-01 1.27000E-02
 -1      2102 2.80000E-01 7.20000E-01-1.27000E-02
 -1      2104 2.80000E-01 7.20000E-01 1.27000E-02
 -1      2105 3.20000E-01 7.20000E-01-1.27000E-02
 -1      2107 3.20000E-01 7.20000E-01 1.27000E-02
 -1      2108 3.60000E-01 7.20000E-01-1.27000E-02
 -1      2110 3.60000E-01 7.20000E-01 1.27000E-02
 -1      2111 4.00000E-01 7.20000E-01-1.27000E-02
 -1      2113 4.00000E-01 7.20000E-01 1.27000E-02
 -1      2114 4.40000E-01 7.20000E-01-1.27000E-02
 -1      2116 4.40000E-01 7.20000E-01 1.27000E-02
 -1      2117 4.80000E-01 7.20000E-01-1.27000E-02
 -1      2119 4.80000E-01 7.20000E-01 1.27000E-02
 -1      2120 5.20000E-01 7.20000E-01-1.27000E-02
 -1      2122 5.20000E-01 7.20000E-01 1.27000E-02
 -1      2123 5.60000E-01 7.20000E-01-1.27000E-02
 -1      2125 5.60000E-01 7.20000E-01 1.27000E-02
 -1      2126 6.00000E-01 7.20000E-01-1.27000E-02
 -1      2128 6.00000E-01 7.20000E-01 1.27000E-02
 -1      2129 6.40000E-01 7.20000E-01-1.27000E-02
 -1      2131 6.40000E-01 7.20000E-01 1.27000E-02
 -1      2132 6.80000E-01 7.20000E-01-1.27000E-02
 -1      2134 6.80000E-01 7.20000E-01 1.27000E-02
 -1      2135 7.20000E-01 7.20000E-01-1.27000E-02
 -1      2137 7.20000E-01 7.20000E-01 1.27000E-02
 -1      2138 7.60000E-01 7.20000E-01-1.27000E-02
 -1      2140 7.60000E-01 7.20000E-01 1.27000E-02
 -1      2141 8.00000E-01 7.20000E-01-1.27000E-02
 -1      2143 8.00000E-01 7.20000E-01 1.27000E-02
 -1      2144 8.40000E-01 7.20000E-01-1.27000E-02
 -1      2146 8.40000E-01 7.20000E-01 1.27000E-02
 -1      2147 8.80000E-01 7.20000E-01-1.27000E-02
 -1      2149 8.80000E-01 7.20000E-01 1.27000E-02
 -1      2150 9.20000E-01 7.20000E-01-1.27000E-02
 -1      2152 9.20000E-01 7.20000E-01 1.27000E-02
 -1      2153 9.60000E-01 7.20000E-01-1.27000E-02
 -1      2155 9.60000E-01 7.20000E-01 1.27000E-02
 -1      2156 1.00000E+00 7.20000E-01-1.27000E-02
 -1      2158 1.00000E+00 7.20000E-01 1.27000E-02
 -1      2159 0.00000E+00 7.60000E-01-1.27000E-02
 -1      2161 0.00000E+00 7.60000E-01 1.27000E-02
 -1      2162 4.00000E-02 7.60000E-01-1.27000E-02
 -1      2164 4.00000E-02 7.60000E-01 1.27000E-02
 -1      2165 8.00000E-02 7.60000E-01-1.27000E-02
 -1      2167 8.00000E-02 7.60000E-01 1.27000E-02
 -1      2168 1.20000E-01 7.60000E-01-1.27000E-02
 -1      2170 1.20000E-01 7.60000E-01 1.27000E-02
 -1      2171 1.60000E-01 7.60000E-01-1.27000E-02
 -1      2173 1.60000E-01 7.60000E-01 1.27000E-02
 -1      2174 2.00000E-01 7.60000E-01-1.27000E-02
 -1      2176 2.00000E-01 7.60000E-01 1.27000E-02
 -1      2177 2.40000E-01 7.60000E-01-1.27000E-02
 -1      2179 2.40000E-01 7.60000E-01 1.27000E-02
 -1      2180 2.80000E-01 7.60000E-01-1.27000E-02
 -1      2182 2.80000E-01 7.60000E-01 1.27000E-02
 -1      2183 3.20000E-01 7.60000E-01-1.27000E-02
 -1      2185 3.20000E-01 7.60000E-01 1.27000E-02
 -1      2186 3.60000E-01 7.60000E-01-1.27000E-02
 -1      2188 3.60000E-01 7.60000E-01 1.27000E-02
 -1      2189 4.00000E-01 7.60000E-01-1.27000E-02
 -1      2191 4.00000E-01 7.60000E-01 1.27000E-02
 -1      2192 4.40000E-01 7.60000E-01-1.27000E-02
 -1      2194 4.40000E-01 7.60000E-01 1.27000E-02
 -1      2195 4.80000E-01 7.60000E-01-1.27000E-02
 -1      2197 4.80000E-01 7.60000E-01 1.27000E-02
 -1      2198 5.20000E-01 7.60000E-01-1.27000E-02
 -1      2200 5.20000E-01 7.60000E-01 1.27000E-02
 -1      2201 5.60000E-01 7.60000E-01-1.27000E-02
 -1      2203 5.60000E-01 7.60000E-01 1.27000E-02
 -1      2204 6.00000E-01 7.60000E-01-1.27000E-02
 -1      2206 6.00000E-01 7.60000E-01 1.27000E-02
 -1      2207 6.40000E-01 7.60000E-01-1.27000E-02
 -1      2209 6.40000E-01 7.60000E-01 1.27000E-02
 -1      2210 6.80000E-01 7.60000E-01-1.27000E-02
 -1      2212 6.80000E-01 7.60000E-01 1.27000E-02
 -1      2213 7.20000E-01 7.60000E-01-1.27000E-02
 -1      2215 7.20000E-01 7.60000E-01 1.27000E-02
 -1      2216 7.60000E-01 7.60000E-01-1.27000E-02
 -1      2218 7.60000E-01 7.60000E-01 1.27000E-02
 -1      2219 8.00000E-01 7.60000E-01-1.27000E-02
 -1      2221 8.00000E-01 7.60000E-01 1.27000E-02
 -1      2222 8.40000E-01 7.60000E-01-1.27000E-02
 -1      2224 8.40000E-01 7.60000E-01 1.27000E-02
 -1      2225 8.80000E-01 7.60000E-01-1.27000E-02
 -1      2227 8.80000E-01 7.60000E-01 1.27000E-02
 -1      2228 9.20000E-01 7.60000E-01-1.27000E-02
 -1      2230 9.20000E-01 7.60000E-01 1.27000E-02
 -1      2231 9.60000E-01 7.60000E-01-1.27000E-02
 -1      2233 9.60000E-01 7.60000E-01 1.27000E-02
 -1      2234 1.00000E+00 7.60000E-01-1.27000E-02
 -1      2236 1.00000E+00 7.60000E-01 1.27000E-02
 -1      2237 0.00000E+00 8.00000E-01-1.27000E-02
 -1      2239 0.00000E+00 8.00000E-01 1.27000E-02
 -1      2240 4.00000E-02 8.00000E-01-1.27000E-02
 -1      2242 4.00000E-02 8.00000E-01 1.27000E-02
 -1      2243 8.00000E-02 8.00000E-01-1.27000E-02
 -1      2245 8.00000E-02 8.00000E-01 1.27000E-02
 -1      2246 1.20000E-01 8.00000E-01-1.27000E-02
 -1      2248 1.20000E-01 8.00000E-01 1.27000E-02
 -1      2249 1.60000E-01 8.00000E-01-1.27000E-02
 -1      2251 1.60000E-01 8.00000E-01 1.27000E-02
 -1      2252 2.00000E-01 8.00000E-01-1.27000E-02
 -1      2254 2.00000E-01 8.00000E-01 1.27000E-02
 -1      2255 2.40000E-01 8.00000E-01-1.27000E-02
 -1      2257 2.40000E-01 8.00000E-01 1.27000E-02
 -1      2258 2.80000E-01 8.00000E-01-1.27000E-02
 -1      2260 2.80000E-01 8.00000E-01 1.27000E-02
 -1      2261 3.20000E-01 8.00000E-01-1.27000E-02
 -1      2263 3.20000E-01 8.00000E-01 1.27000E-02
 -1      2264 3.60000E-01 8.00000E-01-1.27000E-02
 -1      2266 3.60000E-01 8.00000E-01 1.27000E-02
 -1      2267 4.00000E-01 8.00000E-01-1.27000E-02
 -1      2269 4.00000E-01 8.00000E-01 1.27000E-02
 -1      2270 4.40000E-01 8.00000E-01-1.27000E-02
 -1      2272 4.40000E-01 8.00000E-01 1.27000E-02
 -1      2273 4.80000E-01 8.00000E-01-1.27000E-02
 -1      2275 4.80000E-01 8.00000E-01 1.27000E-02
 -1      2276 5.20000E-01 8.00000E-01-1.27000E-02
 -1      2278 5.20000E-01 8.00000E-01 1.27000E-02
 -1      2279 5.60000E-01 8.00000E-01-1.27000E-02
 -1      2281 5.60000E-01 8.00000E-01 1.27000E-02
 -1      2282 6.00000E-01 8.00000E-01-1.27000E-02
 -1      2284 6.00000E-01 8.00000E-01 1.27000E-02
 -1      2285 6.40000E-01 8.00000E-01-1.27000E-02
 -1      2287 6.40000E-01 8.00000E-01 1.27000E-02
 -1      2288 6.80000E-01 8.00000E-01-1.27000E-02
 -1      2290 6.80000E-01 8.00000E-01 1.27000E-02
 -1      2291 7.20000E-01 8.00000E-01-1.27000E-02
 -1      2293 7.20000E-01 8.00000E-01 1.27000E-02
 -1      2294 7.60000E-01 8.00000E-01-1.27000E-02
 -1      2296 7.60000E-01 8.00000E-01 1.27000E-02
 -1      2297 8.00000E-01 8.00000E-01-1.27000E-02
 -1      2299 8.00000E-01 8.00000E-01 1.27000E-02
 -1      2300 8.40000E-01 8.00000E-01-1.27000E-02
 -1      2302 8.40000E-01 8.00000E-01 1.27000E-02
 -1      2303 8.80000E-01 8.00000E-01-1.27000E-02
 -1      2305 8.80000E-01 8.00000E-01 1.27000E-02
 -1      2306 9.20000E-01 8.00000E-01-1.27000E-02
 -1      2308 9.20000E-01 8.00000E-01 1.27000E-02
 -1      2309 9.60000E-01 8.00000E-01-1.27000E-02
 -1      2311 9.60000E-01 8.00000E-01 1.27000E-02
 -1      2312 1.00000E+00 8.00000E-01-1.27000E-02
 -1      2314 1.00000E+00 8.00000E-01 1.27000E-02
 -1      2315 0.00000E+00 8.40000E-01-1.27000E-02
 -1      2317 0.00000E+00 8.40000E-01 1.27000E-02
 -1      2318 4.00000E-02 8.40000E-01-1.27000E-02
 -1      2320 4.00000E-02 8.40000E-01 1.27000E-02
 -1      2321 8.00000E-02 8.40000E-01-1.27000E-02
 -1      2323 8.00000E-02 8.40000E-01 1.27000E-02
 -1      2324 1.20000E-01 8.40000E-01-1.27000E-02
 -1      2326 1.20000E-01 8.40000E-01 1.27000E-02
 -1      2327 1.60000E-01 8.40000E-01-1.27000E-02
 -1      2329 1.60000E-01 8.40000E-01 1.27000E-02
 -1      2330 2.00000E-01 8.40000E-01-1.27000E-02
 -1      2332 2.00000E-01 8.40000E-01 1.27000E-02
 -1      2333 2.40000E-01 8.40000E-01-1.27000E-02
 -1      2335 2.40000E-01 8.40000E-01 1.27000E-02
 -1      2336 2.80000E-01 8.40000E-01-1.27000E-02
 -1      2338 2.80000E-01 8.40000E-01 1.27000E-02
 -1      2339 3.20000E-01 8.40000E-01-1.27000E-02
 -1      2341 3.20000E-01 8.40000E-01 1.27000E-02
 -1      2342 3.60000E-01 8.40000E-01-1.27000E-02
 -1      2344 3.60000E-01 8.40000E-01 1.27000E-02
 -1      2345 4.00000E-01 8.40000E-01-1.27000E-02
 -1      2347 4.00000E-01 8.40000E-01 1.27000E-02
 -1      2348 4.40000E-01 8.40000E-01-1.27000E-02
 -1      2350 4.40000E-01 8.40000E-01 1.27000E-02
 -1      2351 4.80000E-01 8.40000E-01-1.27000E-02
 -1      2353 4.80000E-01 8.40000E-01 1.27000E-02
 -1      2354 5.20000E-01 8.40000E-01-1.27000E-02
 -1      2356 5.20000E-01 8.40000E-01 1.27000E-02
 -1      2357 5.60000E-01 8.40000E-01-1.27000E-02
 -1      2359 5.60000E-01 8.40000E-01 1.27000E-02
 -1      2360 6.00000E-01 8.40000E-01-1.27000E-02
 -1      2362 6.00000E-01 8.40000E-01 1.27000E-02
 -1      2363 6.40000E-01 8.40000E-01-1.27000E-02
 -1      2365 6.40000E-01 8.40000E-01 1.27000E-02
 -1      2366 6.80000E-01 8.40000E-01-1.27000E-02
 -1      2368 6.80000E-01 8.40000E-01 1.27000E-02
 -1      2369 7.20000E-01 8.40000E-01-1.27000E-02
 -1      2371 7.20000E-01 8.40000E-01 1.27000E-02
 -1      2372 7.60000E-01 8.40000E-01-1.27000E-02
 -1      2374 7.60000E-01 8.40000E-01 1.27000E-02
 -1      2375 8.00000E-01 8.40000E-01-1.27000E-02
 -1      2377 8.00000E-01 8.40000E-01 1.27000E-02
 -1      2378 8.40000E-01 8.40000E-01-1.27000E-02
 -1      2380 8.40000E-01 8.40000E-01 1.27000E-02
 -1      2381 8.80000E-01 8.40000E-01-1.27000E-02
 -1      2383 8.80000E-01 8.40000E-01 1.27000E-02
 -1      2384 9.20000E-01 8.40000E-01-1.27000E-02
 -1      2386 9.20000E-01 8.40000E-01 1.27000E-02
 -1      2387 9.60000E-01 8.40000E-01-1.27000E-02
 -1      2389 9.60000E-01 8.40000E-01 1.27000E-02
 -1      2390 1.00000E+00 8.40000E-01-1.27000E-02
 -1      2392 1.00000E+00 8.40000E-01 1.27000E-02
 -1      2393 0.00000E+00 8.80000E-01-1.27000E-02
 -1      2395 0.00000E+00 8.80000E-01 1.27000E-02
 -1      2396 4.00000E-02 8.80000E-01-1.27000E-02
 -1      2398 4.00000E-02 8.80000E-01 1.27000E-02
 -1      2399 8.00000E-02 8.80000E-01-1.27000E-02
 -1      2401 8.00000E-02 8.80000E-01 1.27000E-02
 -1      2402 1.20000E-01 8.80000E-01-1.27000E-02
 -1      2404 1.20000E-01 8.80000E-01 1.27000E-02
 -1      2405 1.60000E-01 8.80000E-01-1.27000E-02
 -1      2407 1.60000E-01 8.80000E-01 1.27000E-02
 -1      2408 2.00000E-01 8.80000E-01-1.27000E-02
 -1      2410 2.00000E-01 8.80000E-01 1.27000E-02
 -1      2411 2.40000E-01 8.80000E-01-1.27000E-02
 -1      2413 2.40000E-01 8.80000E-01 1.27000E-02
 -1      2414 2.80000E-01 8.80000E-01-1.27000E-02
 -1      2416 2.80000E-01 8.80000E-01 1.27000E-02
 -1      2417 3.20000E-01 8.80000E-01-1.27000E-02
 -1      2419 3.20000E-01 8.80000E-01 1.27000E-02
 -1      2420 3.60000E-01 8.80000E-01-1.27000E-02
 -1      2422 3.60000E-01 8.80000E-01 1.27000E-02
 -1      2423 4.00000E-01 8.80000E-01-1.27000E-02
 -1      2425 4.00000E-01 8.80000E-01 1.27000E-02
 -1      2426 4.40000E-01 8.80000E-01-1.27000E-02
 -1      2428 4.40000E-01 8.80000E-01 1.27000E-02
 -1      2429 4.80000E-01 8.80000E-01-1.27000E-02
 -1      2431 4.80000E-01 8.80000E-01 1.27000E-02
 -1      2432 5.20000E-01 8.80000E-01-1.27000E-02
 -1      2434 5.20000E-01 8.80000E-01 1.27000E-02
 -1      2435 5.60000E-01 8.80000E-01-1.27000E-02
 -1      2437 5.60000E-01 8.80000E-01 1.27000E-02
 -1      2438 6.00000E-01 8.80000E-01-1.27000E-02
 -1      2440 6.00000E-01 8.80000E-01 1.27000E-02
 -1      2441 6.40000E-01 8.80000E-01-1.27000E-02
 -1      2443 6.40000E-01 8.80000E-01 1.27000E-02
 -1      2444 6.80000E-01 8.80000E-01-1.27000E-02
 -1      2446 6.80000E-01 8.80000E-01 1.27000E-02
 -1      2447 7.20000E-01 8.80000E-01-1.27000E-02
 -1      2449 7.20000E-01 8.80000E-01 1.27000E-02
 -1      2450 7.60000E-01 8.80000E-01-1.27000E-02
 -1      2452 7.60000E-01 8.80000E-01 1.27000E-02
 -1      2453 8.00000E-01 8.80000E-01-1.27000E-02
 -1      2455 8.00000E-01 8.80000E-01 1.27000E-02
 -1      2456 8.40000E-01 8.80000E-01-1.27000E-02
 -1      2458 8.40000E-01 8.80000E-01 1.27000E-02
 -1      2459 8.80000E-01 8.80000E-01-1.27000E-02
 -1      2461 8.80000E-01 8.80000E-01 1.27000E-02
 -1      2462 9.20000E-01 8.80000E-01-1.27000E-02
 -1      2464 9.20000E-01 8.80000E-01 1.27000E-02
 -1      2465 9.60000E-01 8.80000E-01-1.27000E-02
 -1      2467 9.60000E-01 8.80000E-01 1.27000E-02
 -1      2468 1.00000E+00 8.80000E-01-1.27000E-02
 -1      2470 1.00000E+00 8.80000E-01 1.27000E-02
 -1      2471 0.00000E+00 9.20000E-01-1.27000E-02
 -1      2473 0.00000E+00 9.20000E-01 1.27000E-02
 -1      2474 4.00000E-02 9.20000E-01-1.27000E-02
 -1      2476 4.00000E-02 9.20000E-01 1.27000E-02
 -1      2477 8.00000E-02 9.20000E-01-1.27000E-02
 -1      2479 8.00000E-02 9.20000E-01 1.27000E-02
 -1      2480 1.20000E-01 9.20000E-01-1.27000E-02
 -1      2482 1.20000E-01 9.20000E-01 1.27000E-02
 -1      2483 1.60000E-01 9.20000E-01-1.27000E-02
 -1      2485 1.60000E-01 9.20000E-01 1.27000E-02
 -1      2486 2.00000E-01 9.20000E-01-1.27000E-02
 -1      2488 2.00000E-01 9.20000E-01 1.27000E-02
 -1      2489 2.40000E-01 9.20000E-01-1.27000E-02
 -1      2491 2.40000E-01 9.20000E-01 1.27000E-02
 -1      2492 2.80000E-01 9.20000E-01-1.27000E-02
 -1      2494 2.80000E-01 9.20000E-01 1.27000E-02
 -1      2495 3.20000E-01 9.20000E-01-1.27000E-02
 -1      2497 3.20000E-01 9.20000E-01 1.27000E-02
 -1      2498 3.60000E-01 9.20000E-01-1.27000E-02
 -1      2500 3.60000E-01 9.20000E-01 1.27000E-02
 -1      2501 4.00000E-01 9.20000E-01-1.27000E-02
 -1      2503 4.00000E-01 9.20000E-01 1.27000E-02
 -1      2504 4.40000E-01 9.20000E-01-1.27000E-02
 -1      2506 4.40000E-01 9.20000E-01 1.27000E-02
 -1      2507 4.80000E-01 9.20000E-01-1.27000E-02
 -1      2509 4.80000E-01 9.20000E-01 1.27000E-02
 -1      2510 5.20000E-01 9.20000E-01-1.27000E-02
 -1      2512 5.20000E-01 9.20000E-01 1.27000E-02
 -1      2513 5.60000E-01 9.20000E-01-1.27000E-02
 -1      2515 5.60000E-01 9.20000E-01 1.27000E-02
 -1      2516 6.00000E-01 9.20000E-01-1.27000E-02
 -1      2518 6.00000E-01 9.20000E-01 1.27000E-02
 -1      2519 6.40000E-01 9.20000E-01-1.27000E-02
 -1      2521 6.40000E-01 9.20000E-01 1.27000E-02
 -1      2522 6.80000E-01 9.20000E-01-1.27000E-02
 -1      2524 6.80000E-01 9.20000E-01 1.27000E-02
 -1      2525 7.20000E-01 9.20000E-01-1.27000E-02
 -1      2527 7.20000E-01 9.20000E-01 1.27000E-02
 -1      2528 7.60000E-01 9.20000E-01-1.27000E-02
 -1      2530 7.60000E-01 9.20000E-01 1.27000E-02
 -1      2531 8.00000E-01 9.20000E-01-1.27000E-02
 -1      2533 8.00000E-01 9.20000E-01 1.27000E-02
 -1      2534 8.40000E-01 9.20000E-01-1.27000E-02
 -1      2536 8.40000E-01 9.20000E-01 1.27000E-02
 -1      2537 8.80000E-01 9.20000E-01-1.27000E-02
 -1      2539 8.80000E-01 9.20000E-01 1.27000E-02
 -1      2540 9.20000E-01 9.20000E-01-1.27000E-02
 -1      2542 9.20000E-01 9.20000E-01 1.27000E-02
 -1      2543 9.60000E-01 9.20000E-01-1.27000E-02
 -1      2545 9.60000E-01 9.20000E-01 1.27000E-02
 -1      2546 1.00000E+00 9.20000E-01-1.27000E-02
 -1      2548 1.00000E+00 9.20000E-01 1.27000E-02
 -1      2549 0.00000E+00 9.60000E-01-1.27000E-02
 -1      2551 0.00000E+00 9.60000E-01 1.27000E-02
 -1      2552 4.00000E-02 9.60000E-01-1.27000E-02
 -1      2554 4.00000E-02 9.60000E-01 1.27000E-02
 -1      2555 8.00000E-02 9.60000E-01-1.27000E-02
 -1      2557 8.00000E-02 9.60000E-01 1.27000E-02
 -1      2558 1.20000E-01 9.60000E-01-1.27000E-02
 -1      2560 1.20000E-01 9.60000E-01 1.27000E-02
 -1      2561 1.60000E-01 9.60000E-01-1.27000E-02
 -1      2563 1.60000E-01 9.60000E-01 1.27000E-02
 -1      2564 2.00000E-01 9.60000E-01-1.27000E-02
 -1      2566 2.00000E-01 9.60000E-01 1.27000E-02
 -1      2567 2.40000E-01 9.60000E-01-1.27000E-02
 -1      2569 2.40000E-01 9.60000E-01 1.27000E-02
 -1      2570 2.80000E-01 9.60000E-01-1.27000E-02
 -1      2572 2.80000E-01 9.60000E-01 1.27000E-02
 -1      2573 3.20000E-01 9.60000E-01-1.27000E-02
 -1      2575 3.20000E-01 9.60000E-01 1.27000E-02
 -1      2576 3.60000E-01 9.60000E-01-1.27000E-02
 -1      2578 3.60000E-01 9.60000E-01 1.27000E-02
 -1      2579 4.00000E-01 9.60000E-01-1.27000E-02
 -1      2581 4.00000E-01 9.60000E-01 1.27000E-02
 -1      2582 4.40000E-01 9.60000E-01-1.27000E-02
 -1      2584 4.40000E-01 9.60000E-01 1.27000E-02
 -1      2585 4.80000E-01 9.60000E-01-1.27000E-02
 -1      2587 4.80000E-01 9.60000E-01 1.27000E-02
 -1      2588 5.20000E-01 9.60000E-01-1.27000E-02
 -1      2590 5.20000E-01 9.60000E-01 1.27000E-02
 -1      2591 5.60000E-01 9.60000E-01-1.27000E-02
 -1      2593 5.60000E-01 9.60000E-01 1.27000E-02
 -1      2594 6.00000E-01 9.60000E-01-1.27000E-02
 -1      2596 6.00000E-01 9.60000E-01 1.27000E-02
 -1      2597 6.40000E-01 9.60000E-01-1.27000E-02
 -1      2599 6.40000E-01 9.60000E-01 1.27000E-02
 -1      2600 6.80000E-01 9.60000E-01-1.27000E-02
 -1      2602 6.80000E-01 9.60000E-01 1.27000E-02
 -1      2603 7.20000E-01 9.60000E-01-1.27000E-02
 -1      2605 7.20000E-01 9.60000E-01 1.27000E-02
 -1      2606 7.60000E-01 9.60000E-01-1.27000E-02
 -1      2608 7.60000E-01 9.60000E-01 1.27000E-02
 -1      2609 8.00000E-01 9.60000E-01-1.27000E-02
 -1      2611 8.00000E-01 9.60000E-01 1.27000E-02
 -1      2612 8.40000E-01 9.60000E-01-1.27000E-02
 -1      2614 8.40000E-01 9.60000E-01 1.27000E-02
 -1      2615 8.80000E-01 9.60000E-01-1.27000E-02
 -1      2617 8.80000E-01 9.60000E-01 1.27000E-02
 -1      2618 9.20000E-01 9.60000E-01-1.27000E-02
 -1      2620 9.20000E-01 9.60000E-01 1.27000E-02
 -1      2621 9.60000E-01 9.60000E-01-1.27000E-02
 -1      2623 9.60000E-01 9.60000E-01 1.27000E-02
 -1      2624 1.00000E+00 9.60000E-01-1.27000E-02
 -1      2626 1.00000E+00 9.60000E-01 1.27000E-02
 -1      2627 0.00000E+00 1.00000E+00-1.27000E-02
 -1      2629 0.00000E+00 1.00000E+00 1.27000E-02
 -1      2630 4.00000E-02 1.00000E+00-1.27000E-02
 -1      2632 4.00000E-02 1.00000E+00 1.27000E-02
 -1      2633 8.00000E-02 1.00000E+00-1.27000E-02
 -1      2635 8.00000E-02 1.00000E+00 1.27000E-02
 -1      2636 1.20000E-01 1.00000E+00-1.27000E-02
 -1      2638 1.20000E-01 1.00000E+00 1.27000E-02
 -1      2639 1.60000E-01 1.00000E+00-1.27000E-02
 -1      2641 1.60000E-01 1.00000E+00 1.27000E-02
 -1      2642 2.00000E-01 1.00000E+00-1.27000E-02
 -1      2644 2.00000E-01 1.00000E+00 1.27000E-02
 -1      2645 2.40000E-01 1.00000E+00-1.27000E-02
 -1      2647 2.40000E-01 1.00000E+00 1.27000E-02
 -1      2648 2.80000E-01 1.00000E+00-1.27000E-02
 -1      2650 2.80000E-01 1.00000E+00 1.27000E-02
 -1      2651 3.20000E-01 1.00000E+00-1.27000E-02
 -1      2653 3.20000E-01 1.00000E+00 1.27000E-02
 -1      2654 3.60000E-01 1.00000E+00-1.27000E-02
 -1      2656 3.60000E-01 1.00000E+00 1.27000E-02
 -1      2657 4.00000E-01 1.00000E+00-1.27000E-02
 -1      2659 4.00000E-01 1.00000E+00 1.27000E-02
 -1      2660 4.40000E-01 1.00000E+00-1.27000E-02
 -1      2662 4.40000E-01 1.00000E+00 1.27000E-02
 -1      2663 4.80000E-01 1.00000E+00-1.27000E-02
 -1      2665 4.80000E-01 1.00000E+00 1.27000E-02
 -1      2666 5.20000E-01 1.00000E+00-1.27000E-02
 -1      2668 5.20000E-01 1.00000E+00 1.27000E-02
 -1      2669 5.60000E-01 1.00000E+00-1.27000E-02
 -1      2671 5.60000E-01 1.00000E+00 1.27000E-02
 -1      2672 6.00000E-01 1.00000E+00-1.27000E-02
 -1      2674 6.00000E-01 1.00000E+00 1.27000E-02
 -1      2675 6.40000E-01 1.00000E+00-1.27000E-02
 -1      2677 6.40000E-01 1.00000E+00 1.27000E-02
 -1      2678 6.80000E-01 1.00000E+00-1.27000E-02
 -1      2680 6.80000E-01 1.00000E+00 1.27000E-02
 -1      2681 7.20000E-01 1.00000E+00-1.27000E-02
 -1      2683 7.20000E-01 1.00000E+00 1.27000E-02
 -1      2684 7.60000E-01 1.00000E+00-1.27000E-02
 -1      2686 7.60000E-01 1.00000E+00 1.27000E-02
 -1      2687 8.00000E-01 1.00000E+00-1.27000E-02
 -1      2689 8.00000E-01 1.00000E+00 1.27000E-02
 -1      2690 8.40000E-01 1.00000E+00-1.27000E-02
 -1      2692 8.40000E-01 1.00000E+00 1.27000E-02
 -1      2693 8.80000E-01 1.00000E+00-1.27000E-02
 -1      2695 8.80000E-01 1.00000E+00 1.27000E-02
 -1      2696 9.20000E-01 1.00000E+00-1.27000E-02
 -1      2698 9.20000E-01 1.00000E+00 1.27000E-02
 -1      2699 9.60000E-01 1.00000E+00-1.27000E-02
 -1      2701 9.60000E-01 1.00000E+00 1.27000E-02
 -1      2702 1.00000E+00 1.00000E+00-1.27000E-02
 -1      2704 1.00000E+00 1.00000E+00 1.27000E-02
 -3
    3C                           625                                     1
 -1         1    1    0    1
 -2       677       680       758       755       679       682       760       757
 -1         2    1    0    1
 -2       680       683       761       758       682       685       763       760
 -1         3    1    0    1
 -2       683       686       764       761       685       688       766       763
 -1         4    1    0    1
 -2       686       689       767       764       688       691       769       766
 -1         5    1    0    1
 -2       689       692       770       767       691       694       772       769
 -1         6    1    0    1
 -2       692       695       773       770       694       697       775       772
 -1         7    1    0    1
 -2       695       698       776       773       697       700       778       775
 -1         8    1    0    1
 -2       698       701       779       776       700       703       781       778
 -1         9    1    0    1
 -2       701       704       782       779       703       706       784       781
 -1        10    1    0    1
 -2       704       707       785       782       706       709       787       784
 -1        11    1    0    1
 -2       707       710       788       785       709       712       790       787
 -1        12    1    0    1
 -2       710       713       791       788       712       715       793       790
 -1        13    1    0    1
 -2       713       716       794       791       715       718       796       793
 -1        14    1    0    1
 -2       716       719       797       794       718       721       799       796
 -1        15    1    0    1
 -2       719       722       800       797       721       724       802       799
 -1        16    1    0    1
 -2       722       725       803       800       724       727       805       802
 -1        17    1    0    1
 -2       725       728       806       803       727       730       808       805
 -1        18    1    0    1
 -2       728       731       809       806       730       733       811       808
 -1        19    1    0    1
 -2       731       734       812       809       733       736       814       811
 -1        20    1    0    1
 -2       734       737       815       812       736       739       817       814
 -1        21    1    0    1
 -2       737       740       818       815       739       742       820       817
 -1        22    1    0    1
 -2       740       743       821       818       742       745       823       820
 -1        23    1    0    1
 -2       743       746       824       821       745       748       826       823
 -1        24    1    0    1
 -2       746       749       827       824       748       751       829       826
 -1        25    1    0    1
 -2       749       752       830       827       751       754       832       829
 -1        26    1    0    1
 -2       755       758       836       833       757       760       838       835
 -1        27    1    0    1
 -2       758       761       839       836       760       763       841       838
 -1        28    1    0    1
 -2       761       764       842       839       763       766       844       841
 -1        29    1    0    1
 -2       764       767       845       842       766       769       847       844
 -1        30    1    0    1
 -2       767       770       848       845       769       772       850       847
 -1        31    1    0    1
 -2       770       773       851       848       772       775       853       850
 -1        32    1    0    1
 -2       773       776       854       851       775       778       856       853
 -1        33    1    0    1
 -2       776       779       857       854       778       781       859       856
 -1        34    1    0    1
 -2       779       782       860       857       781       784       862       859
 -1        35    1    0    1
 -2       782       785       863       860       784       787       865       862
 -1        36    1    0    1
 -2       785       788       866       863       787       790       868       865
 -1        37    1    0    1
 -2       788       791       869       866       790       793       871       868
 -1        38    1    0    1
 -2       791       794       872       869       793       796       874       871
 -1        39    1    0    1
 -2       794       797       875       872       796       799       877       874
 -1        40    1    0    1
 -2       797       800       878       875       799       802       880       877
 -1        41    1    0    1
 -2       800       803       881       878       802       805       883       880
 -1        42    1    0    1
 -2       803       806       884       881       805       808       886       883
 -1        43    1    0    1
 -2       806       809       887       884       808       811       889       886
 -1        44    1    0    1
 -2       809       812       890       887       811       814       892       889
 -1        45    1    0    1
 -2       812       815       893       890       814       817       895       892
 -1        46    1    0    1
 -2       815       818       896       893       817       820       898       895
 -1        47    1    0    1
 -2       818       821       899       896       820       823       901       898
 -1        48    1    0    1
 -2       821       824       902       899       823       826       904       901
 -1        49    1    0    1
 -2       824       827       905       902       826       829       907       904
 -1        50    1    0    1
 -2       827       830       908       905       829       832       910       907
 -1        51    1    0    1
 -2       833       836       914       911       835       838       916       913
 -1        52    1    0    1
 -2       836       839       917       914       838       841       919       916
 -1        53    1    0    1
 -2       839       842       920       917       841       844       922       919
 -1        54    1    0    1
 -2       842       845       923       920       844       847       925       922
 -1        55    1    0    1
 -2       845       848       926       923       847       850       928       925
 -1        56    1    0    1
 -2       848       851       929       926       850       853       931       928
 -1        57    1    0    1
 -2       851       854       932       929       853       856       934       931
 -1        58    1    0    1
 -2       854       857       935       932       856       859       937       934
 -1        59    1    0    1
 -2       857       860       938       935       859       862       940       937
 -1        60    1    0    1
 -2       860       863       941       938       862       865       943       940
 -1        61    1    0    1
 -2       863       866       944       941       865       868       946       943
 -1        62    1    0    1
 -2       866       869       947       944       868       871       949       946
 -1        63    1    0    1
 -2       869       872       950       947       871       874       952       949
 -1        64    1    0    1
 -2       872       875       953       950       874       877       955       952
 -1        65    1    0    1
 -2       875       878       956       953       877       880       958       955
 -1        66    1    0    1
 -2       878       881       959       956       880       883       961       958
 -1        67    1    0    1
 -2       881       884       962       959       883       886       964       961
 -1        68    1    0    1
 -2       884       887       965       962       886       889       967       964
 -1        69    1    0    1
 -2       887       890       968       965       889       892       970       967
 -1        70    1    0    1
 -2       890       893       971       968       892       895       973       970
 -1        71    1    0    1
 -2       893       896       974       971       895       898       976       973
 -1        72    1    0    1
 -2       896       899       977       974       898       901       979       976
 -1        73    1    0    1
 -2       899       902       980       977       901       904       982       979
 -1        74    1    0    1
 -2       902       905       983       980       904       907       985       982
 -1        75    1    0    1
 -2       905       908       986       983       907       910       988       985
 -1        76    1    0    1
 -2       911       914       992       989       913       916       994       991
 -1        77    1    0    1
 -2       914       917       995       992       916       919       997       994
 -1        78    1    0    1
 -2       917       920       998       995       919       922      1000       997
 -1        79    1    0    1
 -2       920       923      1001       998       922       925      1003      1000
 -1        80    1    0    1
 -2       923       926      1004      1001       925       928      1006      1003
 -1        81    1    0    1
 -2       926       929      1007      1004       928       931      1009      1006
 -1        82    1    0    1
 -2       929       932      1010      1007       931       934      1012      1009
 -1        83    1    0    1
 -2       932       935      1013      1010       934       937      1015      1012
 -1        84    1    0    1
 -2       935       938      1016      1013       937       940      1018      1015
 -1        85    1    0    1
 -2       938       941      1019      1016       940       943      1021      1018
 -1        86    1    0    1
 -2       941       944      1022      1019       943       946      1024      1021
 -1        87    1    0    1
 -2       944       947      1025      1022       946       949      1027      1024
 -1        88    1    0    1
 -2       947       950      1028      1025       949       952      1030      1027
 -1        89    1    0    1
 -2       950       953      1031      1028       952       955      1033      1030
 -1        90    1    0    1
 -2       953       956      1034      1031       955       958      1036      1033
 -1        91    1    0    1
 -2       956       959      1037      1034       958       961      1039      1036
 -1        92    1    0    1
 -2       959       962      1040      1037       961       964      1042      1039
 -1        93    1    0    1
 -2       962       965      1043      1040       964       967      1045      1042
 -1        94    1    0    1
 -2       965       968      1046      1043       967       970      1048      1045
 -1        95    1    0    1
 -2       968       971      1049      1046       970       973      1051      1048
 -1        96    1    0    1
 -2       971       974      1052      1049       973       976      1054      1051
 -1        97    1    0    1
 -2       974       977      1055      1052       976       979      1057      1054
 -1        98    1    0    1
 -2       977       980      1058      1055       979       982      1060      1057
 -1        99    1    0    1
 -2       980       983      1061      1058       982       985      1063      1060
 -1       100    1    0    1
 -2       983       986      1064      1061       985       988      1066      1063
 -1       101    1    0    1
 -2       989       992      1070      1067       991       994      1072      1069
 -1       102    1    0    1
 -2       992       995      1073      1070       994       997      1075      1072
 -1       103    1    0    1
 -2       995       998      1076      1073       997      1000      1078      1075
 -1       104    1    0    1
 -2       998      1001      1079      1076      1000      1003      1081      1078
 -1       105    1    0    1
 -2      1001      1004      1082      1079      1003      1006      1084      1081
 -1       106    1    0    1
 -2      1004      1007      1085      1082      1006      1009      1087      1084
 -1       107    1    0    1
 -2      1007      1010      1088      1085      1009      1012      1090      1087
 -1       108    1    0    1
 -2      1010      1013      1091      1088      1012      1015      1093      1090
 -1       109    1    0    1
 -2      1013      1016      1094      1091      1015      1018      1096      1093
 -1       110    1    0    1
 -2      1016      1019      1097      1094      1018      1021      1099      1096
 -1       111    1    0    1
 -2      1019      1022      1100      1097      1021      1024      1102      1099
 -1       112    1    0    1
 -2      1022      1025      1103      1100      1024      1027      1105      1102
 -1       113    1    0    1
 -2      1025      1028      1106      1103      1027      1030      1108      1105
 -1       114    1    0    1
 -2      1028      1031      1109      1106      1030      1033      1111      1108
 -1       115    1    0    1
 -2      1031      1034      1112      1109      1033      1036      1114      1111
 -1       116    1    0    1
 -2      1034      1037      1115      1112      1036      1039      1117      1114
 -1       117    1    0    1
 -2      1037      1040      1118      1115      1039      1042      1120      1117
 -1       118    1    0    1
 -2      1040      1043      1121      1118      1042      1045      1123      1120
 -1       119    1    0    1
 -2      1043      1046      1124      1121      1045      1048      1126      1123
 -1       120    1    0    1
 -2      1046      1049      1127      1124      1048      1051      1129      1126
 -1       121    1    0    1
 -2      1049      1052      1130      1127      1051      1054      1132      1129
 -1       122    1    0    1
 -2      1052      1055      1133      1130      1054      1057      1135      1132
 -1       123    1    0    1
 -2      1055      1058      1136      1133      1057      1060      1138      1135
 -1       124    1    0    1
 -2      1058      1061      1139      1136      1060      1063      1141      1138
 -1       125    1    0    1
 -2      1061      1064      1142      1139      1063      1066      1144      1141
 -1       126    1    0    1
 -2      1067      1070      1148      1145      1069      1072      1150      1147
 -1       127    1    0    1
 -2      1070      1073      1151      1148      1072      1075      1153      1150
 -1       128    1    0    1
 -2      1073      1076      1154      1151      1075      1078      1156      1153
 -1       129    1    0    1
 -2      1076      1079      1157      1154      1078      1081      1159      1156
 -1       130    1    0    1
 -2      1079      1082      1160      1157      1081      1084      1162      1159
 -1       131    1    0    1
 -2      1082      1085      1163      1160      1084      1087      1165      1162
 -1       132    1    0    1
 -2      1085      1088      1166      1163      1087      1090      1168      1165
 -1       133    1    0    1
 -2      1088      1091      1169      1166      1090      1093      1171      1168
 -1       134    1    0    1
 -2      1091      1094      1172      1169      1093      1096      1174      1171
 -1       135    1    0    1
 -2      1094      1097      1175      1172      1096      1099      1177      1174
 -1       136    1    0    1
 -2      1097      1100      1178      1175      1099      1102      1180      1177
 -1       137    1    0    1
 -2      1100      1103      1181      1178      1102      1105      1183      1180
 -1       138    1    0    1
 -2      1103      1106      1184      1181      1105      1108      1186      1183
 -1       139    1    0    1
 -2      1106      1109      1187      1184      1108      1111      1189      1186
 -1       140    1    0    1
 -2      1109      1112      1190      1187      1111      1114      1192      1189
 -1       141    1    0    1
 -2      1112      1115      1193      1190      1114      1117      1195      1192
 -1       142    1    0    1
 -2      1115      1118      1196      1193      1117      1120      1198      1195
 -1       143    1    0    1
 -2      1118      1121      1199      1196      1120      1123      1201      1198
 -1       144    1    0    1
 -2      1121      1124      1202      1199      1123      1126      1204      1201
 -1       145    1    0    1
 -2      1124      1127      1205      1202      1126      1129      1207      1204
 -1       146    1    0    1
 -2      1127      1130      1208      1205      1129      1132      1210      1207
 -1       147    1    0    1
 -2      1130      1133      1211      1208      1132      1135      1213      1210
 -1       148    1    0    1
 -2      1133      1136      1214      1211      1135      1138      1216      1213
 -1       149    1    0    1
 -2      1136      1139      1217      1214      1138      1141      1219      1216
 -1       150    1    0    1
 -2      1139      1142      1220      1217      1141      1144      1222      1219
 -1       151    1    0    1
 -2      1145      1148      1226      1223      1147      1150      1228      1225
 -1       152    1    0    1
 -2      1148      1151      1229      1226      1150      1153      1231      1228
 -1       153    1    0    1
 -2      1151      1154      1232      1229      1153      1156      1234      1231
 -1       154    1    0    1
 -2      1154      1157      1235      1232      1156      1159      1237      1234
 -1       155    1    0    1
 -2      1157      1160      1238      1235      1159      1162      1240      1237
 -1       156    1    0    1
 -2      1160      1163      1241      1238      1162      1165      1243      1240
 -1       157    1    0    1
 -2      1163      1166      1244      1241      1165      1168      1246      1243
 -1       158    1    0    1
 -2      1166      1169      1247      1244      1168      1171      1249      1246
 -1       159    1    0    1
 -2      1169      1172      1250      1247      1171      1174      1252      1249
 -1       160    1    0    1
 -2      1172      1175      1253      1250      1174      1177      1255      1252
 -1       161    1    0    1
 -2      1175      1178      1256      1253      1177      1180      1258      1255
 -1       162    1    0    1
 -2      1178      1181      1259      1256      1180      1183      1261      1258
 -1       163    1    0    1
 -2      1181      1184      1262      1259      1183      1186      1264      1261
 -1       164    1    0    1
 -2      1184      1187      1265      1262      1186      1189      1267      1264
 -1       165    1    0    1
 -2      1187      1190      1268      1265      1189      1192      1270      1267
 -1       166    1    0    1
 -2      1190      1193      1271      1268      1192      1195      1273      1270
 -1       167    1    0    1
 -2      1193      1196      1274      1271      1195      1198      1276      1273
 -1       168    1    0    1
 -2      1196      1199      1277      1274      1198      1201      1279      1276
 -1       169    1    0    1
 -2      1199      1202      1280      1277      1201      1204      1282      1279
 -1       170    1    0    1
 -2      1202      1205      1283      1280      1204      1207      1285      1282
 -1       171    1    0    1
 -2      1205      1208      1286      1283      1207      1210      1288      1285
 -1       172    1    0    1
 -2      1208      1211      1289      1286      1210      1213      1291      1288
 -1       173    1    0    1
 -2      1211      1214      1292      1289      1213      1216      1294      1291
 -1       174    1    0    1
 -2      1214      1217      1295      1292      1216      1219      1297      1294
 -1       175    1    0    1
 -2      1217      1220      1298      1295      1219      1222      1300      1297
 -1       176    1    0    1
 -2      1223      1226      1304      1301      1225      1228      1306      1303
 -1       177    1    0    1
 -2      1226      1229      1307      1304      1228      1231      1309      1306
 -1       178    1    0    1
 -2      1229      1232      1310      1307      1231      1234      1312      1309
 -1       179    1    0    1
 -2      1232      1235      1313      1310      1234      1237      1315      1312
 -1       180    1    0    1
 -2      1235      1238      1316      1313      1237      1240      1318      1315
 -1       181    1    0    1
 -2      1238      1241      1319      1316      1240      1243      1321      1318
 -1       182    1    0    1
 -2      1241      1244      1322      1319      1243      1246      1324      1321
 -1       183    1    0    1
 -2      1244      1247      1325      1322      1246      1249      1327      1324
 -1       184    1    0    1
 -2      1247      1250      1328      1325      1249      1252      1330      1327
 -1       185    1    0    1
 -2      1250      1253      1331      1328      1252      1255      1333      1330
 -1       186    1    0    1
 -2      1253      1256      1334      1331      1255      1258      1336      1333
 -1       187    1    0    1
 -2      1256      1259      1337      1334      1258      1261      1339      1336
 -1       188    1    0    1
 -2      1259      1262      1340      1337      1261      1264      1342      1339
 -1       189    1    0    1
 -2      1262      1265      1343      1340      1264      1267      1345      1342
 -1       190    1    0    1
 -2      1265      1268      1346      1343      1267      1270      1348      1345
 -1       191    1    0    1
 -2      1268      1271      1349      1346      1270      1273      1351      1348
 -1       192    1    0    1
 -2      1271      1274      1352      1349      1273      1276      1354      1351
 -1       193    1    0    1
 -2      1274      1277      1355      1352      1276      1279      1357      1354
 -1       194    1    0    1
 -2      1277      1280      1358      1355      1279      1282      1360      1357
 -1       195    1    0    1
 -2      1280      1283      1361      1358      1282      1285      1363      1360
 -1       196    1    0    1
 -2      1283      1286      1364      1361      1285      1288      1366      1363
 -1       197    1    0    1
 -2      1286      1289      1367      1364      1288      1291      1369      1366
 -1       198    1    0    1
 -2      1289      1292      1370      1367      1291      1294      1372      1369
 -1       199    1    0    1
 -2      1292      1295      1373      1370      1294      1297      1375      1372
 -1       200    1    0    1
 -2      1295      1298      1376      1373      1297      1300      1378      1375
 -1       201    1    0    1
 -2      1301      1304      1382      1379      1303      1306      1384      1381
 -1       202    1    0    1
 -2      1304      1307      1385      1382      1306      1309      1387      1384
 -1       203    1    0    1
 -2      1307      1310      1388      1385      1309      1312      1390      1387
 -1       204    1    0    1
 -2      1310      1313      1391      1388      1312      1315      1393      1390
 -1       205    1    0    1
 -2      1313      1316      1394      1391      1315      1318      1396      1393
 -1       206    1    0    1
 -2      1316      1319      1397      1394      1318      1321      1399      1396
 -1       207    1    0    1
 -2      1319      1322      1400      1397      1321      1324      1402      1399
 -1       208    1    0    1
 -2      1322      1325      1403      1400      1324      1327      1405      1402
 -1       209    1    0    1
 -2      1325      1328      1406      1403      1327      1330      1408      1405
 -1       210    1    0    1
 -2      1328      1331      1409      1406      1330      1333      1411      1408
 -1       211    1    0    1
 -2      1331      1334      1412      1409      1333      1336      1414      1411
 -1       212    1    0    1
 -2      1334      1337      1415      1412      1336      1339      1417      1414
 -1       213    1    0    1
 -2      1337      1340      1418      1415      1339      1342      1420      1417
 -1       214    1    0    1
 -2      1340      1343      1421      1418      1342      1345      1423      1420
 -1       215    1    0    1
 -2      1343      1346      1424      1421      1345      1348      1426      1423
 -1       216    1    0    1
 -2      1346      1349      1427      1424      1348      1351      1429      1426
 -1       217    1    0    1
 -2      1349      1352      1430      1427      1351      1354      1432      1429
 -1       218    1    0    1
 -2      1352      1355      1433      1430      1354      1357      1435      1432
 -1       219    1    0    1
 -2      1355      1358      1436      1433      1357      1360      1438      1435
 -1       220    1    0    1
 -2      1358      1361      1439      1436      1360      1363      1441      1438
 -1       221    1    0    1
 -2      1361      1364      1442      1439      1363      1366      1444      1441
 -1       222    1    0    1
 -2      1364      1367      1445      1442      1366      1369      1447      1444
 -1       223    1    0    1
 -2      1367      1370      1448      1445      1369      1372      1450      1447
 -1       224    1    0    1
 -2      1370      1373      1451      1448      1372      1375      1453      1450
 -1       225    1    0    1
 -2      1373      1376      1454      1451      1375      1378      1456      1453
 -1       226    1    0    1
 -2      1379      1382      1460      1457      1381      1384      1462      1459
 -1       227    1    0    1
 -2      1382      1385      1463      1460      1384      1387      1465      1462
 -1       228    1    0    1
 -2      1385      1388      1466      1463      1387      1390      1468      1465
 -1       229    1    0    1
 -2      1388      1391      1469      1466      1390      1393      1471      1468
 -1       230    1    0    1
 -2      1391      1394      1472      1469      1393      1396      1474      1471
 -1       231    1    0    1
 -2      1394      1397      1475      1472      1396      1399      1477      1474
 -1       232    1    0    1
 -2      1397      1400      1478      1475      1399      1402      1480      1477
 -1       233    1    0    1
 -2      1400      1403      1481      1478      1402      1405      1483      1480
 -1       234    1    0    1
 -2      1403      1406      1484      1481      1405      1408      1486      1483
 -1       235    1    0    1
 -2      1406      1409      1487      1484      1408      1411      1489      1486
 -1       236    1    0    1
 -2      1409      1412      1490      1487      1411      1414      1492      1489
 -1       237    1    0    1
 -2      1412      1415      1493      1490      1414      1417      1495      1492
 -1       238    1    0    1
 -2      1415      1418      1496      1493      1417      1420      1498      1495
 -1       239    1    0    1
 -2      1418      1421      1499      1496      1420      1423      1501      1498
 -1       240    1    0    1
 -2      1421      1424      1502      1499      1423      1426      1504      1501
 -1       241    1    0    1
 -2      1424      1427      1505      1502      1426      1429      1507      1504
 -1       242    1    0    1
 -2      1427      1430      1508      1505      1429      1432      1510      1507
 -1       243    1    0    1
 -2      1430      1433      1511      1508      1432      1435      1513      1510
 -1       244    1    0    1
 -2      1433      1436      1514      1511      1435      1438      1516      1513
 -1       245    1    0    1
 -2      1436      1439      1517      1514      1438      1441      1519      1516
 -1       246    1    0    1
 -2      1439      1442      1520      1517      1441      1444      1522      1519
 -1       247    1    0    1
 -2      1442      1445      1523      1520      1444      1447      1525      1522
 -1       248    1    0    1
 -2      1445      1448      1526      1523      1447      1450      1528      1525
 -1       249    1    0    1
 -2      1448      1451      1529      1526      1450      1453      1531      1528
 -1       250    1    0    1
 -2      1451      1454      1532      1529      1453      1456      1534      1531
 -1       251    1    0    1
 -2      1457      1460      1538      1535      1459      1462      1540      1537
 -1       252    1    0    1
 -2      1460      1463      1541      1538      1462      1465      1543      1540
 -1       253    1    0    1
 -2      1463      1466      1544      1541      1465      1468      1546      1543
 -1       254    1    0    1
 -2      1466      1469      1547      1544      1468      1471      1549      1546
 -1       255    1    0    1
 -2      1469      1472      1550      1547      1471      1474      1552      1549
 -1       256    1    0    1
 -2      1472      1475      1553      1550      1474      1477      1555      1552
 -1       257    1    0    1
 -2      1475      1478      1556      1553      1477      1480      1558      1555
 -1       258    1    0    1
 -2      1478      1481      1559      1556      1480      1483      1561      1558
 -1       259    1    0    1
 -2      1481      1484      1562      1559      1483      1486      1564      1561
 -1       260    1    0    1
 -2      1484      1487      1565      1562      1486      1489      1567      1564
 -1       261    1    0    1
 -2      1487      1490      1568      1565      1489      1492      1570      1567
 -1       262    1    0    1
 -2      1490      1493      1571      1568      1492      1495      1573      1570
 -1       263    1    0    1
 -2      1493      1496      1574      1571      1495      1498      1576      1573
 -1       264    1    0    1
 -2      1496      1499      1577      1574      1498      1501      1579      1576
 -1       265    1    0    1
 -2      1499      1502      1580      1577      1501      1504      1582      1579
 -1       266    1    0    1
 -2      1502      1505      1583      1580      1504      1507      1585      1582
 -1       267    1    0    1
 -2      1505      1508      1586      1583      1507      1510      1588      1585
 -1       268    1    0    1
 -2      1508      1511      1589      1586      1510      1513      1591      1588
 -1       269    1    0    1
 -2      1511      1514      1592      1589      1513      1516      1594      1591
 -1       270    1    0    1
 -2      1514      1517      1595      1592      1516      1519      1597      1594
 -1       271    1    0    1
 -2      1517      1520      1598      1595      1519      1522      1600      1597
 -1       272    1    0    1
 -2      1520      1523      1601      1598      1522      1525      1603      1600
 -1       273    1    0    1
 -2      1523      1526      1604      1601      1525      1528      1606      1603
 -1       274    1    0    1
 -2      1526      1529      1607      1604      1528      1531      1609      1606
 -1       275    1    0    1
 -2      1529      1532      1610      1607      1531      1534      1612      1609
 -1       276    1    0    1
 -2      1535      1538      1616      1613      1537      1540      1618      1615
 -1       277    1    0    1
 -2      1538      1541      1619      1616      1540      1543      1621      1618
 -1       278    1    0    1
 -2      1541      1544      1622      1619      1543      1546      1624      1621
 -1       279    1    0    1
 -2      1544      1547      1625      1622      1546      1549      1627      1624
 -1       280    1    0    1
 -2      1547      1550      1628      1625      1549      1552      1630      1627
 -1       281    1    0    1
 -2      1550      1553      1631      1628      1552      1555      1633      1630
 -1       282    1    0    1
 -2      1553      1556      1634      1631      1555      1558      1636      1633
 -1       283    1    0    1
 -2      1556      1559      1637      1634      1558      1561      1639      1636
 -1       284    1    0    1
 -2      1559      1562      1640      1637      1561      1564      1642      1639
 -1       285    1    0    1
 -2      1562      1565      1643      1640      1564      1567      1645      1642
 -1       286    1    0    1
 -2      1565      1568      1646      1643      1567      1570      1648      1645
 -1       287    1    0    1
 -2      1568      1571      1649      1646      1570      1573      1651      1648
 -1       288    1    0    1
 -2      1571      1574      1652      1649      1573      1576      1654      1651
 -1       289    1    0    1
 -2      1574      1577      1655      1652      1576      1579      1657      1654
 -1       290    1    0    1
 -2      1577      1580      1658      1655      1579      1582      1660      1657
 -1       291    1    0    1
 -2      1580      1583      1661      1658      1582      1585      1663      1660
 -1       292    1    0    1
 -2      1583      1586      1664      1661      1585      1588      1666      1663
 -1       293    1    0    1
 -2      1586      1589      1667      1664      1588      1591      1669      1666
 -1       294    1    0    1
 -2      1589      1592      1670      1667      1591      1594      1672      1669
 -1       295    1    0    1
 -2      1592      1595      1673      1670      1594      1597      1675      1672
 -1       296    1    0    1
 -2      1595      1598      1676      1673      1597      1600      1678      1675
 -1       297    1    0    1
 -2      1598      1601      1679      1676      1600      1603      1681      1678
 -1       298    1    0    1
 -2      1601      1604      1682      1679      1603      1606      1684      1681
 -1       299    1    0    1
 -2      1604      1607      1685      1682      1606      1609      1687      1684
 -1       300    1    0    1
 -2      1607      1610      1688      1685      1609      1612      1690      1687
 -1       301    1    0    1
 -2      1613      1616      1694      1691      1615      1618      1696      1693
 -1       302    1    0    1
 -2      1616      1619      1697      1694      1618      1621      1699      1696
 -1       303    1    0    1
 -2      1619      1622      1700      1697      1621      1624      1702      1699
 -1       304    1    0    1
 -2      1622      1625      1703      1700      1624      1627      1705      1702
 -1       305    1    0    1
 -2      1625      1628      1706      1703      1627      1630      1708      1705
 -1       306    1    0    1
 -2      1628      1631      1709      1706      1630      1633      1711      1708
 -1       307    1    0    1
 -2      1631      1634      1712      1709      1633      1636      1714      1711
 -1       308    1    0    1
 -2      1634      1637      1715      1712      1636      1639      1717      1714
 -1       309    1    0    1
 -2      1637      1640      1718      1715      1639      1642      1720      1717
 -1       310    1    0    1
 -2      1640      1643      1721      1718      1642      1645      1723      1720
 -1       311    1    0    1
 -2      1643      1646      1724      1721      1645      1648      1726      1723
 -1       312    1    0    1
 -2      1646      1649      1727      1724      1648      1651      1729      1726
 -1       313    1    0    1
 -2      1649      1652      1730      1727      1651      1654      1732      1729
 -1       314    1    0    1
 -2      1652      1655      1733      1730      1654      1657      1735      1732
 -1       315    1    0    1
 -2      1655      1658      1736      1733      1657      1660      1738      1735
 -1       316    1    0    1
 -2      1658      1661      1739      1736      1660      1663      1741      1738
 -1       317    1    0    1
 -2      1661      1664      1742      1739      1663      1666      1744      1741
 -1       318    1    0    1
 -2      1664      1667      1745      1742      1666      1669      1747      1744
 -1       319    1    0    1
 -2      1667      1670      1748      1745      1669      1672      1750      1747
 -1       320    1    0    1
 -2      1670      1673      1751      1748      1672      1675      1753      1750
 -1       321    1    0    1
 -2      1673      1676      1754      1751      1675      1678      1756      1753
 -1       322    1    0    1
 -2      1676      1679      1757      1754      1678      1681      1759      1756
 -1       323    1    0    1
 -2      1679      1682      1760      1757      1681      1684      1762      1759
 -1       324    1    0    1
 -2      1682      1685      1763      1760      1684      1687      1765      1762
 -1       325    1    0    1
 -2      1685      1688      1766      1763      1687      1690      1768      1765
 -1       326    1    0    1
 -2      1691      1694      1772      1769      1693      1696      1774      1771
 -1       327    1    0    1
 -2      1694      1697      1775      1772      1696      1699      1777      1774
 -1       328    1    0    1
 -2      1697      1700      1778      1775      1699      1702      1780      1777
 -1       329    1    0    1
 -2      1700      1703      1781      1778      1702      1705      1783      1780
 -1       330    1    0    1
 -2      1703      1706      1784      1781      1705      1708      1786      1783
 -1       331    1    0    1
 -2      1706      1709      1787      1784      1708      1711      1789      1786
 -1       332    1    0    1
 -2      1709      1712      1790      1787      1711      1714      1792      1789
 -1       333    1    0    1
 -2      1712      1715      1793      1790      1714      1717      1795      1792
 -1       334    1    0    1
 -2      1715      1718      1796      1793      1717      1720      1798      1795
 -1       335    1    0    1
 -2      1718      1721      1799      1796      1720      1723      1801      1798
 -1       336    1    0    1
 -2      1721      1724      1802      1799      1723      1726      1804      1801
 -1       337    1    0    1
 -2      1724      1727      1805      1802      1726      1729      1807      1804
 -1       338    1    0    1
 -2      1727      1730      1808      1805      1729      1732      1810      1807
 -1       339    1    0    1
 -2      1730      1733      1811      1808      1732      1735      1813      1810
 -1       340    1    0    1
 -2      1733      1736      1814      1811      1735      1738      1816      1813
 -1       341    1    0    1
 -2      1736      1739      1817      1814      1738      1741      1819      1816
 -1       342    1    0    1
 -2      1739      1742      1820      1817      1741      1744      1822      1819
 -1       343    1    0    1
 -2      1742      1745      1823      1820      1744      1747      1825      1822
 -1       344    1    0    1
 -2      1745      1748      1826      1823      1747      1750      1828      1825
 -1       345    1    0    1
 -2      1748      1751      1829      1826      1750      1753      1831      1828
 -1       346    1    0    1
 -2      1751      1754      1832      1829      1753      1756      1834      1831
 -1       347    1    0    1
 -2      1754      1757      1835      1832      1756      1759      1837      1834
 -1       348    1    0    1
 -2      1757      1760      1838      1835      1759      1762      1840      1837
 -1       349    1    0    1
 -2      1760      1763      1841      1838      1762      1765      1843      1840
 -1       350    1    0    1
 -2      1763      1766      1844      1841      1765      1768      1846      1843
 -1       351    1    0    1
 -2      1769      1772      1850      1847      1771      1774      1852      1849
 -1       352    1    0    1
 -2      1772      1775      1853      1850      1774      1777      1855      1852
 -1       353    1    0    1
 -2      1775      1778      1856      1853      1777      1780      1858      1855
 -1       354    1    0    1
 -2      1778      1781      1859      1856      1780      1783      1861      1858
 -1       355    1    0    1
 -2      1781      1784      1862      1859      1783      1786      1864      1861
 -1       356    1    0    1
 -2      1784      1787      1865      1862      1786      1789      1867      1864
 -1       357    1    0    1
 -2      1787      1790      1868      1865      1789      1792      1870      1867
 -1       358    1    0    1
 -2      1790      1793      1871      1868      1792      1795      1873      1870
 -1       359    1    0    1
 -2      1793      1796      1874      1871      1795      1798      1876      1873
 -1       360    1    0    1
 -2      1796      1799      1877      1874      1798      1801      1879      1876
 -1       361    1    0    1
 -2      1799      1802      1880      1877      1801      1804      1882      1879
 -1       362    1    0    1
 -2      1802      1805      1883      1880      1804      1807      1885      1882
 -1       363    1    0    1
 -2      1805      1808      1886      1883      1807      1810      1888      1885
 -1       364    1    0    1
 -2      1808      1811      1889      1886      1810      1813      1891      1888
 -1       365    1    0    1
 -2      1811      1814      1892      1889      1813      1816      1894      1891
 -1       366    1    0    1
 -2      1814      1817      1895      1892      1816      1819      1897      1894
 -1       367    1    0    1
 -2      1817      1820      1898      1895      1819      1822      1900      1897
 -1       368    1    0    1
 -2      1820      1823      1901      1898      1822      1825      1903      1900
 -1       369    1    0    1
 -2      1823      1826      1904      1901      1825      1828      1906      1903
 -1       370    1    0    1
 -2      1826      1829      1907      1904      1828      1831      1909      1906
 -1       371    1    0    1
 -2      1829      1832      1910      1907      1831      1834      1912      1909
 -1       372    1    0    1
 -2      1832      1835      1913      1910      1834      1837      1915      1912
 -1       373    1    0    1
 -2      1835      1838      1916      1913      1837      1840      1918      1915
 -1       374    1    0    1
 -2      1838      1841      1919      1916      1840      1843      1921      1918
 -1       375    1    0    1
 -2      1841      1844      1922      1919      1843      1846      1924      1921
 -1       376    1    0    1
 -2      1847      1850      1928      1925      1849      1852      1930      1927
 -1       377    1    0    1
 -2      1850      1853      1931      1928      1852      1855      1933      1930
 -1       378    1    0    1
 -2      1853      1856      1934      1931      1855      1858      1936      1933
 -1       379    1    0    1
 -2      1856      1859      1937      1934      1858      1861      1939      1936
 -1       380    1    0    1
 -2      1859      1862      1940      1937      1861      1864      1942      1939
 -1       381    1    0    1
 -2      1862      1865      1943      1940      1864      1867      1945      1942
 -1       382    1    0    1
 -2      1865      1868      1946      1943      1867      1870      1948      1945
 -1       383    1    0    1
 -2      1868      1871      1949      1946      1870      1873      1951      1948
 -1       384    1    0    1
 -2      1871      1874      1952      1949      1873      1876      1954      1951
 -1       385    1    0    1
 -2      1874      1877      1955      1952      1876      1879      1957      1954
 -1       386    1    0    1
 -2      1877      1880      1958      1955      1879      1882      1960      1957
 -1       387    1    0    1
 -2      1880      1883      1961      1958      1882      1885      1963      1960
 -1       388    1    0    1
 -2      1883      1886      1964      1961      1885      1888      1966      1963
 -1       389    1    0    1
 -2      1886      1889      1967      1964      1888      1891      1969      1966
 -1       390    1    0    1
 -2      1889      1892      1970      1967      1891      1894      1972      1969
 -1       391    1    0    1
 -2      1892      1895      1973      1970      1894      1897      1975      1972
 -1       392    1    0    1
 -2      1895      1898      1976      1973      1897      1900      1978      1975
 -1       393    1    0    1
 -2      1898      1901      1979      1976      1900      1903      1981      1978
 -1       394    1    0    1
 -2      1901      1904      1982      1979      1903      1906      1984      1981
 -1       395    1    0    1
 -2      1904      1907      1985      1982      1906      1909      1987      1984
 -1       396    1    0    1
 -2      1907      1910      1988      1985      1909      1912      1990      1987
 -1       397    1    0    1
 -2      1910      1913      1991      1988      1912      1915      1993      1990
 -1       398    1    0    1
 -2      1913      1916      1994      1991      1915      1918      1996      1993
 -1       399    1    0    1
 -2      1916      1919      1997      1994      1918      1921      1999      1996
 -1       400    1    0    1
 -2      1919      1922      2000      1997      1921      1924      2002      1999
 -1       401    1    0    1
 -2      1925      1928      2006      2003      1927      1930      2008      2005
 -1       402    1    0    1
 -2      1928      1931      2009      2006      1930      1933      2011      2008
 -1       403    1    0    1
 -2      1931      1934      2012      2009      1933      1936      2014      2011
 -1       404    1    0    1
 -2      1934      1937      2015      2012      1936      1939      2017      2014
 -1       405    1    0    1
 -2      1937      1940      2018      2015      1939      1942      2020      2017
 -1       406    1    0    1
 -2      1940      1943      2021      2018      1942      1945      2023      2020
 -1       407    1    0    1
 -2      1943      1946      2024      2021      1945      1948      2026      2023
 -1       408    1    0    1
 -2      1946      1949      2027      2024      1948      1951      2029      2026
 -1       409    1    0    1
 -2      1949      1952      2030      2027      1951      1954      2032      2029
 -1       410    1    0    1
 -2      1952      1955      2033      2030      1954      1957      2035      2032
 -1       411    1    0    1
 -2      1955      1958      2036      2033      1957      1960      2038      2035
 -1       412    1    0    1
 -2      1958      1961      2039      2036      1960      1963      2041      2038
 -1       413    1    0    1
 -2      1961      1964      2042      2039      1963      1966      2044      2041
 -1       414    1    0    1
 -2      1964      1967      2045      2042      1966      1969      2047      2044
 -1       415    1    0    1
 -2      1967      1970      2048      2045      1969      1972      2050      2047
 -1       416    1    0    1
 -2      1970      1973      2051      2048      1972      1975      2053      2050
 -1       417    1    0    1
 -2      1973      1976      2054      2051      1975      1978      2056      2053
 -1       418    1    0    1
 -2      1976      1979      2057      2054      1978      1981      2059      2056
 -1       419    1    0    1
 -2      1979      1982      2060      2057      1981      1984      2062      2059
 -1       420    1    0    1
 -2      1982      1985      2063      2060      1984      1987      2065      2062
 -1       421    1    0    1
 -2      1985      1988      2066      2063      1987      1990      2068      2065
 -1       422    1    0    1
 -2      1988      1991      2069      2066      1990      1993      2071      2068
 -1       423    1    0    1
 -2      1991      1994      2072      2069      1993      1996      2074      2071
 -1       424    1    0    1
 -2      1994      1997      2075      2072      1996      1999      2077      2074
 -1       425    1    0    1
 -2      1997      2000      2078      2075      1999      2002      2080      2077
 -1       426    1    0    1
 -2      2003      2006      2084      2081      2005      2008      2086      2083
 -1       427    1    0    1
 -2      2006      2009      2087      2084      2008      2011      2089      2086
 -1       428    1    0    1
 -2      2009      2012      2090      2087      2011      2014      2092      2089
 -1       429    1    0    1
 -2      2012      2015      2093      2090      2014      2017      2095      2092
 -1       430    1    0    1
 -2      2015      2018      2096      2093      2017      2020      2098      2095
 -1       431    1    0    1
 -2      2018      2021      2099      2096      2020      2023      2101      2098
 -1       432    1    0    1
 -2      2021      2024      2102      2099      2023      2026      2104      2101
 -1       433    1    0    1
 -2      2024      2027      2105      2102      2026      2029      2107      2104
 -1       434    1    0    1
 -2      2027      2030      2108      2105      2029      2032      2110      2107
 -1       435    1    0    1
 -2      2030      2033      2111      2108      2032      2035      2113      2110
 -1       436    1    0    1
 -2      2033      2036      2114      2111      2035      2038      2116      2113
 -1       437    1    0    1
 -2      2036      2039      2117      2114      2038      2041      2119      2116
 -1       438    1    0    1
 -2      2039      2042      2120      2117      2041      2044      2122      2119
 -1       439    1    0    1
 -2      2042      2045      2123      2120      2044      2047      2125      2122
 -1       440    1    0    1
 -2      2045      2048      2126      2123      2047      2050      2128      2125
 -1       441    1    0    1
 -2      2048      2051      2129      2126      2050      2053      2131      2128
 -1       442    1    0    1
 -2      2051      2054      2132      2129      2053      2056      2134      2131
 -1       443    1    0    1
 -2      2054      2057      2135      2132      2056      2059      2137      2134
 -1       444    1    0    1
 -2      2057      2060      2138      2135      2059      2062      2140      2137
 -1       445    1    0    1
 -2      2060      2063      2141      2138      2062      2065      2143      2140
 -1       446    1    0    1
 -2      2063      2066      2144      2141      2065      2068      2146      2143
 -1       447    1    0    1
 -2      2066      2069      2147      2144      2068      2071      2149      2146
 -1       448    1    0    1
 -2      2069      2072      2150      2147      2071      2074      2152      2149
 -1       449    1    0    1
 -2      2072      2075      2153      2150      2074      2077      2155      2152
 -1       450    1    0    1
 -2      2075      2078      2156      2153      2077      2080      2158      2155
 -1       451    1    0    1
 -2      2081      2084      2162      2159      2083      2086      2164      2161
 -1       452    1    0    1
 -2      2084      2087      2165      2162      2086      2089      2167      2164
 -1       453    1    0    1
 -2      2087      2090      2168      2165      2089      2092      2170      2167
 -1       454    1    0    1
 -2      2090      2093      2171      2168      2092      2095      2173      2170
 -1       455    1    0    1
 -2      2093      2096      2174      2171      2095      2098      2176      2173
 -1       456    1    0    1
 -2      2096      2099      2177      2174      2098      2101      2179      2176
 -1       457    1    0    1
 -2      2099      2102      2180      2177      2101      2104      2182      2179
 -1       458    1    0    1
 -2      2102      2105      2183      2180      2104      2107      2185      2182
 -1       459    1    0    1
 -2      2105      2108      2186      2183      2107      2110      2188      2185
 -1       460    1    0    1
 -2      2108      2111      2189      2186      2110      2113      2191      2188
 -1       461    1    0    1
 -2      2111      2114      2192      2189      2113      2116      2194      2191
 -1       462    1    0    1
 -2      2114      2117      2195      2192      2116      2119      2197      2194
 -1       463    1    0    1
 -2      2117      2120      2198      2195      2119      2122      2200      2197
 -1       464    1    0    1
 -2      2120      2123      2201      2198      2122      2125      2203      2200
 -1       465    1    0    1
 -2      2123      2126      2204      2201      2125      2128      2206      2203
 -1       466    1    0    1
 -2      2126      2129      2207      2204      2128      2131      2209      2206
 -1       467    1    0    1
 -2      2129      2132      2210      2207      2131      2134      2212      2209
 -1       468    1    0    1
 -2      2132      2135      2213      2210      2134      2137      2215      2212
 -1       469    1    0    1
 -2      2135      2138      2216      2213      2137      2140      2218      2215
 -1       470    1    0    1
 -2      2138      2141      2219      2216      2140      2143      2221      2218
 -1       471    1    0    1
 -2      2141      2144      2222      2219      2143      2146      2224      2221
 -1       472    1    0    1
 -2      2144      2147      2225      2222      2146      2149      2227      2224
 -1       473    1    0    1
 -2      2147      2150      2228      2225      2149      2152      2230      2227
 -1       474    1    0    1
 -2      2150      2153      2231      2228      2152      2155      2233      2230
 -1       475    1    0    1
 -2      2153      2156      2234      2231      2155      2158      2236      2233
 -1       476    1    0    1
 -2      2159      2162      2240      2237      2161      2164      2242      2239
 -1       477    1    0    1
 -2      2162      2165      2243      2240      2164      2167      2245      2242
 -1       478    1    0    1
 -2      2165      2168      2246      2243      2167      2170      2248      2245
 -1       479    1    0    1
 -2      2168      2171      2249      2246      2170      2173      2251      2248
 -1       480    1    0    1
 -2      2171      2174      2252      2249      2173      2176      2254      2251
 -1       481    1    0    1
 -2      2174      2177      2255      2252      2176      2179      2257      2254
 -1       482    1    0    1
 -2      2177      2180      2258      2255      2179      2182      2260      2257
 -1       483    1    0    1
 -2      2180      2183      2261      2258      2182      2185      2263      2260
 -1       484    1    0    1
 -2      2183      2186      2264      2261      2185      2188      2266      2263
 -1       485    1    0    1
 -2      2186      2189      2267      2264      2188      2191      2269      2266
 -1       486    1    0    1
 -2      2189      2192      2270      2267      2191      2194      2272      2269
 -1       487    1    0    1
 -2      2192      2195      2273      2270      2194      2197      2275      2272
 -1       488    1    0    1
 -2      2195      2198      2276      2273      2197      2200      2278      2275
 -1       489    1    0    1
 -2      2198      2201      2279      2276      2200      2203      2281      2278
 -1       490    1    0    1
 -2      2201      2204      2282      2279      2203      2206      2284      2281
 -1       491    1    0    1
 -2      2204      2207      2285      2282      2206      2209      2287      2284
 -1       492    1    0    1
 -2      2207      2210      2288      2285      2209      2212      2290      2287
 -1       493    1    0    1
 -2      2210      2213      2291      2288      2212      2215      2293      2290
 -1       494    1    0    1
 -2      2213      2216      2294      2291      2215      2218      2296      2293
 -1       495    1    0    1
 -2      2216      2219      2297      2294      2218      2221      2299      2296
 -1       496    1    0    1
 -2      2219      2222      2300      2297      2221      2224      2302      2299
 -1       497    1    0    1
 -2      2222      2225      2303      2300      2224      2227      2305      2302
 -1       498    1    0    1
 -2      2225      2228      2306      2303      2227      2230      2308      2305
 -1       499    1    0    1
 -2      2228      2231      2309      2306      2230      2233      2311      2308
 -1       500    1    0    1
 -2      2231      2234      2312      2309      2233      2236      2314      2311
 -1       501    1    0    1
 -2      2237      2240      2318      2315      2239      2242      2320      2317
 -1       502    1    0    1
 -2      2240      2243      2321      2318      2242      2245      2323      2320
 -1       503    1    0    1
 -2      2243      2246      2324      2321      2245      2248      2326      2323
 -1       504    1    0    1
 -2      2246      2249      2327      2324      2248      2251      2329      2326
 -1       505    1    0    1
 -2      2249      2252      2330      2327      2251      2254      2332      2329
 -1       506    1    0    1
 -2      2252      2255      2333      2330      2254      2257      2335      2332
 -1       507    1    0    1
 -2      2255      2258      2336      2333      2257      2260      2338      2335
 -1       508    1    0    1
 -2      2258      2261      2339      2336      2260      2263      2341      2338
 -1       509    1    0    1
 -2      2261      2264      2342      2339      2263      2266      2344      2341
 -1       510    1    0    1
 -2      2264      2267      2345      2342      2266      2269      2347      2344
 -1       511    1    0    1
 -2      2267      2270      2348      2345      2269      2272      2350      2347
 -1       512    1    0    1
 -2      2270      2273      2351      2348      2272      2275      2353      2350
 -1       513    1    0    1
 -2      2273      2276      2354      2351      2275      2278      2356      2353
 -1       514    1    0    1
 -2      2276      2279      2357      2354      2278      2281      2359      2356
 -1       515    1    0    1
 -2      2279      2282      2360      2357      2281      2284      2362      2359
 -1       516    1    0    1
 -2      2282      2285      2363      2360      2284      2287      2365      2362
 -1       517    1    0    1
 -2      2285      2288      2366      2363      2287      2290      2368      2365
 -1       518    1    0    1
 -2      2288      2291      2369      2366      2290      2293      2371      2368
 -1       519    1    0    1
 -2      2291      2294      2372      2369      2293      2296      2374      2371
 -1       520    1    0    1
 -2      2294      2297      2375      2372      2296      2299      2377      2374
 -1       521    1    0    1
 -2      2297      2300      2378      2375      2299      2302      2380      2377
 -1       522    1    0    1
 -2      2300      2303      2381      2378      2302      2305      2383      2380
 -1       523    1    0    1
 -2      2303      2306      2384      2381      2305      2308      2386      2383
 -1       524    1    0    1
 -2      2306      2309      2387      2384      2308      2311      2389      2386
 -1       525    1    0    1
 -2      2309      2312      2390      2387      2311      2314      2392      2389
 -1       526    1    0    1
 -2      2315      2318      2396      2393      2317      2320      2398      2395
 -1       527    1    0    1
 -2      2318      2321      2399      2396      2320      2323      2401      2398
 -1       528    1    0    1
 -2      2321      2324      2402      2399      2323      2326      2404      2401
 -1       529    1    0    1
 -2      2324      2327      2405      2402      2326      2329      2407      2404
 -1       530    1    0    1
 -2      2327      2330      2408      2405      2329      2332      2410      2407
 -1       531    1    0    1
 -2      2330      2333      2411      2408      2332      2335      2413      2410
 -1       532    1    0    1
 -2      2333      2336      2414      2411      2335      2338      2416      2413
 -1       533    1    0    1
 -2      2336      2339      2417      2414      2338      2341      2419      2416
 -1       534    1    0    1
 -2      2339      2342      2420      2417      2341      2344      2422      2419
 -1       535    1    0    1
 -2      2342      2345      2423      2420      2344      2347      2425      2422
 -1       536    1    0    1
 -2      2345      2348      2426      2423      2347      2350      2428      2425
 -1       537    1    0    1
 -2      2348      2351      2429      2426      2350      2353      2431      2428
 -1       538    1    0    1
 -2      2351      2354      2432      2429      2353      2356      2434      2431
 -1       539    1    0    1
 -2      2354      2357      2435      2432      2356      2359      2437      2434
 -1       540    1    0    1
 -2      2357      2360      2438      2435      2359      2362      2440      2437
 -1       541    1    0    1
 -2      2360      2363      2441      2438      2362      2365      2443      2440
 -1       542    1    0    1
 -2      2363      2366      2444      2441      2365      2368      2446      2443
 -1       543    1    0    1
 -2      2366      2369      2447      2444      2368      2371      2449      2446
 -1       544    1    0    1
 -2      2369      2372      2450      2447      2371      2374      2452      2449
 -1       545    1    0    1
 -2      2372      2375      2453      2450      2374      2377      2455      2452
 -1       546    1    0    1
 -2      2375      2378      2456      2453      2377      2380      2458      2455
 -1       547    1    0    1
 -2      2378      2381      2459      2456      2380      2383      2461      2458
 -1       548    1    0    1
 -2      2381      2384      2462      2459      2383      2386      2464      2461
 -1       549    1    0    1
 -2      2384      2387      2465      2462      2386      2389      2467      2464
 -1       550    1    0    1
 -2      2387      2390      2468      2465      2389      2392      2470      2467
 -1       551    1    0    1
 -2      2393      2396      2474      2471      2395      2398      2476      2473
 -1       552    1    0    1
 -2      2396      2399      2477      2474      2398      2401      2479      2476
 -1       553    1    0    1
 -2      2399      2402      2480      2477      2401      2404      2482      2479
 -1       554    1    0    1
 -2      2402      2405      2483      2480      2404      2407      2485      2482
 -1       555    1    0    1
 -2      2405      2408      2486      2483      2407      2410      2488      2485
 -1       556    1    0    1
 -2      2408      2411      2489      2486      2410      2413      2491      2488
 -1       557    1    0    1
 -2      2411      2414      2492      2489      2413      2416      2494      2491
 -1       558    1    0    1
 -2      2414      2417      2495      2492      2416      2419      2497      2494
 -1       559    1    0    1
 -2      2417      2420      2498      2495      2419      2422      2500      2497
 -1       560    1    0    1
 -2      2420      2423      2501      2498      2422      2425      2503      2500
 -1       561    1    0    1
 -2      2423      2426      2504      2501      2425      2428      2506      2503
 -1       562    1    0    1
 -2      2426      2429      2507      2504      2428      2431      2509      2506
 -1       563    1    0    1
 -2      2429      2432      2510      2507      2431      2434      2512      2509
 -1       564    1    0    1
 -2      2432      2435      2513      2510      2434      2437      2515      2512
 -1       565    1    0    1
 -2      2435      2438      2516      2513      2437      2440      2518      2515
 -1       566    1    0    1
 -2      2438      2441      2519      2516      2440      2443      2521      2518
 -1       567    1    0    1
 -2      2441      2444      2522      2519      2443      2446      2524      2521
 -1       568    1    0    1
 -2      2444      2447      2525      2522      2446      2449      2527      2524
 -1       569    1    0    1
 -2      2447      2450      2528      2525      2449      2452      2530      2527
 -1       570    1    0    1
 -2      2450      2453      2531      2528      2452      2455      2533      2530
 -1       571    1    0    1
 -2      2453      2456      2534      2531      2455      2458      2536      2533
 -1       572    1    0    1
 -2      2456      2459      2537      2534      2458      2461      2539      2536
 -1       573    1    0    1
 -2      2459      2462      2540      2537      2461      2464      2542      2539
 -1       574    1    0    1
 -2      2462      2465      2543      2540      2464      2467      2545      2542
 -1       575    1    0    1
 -2      2465      2468      2546      2543      2467      2470      2548      2545
 -1       576    1    0    1
 -2      2471      2474      2552      2549      2473      2476      2554      2551
 -1       577    1    0    1
 -2      2474      2477      2555      2552      2476      2479      2557      2554
 -1       578    1    0    1
 -2      2477      2480      2558      2555      2479      2482      2560      2557
 -1       579    1    0    1
 -2      2480      2483      2561      2558      2482      2485      2563      2560
 -1       580    1    0    1
 -2      2483      2486      2564      2561      2485      2488      2566      2563
 -1       581    1    0    1
 -2      2486      2489      2567      2564      2488      2491      2569      2566
 -1       582    1    0    1
 -2      2489      2492      2570      2567      2491      2494      2572      2569
 -1       583    1    0    1
 -2      2492      2495      2573      2570      2494      2497      2575      2572
 -1       584    1    0    1
 -2      2495      2498      2576      2573      2497      2500      2578      2575
 -1       585    1    0    1
 -2      2498      2501      2579      2576      2500      2503      2581      2578
 -1       586    1    0    1
 -2      2501      2504      2582      2579      2503      2506      2584      2581
 -1       587    1    0    1
 -2      2504      2507      2585      2582      2506      2509      2587      2584
 -1       588    1    0    1
 -2      2507      2510      2588      2585      2509      2512      2590      2587
 -1       589    1    0    1
 -2      2510      2513      2591      2588      2512      2515      2593      2590
 -1       590    1    0    1
 -2      2513      2516      2594      2591      2515      2518      2596      2593
 -1       591    1    0    1
 -2      2516      2519      2597      2594      2518      2521      2599      2596
 -1       592    1    0    1
 -2      2519      2522      2600      2597      2521      2524      2602      2599
 -1       593    1    0    1
 -2      2522      2525      2603      2600      2524      2527      2605      2602
 -1       594    1    0    1
 -2      2525      2528      2606      2603      2527      2530      2608      2605
 -1       595    1    0    1
 -2      2528      2531      2609      2606      2530      2533      2611      2608
 -1       596    1    0    1
 -2      2531      2534      2612      2609      2533      2536      2614      2611
 -1       597    1    0    1
 -2      2534      2537      2615      2612      2536      2539      2617      2614
 -1       598    1    0    1
 -2      2537      2540      2618      2615      2539      2542      2620      2617
 -1       599    1    0    1
 -2      2540      2543      2621      2618      2542      2545      2623      2620
 -1       600    1    0    1
 -2      2543      2546      2624      2621      2545      2548      2626      2623
 -1       601    1    0    1
 -2      2549      2552      2630      2627      2551      2554      2632      2629
 -1       602    1    0    1
 -2      2552      2555      2633      2630      2554      2557      2635      2632
 -1       603    1    0    1
 -2      2555      2558      2636      2633      2557      2560      2638      2635
 -1       604    1    0    1
 -2      2558      2561      2639      2636      2560      2563      2641      2638
 -1       605    1    0    1
 -2      2561      2564      2642      2639      2563      2566      2644      2641
 -1       606    1    0    1
 -2      2564      2567      2645      2642      2566      2569      2647      2644
 -1       607    1    0    1
 -2      2567      2570      2648      2645      2569      2572      2650      2647
 -1       608    1    0    1
 -2      2570      2573      2651      2648      2572      2575      2653      2650
 -1       609    1    0    1
 -2      2573      2576      2654      2651      2575      2578      2656      2653
 -1       610    1    0    1
 -2      2576      2579      2657      2654      2578      2581      2659      2656
 -1       611    1    0    1
 -2      2579      2582      2660      2657      2581      2584      2662      2659
 -1       612    1    0    1
 -2      2582      2585      2663      2660      2584      2587      2665      2662
 -1       613    1    0    1
 -2      2585      2588      2666      2663      2587      2590      2668      2665
 -1       614    1    0    1
 -2      2588      2591      2669      2666      2590      2593      2671      2668
 -1       615    1    0    1
 -2      2591      2594      2672      2669      2593      2596      2674      2671
 -1       616    1    0    1
 -2      2594      2597      2675      2672      2596      2599      2677      2674
 -1       617    1    0    1
 -2      2597      2600      2678      2675      2599      2602      2680      2677
 -1       618    1    0    1
 -2      2600      2603      2681      2678      2602      2605      2683      2680
 -1       619    1    0    1
 -2      2603      2606      2684      2681      2605      2608      2686      2683
 -1       620    1    0    1
 -2      2606      2609      2687      2684      2608      2611      2689      2686
 -1       621    1    0    1
 -2      2609      2612      2690      2687      2611      2614      2692      2689
 -1       622    1    0    1
 -2      2612      2615      2693      2690      2614      2617      2695      2692
 -1       623    1    0    1
 -2      2615      2618      2696      2693      2617      2620      2698      2695
 -1       624    1    0    1
 -2      2618      2621      2699      2696      2620      2623      2701      2698
 -1       625    1    0    1
 -2      2621      2624      2702      2699      2623      2626      2704      2701
 -3
    1PSTEP                         1          11           1          
  100CL  101 1.000000000        1352                     0    1           1
 -4  DISP        4    1
 -5  D1          1    2    1    0
 -5  D2          1    2    2    0
 -5  D3          1    2    3    0
 -5  ALL         1    2    0    0    1ALL
 -1       677-8.10258E-08-8.10258E-08-9.56235E-11
 -1       679 8.10258E-08 8.10258E-08 9.56235E-11
 -1       680-8.83070E-08-4.50742E-07-2.19769E-10
 -1       682 8.71684E-08 4.57731E-07 2.19769E-10
 -1       683-9.03438E-08-9.24108E-07-1.71685E-10
 -1       685 8.81725E-08 9.34489E-07 1.71685E-10
 -1       686-8.24717E-08-1.35017E-06-1.22707E-10
 -1       688 7.96148E-08 1.36389E-06 1.22707E-10
 -1       689-7.67236E-08-1.74819E-06-7.32181E-11
 -1       691 7.32833E-08 1.76521E-06 7.32181E-11
 -1       692-6.93428E-08-2.10896E-06-1.98489E-11
 -1       694 6.52861E-08 2.12941E-06 1.98489E-11
 -1       695-6.16460E-08-2.43001E-06 3.42063E-11
 -1       697 5.68781E-08 2.45394E-06-3.42063E-11
 -1       698-5.35321E-08-2.70865E-06 8.65829E-11
 -1       700 4.79248E-08 2.73606E-06-8.65829E-11
 -1       701-4.51715E-08-2.94303E-06 1.34688E-10
 -1       703 3.85877E-08 2.97384E-06-1.34688E-10
 -1       704-3.66355E-08-3.13173E-06 1.76231E-10
 -1       706 2.89453E-08 3.16581E-06-1.76231E-10
 -1       707-2.79858E-08-3.27377E-06 2.09271E-10
 -1       709 1.90791E-08 3.31091E-06-2.09271E-10
 -1       710-1.92641E-08-3.36845E-06 2.32309E-10
 -1       712 9.06001E-09 3.40839E-06-2.32309E-10
 -1       713-1.05013E-08-3.41535E-06 2.44324E-10
 -1       715-1.04613E-09 3.45780E-06-2.44324E-10
 -1       716-1.72107E-09-3.41425E-06 2.44806E-10
 -1       718-1.11766E-08 3.45890E-06-2.44806E-10
 -1       719 7.05497E-09-3.36515E-06 2.33764E-10
 -1       721-2.12695E-08 3.41170E-06-2.33764E-10
 -1       722 1.58033E-08-3.26826E-06 2.11731E-10
 -1       724-3.12619E-08 3.31642E-06-2.11731E-10
 -1       725 2.44938E-08-3.12401E-06 1.79753E-10
 -1       727-4.10873E-08 3.17354E-06-1.79753E-10
 -1       728 3.30857E-08-2.93307E-06 1.39368E-10
 -1       730-5.06738E-08 2.98379E-06-1.39368E-10
 -1       731 4.15189E-08-2.69646E-06 9.25693E-11
 -1       733-5.99384E-08 2.74825E-06-9.25693E-11
 -1       734 4.97246E-08-2.41555E-06 4.17473E-11
 -1       736-6.87997E-08 2.46840E-06-4.17473E-11
 -1       737 5.75366E-08-2.09220E-06-1.03779E-11
 -1       739-7.70925E-08 2.14617E-06 1.03779E-11
 -1       740 6.50638E-08-1.72908E-06-6.09035E-11
 -1       742-8.49433E-08 1.78432E-06 6.09035E-11
 -1       743 7.10016E-08-1.32866E-06-1.06786E-10
 -1       745-9.10851E-08 1.38540E-06 1.06786E-10
 -1       746 7.91441E-08-9.00034E-07-1.45088E-10
 -1       748-9.93724E-08 9.58563E-07 1.45088E-10
 -1       749 7.75426E-08-4.23950E-07-1.72469E-10
 -1       751-9.79329E-08 4.84523E-07 1.72469E-10
 -1       752 7.07174E-08-4.96485E-08-1.81289E-10
 -1       754-9.13343E-08 1.12403E-07 1.81289E-10
 -1       755-4.56790E-07-8.65136E-08-8.84545E-11
 -1       757 4.51683E-07 8.89619E-08 8.84545E-11
 -1       758-4.48828E-07-4.42897E-07-1.47650E-06
 -1       760 4.43376E-07 4.49307E-07-1.47618E-06
 -1       761-4.28898E-07-9.09577E-07-2.90933E-06
 -1       763 4.23255E-07 9.19603E-07-2.90904E-06
 -1       764-4.01392E-07-1.32943E-06-4.26271E-06
 -1       766 3.95227E-07 1.34247E-06-4.26248E-06
 -1       767-3.68852E-07-1.72261E-06-5.51544E-06
 -1       769 3.62093E-07 1.73869E-06-5.51529E-06
 -1       770-3.32597E-07-2.07943E-06-6.65410E-06
 -1       772 3.25183E-07 2.09859E-06-6.65405E-06
 -1       773-2.93499E-07-2.39718E-06-7.66775E-06
 -1       775 2.85362E-07 2.41948E-06-7.66781E-06
 -1       776-2.52292E-07-2.67311E-06-8.54836E-06
 -1       778 2.43357E-07 2.69857E-06-8.54853E-06
 -1       779-2.09516E-07-2.90530E-06-9.28983E-06
 -1       781 1.99705E-07 2.93387E-06-9.29010E-06
 -1       782-1.65597E-07-3.09230E-06-9.88767E-06
 -1       784 1.54837E-07 3.12387E-06-9.88802E-06
 -1       785-1.20873E-07-3.23308E-06-1.03386E-05
 -1       787 1.09104E-07 3.26751E-06-1.03390E-05
 -1       788-7.56144E-08-3.32694E-06-1.06404E-05
 -1       790 6.27930E-08 3.36402E-06-1.06409E-05
 -1       791-3.00512E-08-3.37343E-06-1.07916E-05
 -1       793 1.61532E-08 3.41294E-06-1.07921E-05
 -1       794 1.56141E-08-3.37233E-06-1.07916E-05
 -1       796-3.05905E-08 3.41404E-06-1.07921E-05
 -1       797 6.11873E-08-3.32364E-06-1.06404E-05
 -1       799-7.72204E-08 3.36732E-06-1.06409E-05
 -1       800 1.06466E-07-3.22758E-06-1.03386E-05
 -1       802-1.23511E-07 3.27301E-06-1.03390E-05
 -1       803 1.51220E-07-3.08458E-06-9.88767E-06
 -1       805-1.69215E-07 3.13159E-06-9.88802E-06
 -1       806 1.95180E-07-2.89536E-06-9.28983E-06
 -1       808-2.14041E-07 2.94381E-06-9.29010E-06
 -1       809 2.38008E-07-2.66093E-06-8.54835E-06
 -1       811-2.57642E-07 2.71075E-06-8.54853E-06
 -1       812 2.79276E-07-2.38273E-06-7.66774E-06
 -1       814-2.99585E-07 2.43393E-06-7.66782E-06
 -1       815 3.18447E-07-2.06269E-06-6.65409E-06
 -1       817-3.39333E-07 2.11533E-06-6.65406E-06
 -1       818 3.54786E-07-1.70353E-06-5.51543E-06
 -1       820-3.76160E-07 1.75776E-06-5.51530E-06
 -1       821 3.87415E-07-1.30794E-06-4.26270E-06
 -1       823-4.09205E-07 1.36396E-06-4.26248E-06
 -1       824 4.14998E-07-8.85572E-07-2.90933E-06
 -1       826-4.37155E-07 9.43607E-07-2.90904E-06
 -1       827 4.34856E-07-4.15978E-07-1.47651E-06
 -1       829-4.57349E-07 4.76226E-07-1.47617E-06
 -1       830 4.42827E-07-5.64737E-08-1.72469E-10
 -1       832-4.65646E-07 1.19002E-07 1.72469E-10
 -1       833-9.33218E-07-8.74185E-08-1.07269E-10
 -1       835 9.25379E-07 9.10980E-08 1.07269E-10
 -1       836-9.18825E-07-4.22861E-07-2.90931E-06
 -1       838 9.10355E-07 4.29292E-07-2.90906E-06
 -1       839-8.79624E-07-8.70432E-07-5.72951E-06
 -1       841 8.70709E-07 8.79902E-07-5.72927E-06
 -1       842-8.24457E-07-1.27342E-06-8.39870E-06
 -1       844 8.15101E-07 1.28577E-06-8.39850E-06
 -1       845-7.57955E-07-1.65276E-06-1.08743E-05
 -1       847 7.48016E-07 1.66788E-06-1.08741E-05
 -1       848-6.83367E-07-1.99780E-06-1.31261E-05
 -1       850 6.72769E-07 2.01572E-06-1.31260E-05
 -1       851-6.02683E-07-2.30569E-06-1.51321E-05
 -1       853 5.91371E-07 2.32643E-06-1.51321E-05
 -1       854-5.17422E-07-2.57341E-06-1.68755E-05
 -1       856 5.05355E-07 2.59700E-06-1.68757E-05
 -1       857-4.28758E-07-2.79891E-06-1.83440E-05
 -1       859 4.15901E-07 2.82532E-06-1.83442E-05
 -1       860-3.37602E-07-2.98066E-06-1.95283E-05
 -1       862 3.23925E-07 3.00983E-06-1.95286E-05
 -1       863-2.44681E-07-3.11756E-06-2.04218E-05
 -1       865 2.30162E-07 3.14937E-06-2.04221E-05
 -1       866-1.50589E-07-3.20885E-06-2.10198E-05
 -1       868 1.35212E-07 3.24318E-06-2.10202E-05
 -1       869-5.58274E-08-3.25406E-06-2.13195E-05
 -1       871 3.95850E-08 3.29075E-06-2.13199E-05
 -1       872 3.91533E-08-3.25296E-06-2.13195E-05
 -1       874-5.62592E-08 3.29185E-06-2.13199E-05
 -1       875 1.33921E-07-3.20555E-06-2.10198E-05
 -1       877-1.51879E-07 3.24648E-06-2.10202E-05
 -1       878 2.28026E-07-3.11206E-06-2.04218E-05
 -1       880-2.46817E-07 3.15487E-06-2.04221E-05
 -1       881 3.20966E-07-2.97295E-06-1.95283E-05
 -1       883-3.40561E-07 3.01754E-06-1.95286E-05
 -1       884 4.12147E-07-2.78898E-06-1.83440E-05
 -1       886-4.32512E-07 2.83526E-06-1.83442E-05
 -1       887 5.00841E-07-2.56124E-06-1.68755E-05
 -1       889-5.21937E-07 2.60917E-06-1.68757E-05
 -1       890 5.86133E-07-2.29125E-06-1.51321E-05
 -1       892-6.07921E-07 2.34087E-06-1.51321E-05
 -1       893 6.66849E-07-1.98107E-06-1.31261E-05
 -1       895-6.89287E-07 2.03244E-06-1.31260E-05
 -1       896 7.41461E-07-1.63369E-06-1.08743E-05
 -1       898-7.64511E-07 1.68695E-06-1.08741E-05
 -1       899 8.07967E-07-1.25194E-06-8.39870E-06
 -1       901-8.31591E-07 1.30725E-06-8.39850E-06
 -1       902 8.63087E-07-8.46401E-07-5.72952E-06
 -1       904-8.87247E-07 9.03933E-07-5.72926E-06
 -1       905 9.02258E-07-3.96121E-07-2.90933E-06
 -1       907-9.26921E-07 4.56033E-07-2.90904E-06
 -1       908 9.16720E-07-5.80752E-08-1.45089E-10
 -1       910-9.41877E-07 1.20441E-07 1.45089E-10
 -1       911-1.36204E-06-7.88603E-08-8.10674E-11
 -1       913 1.35202E-06 8.32264E-08 8.10674E-11
 -1       914-1.34138E-06-3.95032E-07-4.26269E-06
 -1       916 1.33052E-06 4.01588E-07-4.26250E-06
 -1       917-1.28539E-06-8.15252E-07-8.39869E-06
 -1       919 1.27380E-06 8.24305E-07-8.39851E-06
 -1       920-1.20679E-06-1.19486E-06-1.23193E-05
 -1       922 1.19455E-06 1.20648E-06-1.23191E-05
 -1       923-1.11088E-06-1.55306E-06-1.59616E-05
 -1       925 1.09796E-06 1.56723E-06-1.59615E-05
 -1       926-1.00232E-06-1.87989E-06-1.92788E-05
 -1       928 9.88702E-07 1.89661E-06-1.92788E-05
 -1       929-8.84337E-07-2.17222E-06-2.22364E-05
 -1       931 8.69996E-07 2.19150E-06-2.22365E-05
 -1       932-7.59286E-07-2.42687E-06-2.48087E-05
 -1       934 7.44219E-07 2.44873E-06-2.48088E-05
 -1       935-6.28975E-07-2.64165E-06-2.69763E-05
 -1       937 6.13188E-07 2.66608E-06-2.69765E-05
 -1       938-4.94815E-07-2.81493E-06-2.87250E-05
 -1       940 4.78316E-07 2.84189E-06-2.87253E-05
 -1       941-3.57928E-07-2.94553E-06-3.00446E-05
 -1       943 3.40726E-07 2.97496E-06-3.00449E-05
 -1       944-2.19230E-07-3.03265E-06-3.09280E-05
 -1       946 2.01333E-07 3.06447E-06-3.09284E-05
 -1       947-7.94977E-08-3.07578E-06-3.13708E-05
 -1       949 6.09129E-08 3.10990E-06-3.13711E-05
 -1       950 6.05714E-08-3.07469E-06-3.13708E-05
 -1       952-7.98393E-08 3.11099E-06-3.13711E-05
 -1       953 2.00307E-07-3.02936E-06-3.09280E-05
 -1       955-2.20256E-07 3.06776E-06-3.09284E-05
 -1       956 3.39012E-07-2.94004E-06-3.00446E-05
 -1       958-3.59642E-07 2.98046E-06-3.00449E-05
 -1       959 4.75908E-07-2.80722E-06-2.87250E-05
 -1       961-4.97224E-07 2.84959E-06-2.87253E-05
 -1       962 6.10078E-07-2.63172E-06-2.69763E-05
 -1       964-6.32086E-07 2.67601E-06-2.69765E-05
 -1       965 7.40399E-07-2.41470E-06-2.48087E-05
 -1       967-7.63107E-07 2.46090E-06-2.48088E-05
 -1       968 8.65457E-07-2.15779E-06-2.22364E-05
 -1       970-8.88876E-07 2.20593E-06-2.22365E-05
 -1       971 9.83443E-07-1.86316E-06-1.92788E-05
 -1       973-1.00758E-06 1.91334E-06-1.92788E-05
 -1       974 1.09198E-06-1.53399E-06-1.59616E-05
 -1       976-1.11685E-06 1.58630E-06-1.59615E-05
 -1       977 1.18787E-06-1.17338E-06-1.23193E-05
 -1       979-1.21347E-06 1.22796E-06-1.23191E-05
 -1       980 1.26644E-06-7.91281E-07-8.39870E-06
 -1       982-1.29275E-06 8.48276E-07-8.39850E-06
 -1       983 1.32243E-06-3.68537E-07-4.26270E-06
 -1       985-1.34946E-06 4.28082E-07-4.26248E-06
 -1       986 1.34315E-06-4.99327E-08-1.06788E-10
 -1       988-1.37091E-06 1.12154E-07 1.06788E-10
 -1       989-1.76259E-06-7.26199E-08-4.12702E-11
 -1       991 1.75081E-06 7.73871E-08 4.12702E-11
 -1       992-1.73709E-06-3.62186E-07-5.51542E-06
 -1       994 1.72421E-06 3.68760E-07-5.51532E-06
 -1       995-1.66726E-06-7.48636E-07-1.08743E-05
 -1       997 1.65337E-06 7.57335E-07-1.08742E-05
 -1       998-1.56755E-06-1.09893E-06-1.59616E-05
 -1      1000 1.55274E-06 1.10990E-06-1.59615E-05
 -1      1001-1.44485E-06-1.43037E-06-2.06946E-05
 -1      1003 1.42918E-06 1.44366E-06-2.06946E-05
 -1      1004-1.30496E-06-1.73358E-06-2.50107E-05
 -1      1006 1.28849E-06 1.74920E-06-2.50107E-05
 -1      1007-1.15215E-06-2.00542E-06-2.88626E-05
 -1      1009 1.13491E-06 2.02338E-06-2.88627E-05
 -1      1010-9.89636E-07-2.24270E-06-3.22151E-05
 -1      1012 9.71674E-07 2.26301E-06-3.22153E-05
 -1      1013-8.19902E-07-2.44313E-06-3.50419E-05
 -1      1015 8.01268E-07 2.46580E-06-3.50420E-05
 -1      1016-6.44878E-07-2.60502E-06-3.73234E-05
 -1      1018 6.25621E-07 2.63003E-06-3.73236E-05
 -1      1019-4.66107E-07-2.72712E-06-3.90455E-05
 -1      1021 4.46266E-07 2.75446E-06-3.90457E-05
 -1      1022-2.84846E-07-2.80860E-06-4.01986E-05
 -1      1024 2.64453E-07 2.83822E-06-4.01989E-05
 -1      1025-1.02165E-07-2.84891E-06-4.07766E-05
 -1      1027 8.12405E-08 2.88078E-06-4.07769E-05
 -1      1028 8.09783E-08-2.84782E-06-4.07766E-05
 -1      1030-1.02427E-07 2.88187E-06-4.07769E-05
 -1      1031 2.63660E-07-2.80530E-06-4.01986E-05
 -1      1033-2.85639E-07 2.84151E-06-4.01989E-05
 -1      1034 4.44922E-07-2.72162E-06-3.90455E-05
 -1      1036-4.67451E-07 2.75995E-06-3.90457E-05
 -1      1037 6.23694E-07-2.59731E-06-3.73234E-05
 -1      1039-6.46805E-07 2.63774E-06-3.73236E-05
 -1      1040 7.98717E-07-2.43320E-06-3.50419E-05
 -1      1042-8.22453E-07 2.47573E-06-3.50421E-05
 -1      1043 9.68448E-07-2.23053E-06-3.22152E-05
 -1      1045-9.92863E-07 2.27518E-06-3.22153E-05
 -1      1046 1.13095E-06-1.99099E-06-2.88626E-05
 -1      1048-1.15610E-06 2.03782E-06-2.88627E-05
 -1      1049 1.28375E-06-1.71685E-06-2.50107E-05
 -1      1051-1.30970E-06 1.76592E-06-2.50107E-05
 -1      1052 1.42362E-06-1.41131E-06-2.06947E-05
 -1      1054-1.45042E-06 1.46272E-06-2.06946E-05
 -1      1055 1.54629E-06-1.07749E-06-1.59616E-05
 -1      1057-1.57400E-06 1.13134E-06-1.59615E-05
 -1      1058 1.64599E-06-7.24775E-07-1.08743E-05
 -1      1060-1.67464E-06 7.81196E-07-1.08741E-05
 -1      1061 1.71584E-06-3.35908E-07-5.51543E-06
 -1      1063-1.74546E-06 3.95037E-07-5.51530E-06
 -1      1064 1.74138E-06-4.39949E-08-6.09022E-11
 -1      1066-1.77202E-06 1.06012E-07 6.09022E-11
 -1      1067-2.12580E-06-6.48530E-08 5.61900E-12
 -1      1069 2.11257E-06 6.97761E-08-5.61900E-12
 -1      1070-2.09632E-06-3.25656E-07-6.65408E-06
 -1      1072 2.08169E-06 3.32124E-07-6.65407E-06
 -1      1073-2.01473E-06-6.73901E-07-1.31261E-05
 -1      1075 1.99879E-06 6.82235E-07-1.31261E-05
 -1      1076-1.89682E-06-9.90327E-07-1.92788E-05
 -1      1078 1.87968E-06 1.00070E-06-1.92788E-05
 -1      1079-1.75049E-06-1.29048E-06-2.50107E-05
 -1      1081 1.73228E-06 1.30297E-06-2.50107E-05
 -1      1082-1.58264E-06-1.56573E-06-3.02436E-05
 -1      1084 1.56346E-06 1.58037E-06-3.02437E-05
 -1      1085-1.39841E-06-1.81305E-06-3.49185E-05
 -1      1087 1.37839E-06 1.82985E-06-3.49185E-05
 -1      1088-1.20183E-06-2.02932E-06-3.89904E-05
 -1      1090 1.18107E-06 2.04831E-06-3.89905E-05
 -1      1091-9.96036E-07-2.21229E-06-4.24257E-05
 -1      1093 9.74629E-07 2.23347E-06-4.24259E-05
 -1      1094-7.83477E-07-2.36024E-06-4.51997E-05
 -1      1096 7.61515E-07 2.38362E-06-4.51998E-05
 -1      1097-5.66118E-07-2.47191E-06-4.72943E-05
 -1      1099 5.43676E-07 2.49750E-06-4.72944E-05
 -1      1100-3.45571E-07-2.54644E-06-4.86971E-05
 -1      1102 3.22704E-07 2.57423E-06-4.86973E-05
 -1      1103-1.23204E-07-2.58329E-06-4.94004E-05
 -1      1105 9.99452E-08 2.61328E-06-4.94006E-05
 -1      1106 9.97547E-08-2.58219E-06-4.94004E-05
 -1      1108-1.23394E-07 2.61438E-06-4.94006E-05
 -1      1109 3.22121E-07-2.54315E-06-4.86971E-05
 -1      1111-3.46154E-07 2.57753E-06-4.86973E-05
 -1      1112 5.42665E-07-2.46641E-06-4.72943E-05
 -1      1114-5.67130E-07 2.50299E-06-4.72944E-05
 -1      1115 7.60018E-07-2.35253E-06-4.51997E-05
 -1      1117-7.84973E-07 2.39133E-06-4.51998E-05
 -1      1118 9.72570E-07-2.20236E-06-4.24258E-05
 -1      1120-9.98095E-07 2.24340E-06-4.24259E-05
 -1      1121 1.17836E-06-2.01715E-06-3.89904E-05
 -1      1123-1.20455E-06 2.06048E-06-3.89905E-05
 -1      1124 1.37491E-06-1.79862E-06-3.49185E-05
 -1      1126-1.40188E-06 1.84428E-06-3.49185E-05
 -1      1127 1.55912E-06-1.54902E-06-3.02436E-05
 -1      1129-1.58698E-06 1.59708E-06-3.02437E-05
 -1      1130 1.72696E-06-1.27145E-06-2.50107E-05
 -1      1132-1.75581E-06 1.32200E-06-2.50107E-05
 -1      1133 1.87328E-06-9.68950E-07-1.92788E-05
 -1      1135-1.90323E-06 1.02207E-06-1.92788E-05
 -1      1136 1.99118E-06-6.50163E-07-1.31261E-05
 -1      1138-2.02233E-06 7.05973E-07-1.31260E-05
 -1      1139 2.07280E-06-2.99570E-07-6.65409E-06
 -1      1141-2.10522E-06 3.58210E-07-6.65406E-06
 -1      1142 2.10231E-06-3.64676E-08-1.03624E-11
 -1      1144-2.13605E-06 9.81612E-08 1.03624E-11
 -1      1145-2.44921E-06-5.68397E-08 5.54971E-11
 -1      1147 2.43474E-06 6.16847E-08-5.54971E-11
 -1      1148-2.41643E-06-2.86315E-07-7.66773E-06
 -1      1150 2.40023E-06 2.92546E-07-7.66783E-06
 -1      1151-2.32497E-06-5.93061E-07-1.51320E-05
 -1      1153 2.30715E-06 6.00992E-07-1.51321E-05
 -1      1154-2.19151E-06-8.72262E-07-2.22364E-05
 -1      1156 2.17221E-06 8.82071E-07-2.22365E-05
 -1      1157-2.02471E-06-1.13764E-06-2.88626E-05
 -1      1159 2.00410E-06 1.14942E-06-2.88627E-05
 -1      1160-1.83232E-06-1.38150E-06-3.49185E-05
 -1      1162 1.81058E-06 1.39529E-06-3.49185E-05
 -1      1163-1.62030E-06-1.60103E-06-4.03334E-05
 -1      1165 1.59761E-06 1.61687E-06-4.03334E-05
 -1      1166-1.39337E-06-1.79334E-06-4.50534E-05
 -1      1168 1.36989E-06 1.81123E-06-4.50534E-05
 -1      1169-1.15525E-06-1.95625E-06-4.90379E-05
 -1      1171 1.13114E-06 1.97622E-06-4.90380E-05
 -1      1172-9.08917E-07-2.08812E-06-5.22568E-05
 -1      1174 8.84305E-07 2.11019E-06-5.22569E-05
 -1      1175-6.56733E-07-2.18771E-06-5.46881E-05
 -1      1177 6.31728E-07 2.21190E-06-5.46882E-05
 -1      1178-4.00659E-07-2.25419E-06-5.63169E-05
 -1      1180 3.75341E-07 2.28053E-06-5.63169E-05
 -1      1181-1.42363E-07-2.28701E-06-5.71335E-05
 -1      1183 1.16780E-07 2.31552E-06-5.71336E-05
 -1      1184 1.16654E-07-2.28591E-06-5.71335E-05
 -1      1186-1.42488E-07 2.31661E-06-5.71336E-05
 -1      1187 3.74948E-07-2.25089E-06-5.63169E-05
 -1      1189-4.01052E-07 2.28382E-06-5.63169E-05
 -1      1190 6.31017E-07-2.18221E-06-5.46881E-05
 -1      1192-6.57444E-07 2.21740E-06-5.46882E-05
 -1      1193 8.83192E-07-2.08041E-06-5.22568E-05
 -1      1195-9.10030E-07 2.11789E-06-5.22569E-05
 -1      1196 1.12952E-06-1.94632E-06-4.90379E-05
 -1      1198-1.15688E-06 1.98615E-06-4.90380E-05
 -1      1199 1.36762E-06-1.78118E-06-4.50534E-05
 -1      1201-1.39564E-06 1.82339E-06-4.50534E-05
 -1      1202 1.59453E-06-1.58662E-06-4.03334E-05
 -1      1204-1.62337E-06 1.63128E-06-4.03334E-05
 -1      1205 1.80653E-06-1.36481E-06-3.49185E-05
 -1      1207-1.83637E-06 1.41198E-06-3.49185E-05
 -1      1208 1.99891E-06-1.11865E-06-2.88626E-05
 -1      1210-2.02990E-06 1.16840E-06-2.88627E-05
 -1      1211 2.16571E-06-8.50965E-07-2.22364E-05
 -1      1213-2.19801E-06 9.03368E-07-2.22365E-05
 -1      1214 2.29917E-06-5.69447E-07-1.51321E-05
 -1      1216-2.33295E-06 6.24606E-07-1.51321E-05
 -1      1217 2.39065E-06-2.60398E-07-7.66774E-06
 -1      1219-2.42601E-06 3.18463E-07-7.66782E-06
 -1      1220 2.42347E-06-2.86552E-08 4.17974E-11
 -1      1222-2.46048E-06 8.98689E-08-4.17974E-11
 -1      1223-2.73016E-06-4.84571E-08 1.04866E-10
 -1      1225 2.71455E-06 5.30001E-08-1.04866E-10
 -1      1226-2.69467E-06-2.44891E-07-8.54834E-06
 -1      1228 2.67702E-06 2.50758E-07-8.54854E-06
 -1      1229-2.59500E-06-5.07647E-07-1.68755E-05
 -1      1231 2.57541E-06 5.15131E-07-1.68757E-05
 -1      1232-2.44847E-06-7.47116E-07-2.48087E-05
 -1      1234 2.42713E-06 7.56390E-07-2.48088E-05
 -1      1235-2.26430E-06-9.75078E-07-3.22151E-05
 -1      1237 2.24141E-06 9.86233E-07-3.22153E-05
 -1      1238-2.05091E-06-1.18491E-06-3.89904E-05
 -1      1240 2.02672E-06 1.19799E-06-3.89905E-05
 -1      1241-1.81491E-06-1.37411E-06-4.50534E-05
 -1      1243 1.78965E-06 1.38915E-06-4.50534E-05
 -1      1244-1.56163E-06-1.54007E-06-5.03419E-05
 -1      1246 1.53553E-06 1.55710E-06-5.03420E-05
 -1      1247-1.29533E-06-1.68083E-06-5.48089E-05
 -1      1249 1.26859E-06 1.69987E-06-5.48089E-05
 -1      1250-1.01941E-06-1.79486E-06-5.84190E-05
 -1      1252 9.92209E-07 1.81594E-06-5.84190E-05
 -1      1253-7.36647E-07-1.88103E-06-6.11467E-05
 -1      1255 7.09122E-07 1.90417E-06-6.11467E-05
 -1      1256-4.49316E-07-1.93852E-06-6.29744E-05
 -1      1258 4.21575E-07 1.96378E-06-6.29744E-05
 -1      1259-1.59375E-07-1.96685E-06-6.38910E-05
 -1      1261 1.31481E-07 1.99425E-06-6.38909E-05
 -1      1262 1.31414E-07-1.96575E-06-6.38910E-05
 -1      1264-1.59442E-07 1.99535E-06-6.38909E-05
 -1      1265 4.21351E-07-1.93523E-06-6.29744E-05
 -1      1267-4.49539E-07 1.96707E-06-6.29744E-05
 -1      1268 7.08676E-07-1.87553E-06-6.11468E-05
 -1      1270-7.37093E-07 1.90966E-06-6.11467E-05
 -1      1271 9.91433E-07-1.78716E-06-5.84190E-05
 -1      1273-1.02019E-06 1.82364E-06-5.84190E-05
 -1      1274 1.26734E-06-1.67091E-06-5.48089E-05
 -1      1276-1.29658E-06 1.70979E-06-5.48089E-05
 -1      1277 1.53363E-06-1.52792E-06-5.03420E-05
 -1      1279-1.56354E-06 1.56925E-06-5.03420E-05
 -1      1280 1.78689E-06-1.35972E-06-4.50534E-05
 -1      1282-1.81767E-06 1.40354E-06-4.50534E-05
 -1      1283 2.02288E-06-1.16826E-06-3.89904E-05
 -1      1285-2.05475E-06 1.21464E-06-3.89905E-05
 -1      1286 2.23626E-06-9.56153E-07-3.22152E-05
 -1      1288-2.26946E-06 1.00516E-06-3.22153E-05
 -1      1289 2.42043E-06-7.25908E-07-2.48087E-05
 -1      1291-2.45517E-06 7.77598E-07-2.48088E-05
 -1      1292 2.56697E-06-4.84154E-07-1.68755E-05
 -1      1294-2.60344E-06 5.38624E-07-1.68757E-05
 -1      1295 2.66666E-06-2.19128E-07-8.54835E-06
 -1      1297-2.70502E-06 2.76522E-07-8.54853E-06
 -1      1298 2.70219E-06-2.04484E-08 9.26851E-11
 -1      1300-2.74252E-06 8.10085E-08-9.26851E-11
 -1      1301-2.96681E-06-3.98628E-08 1.50748E-10
 -1      1303 2.95006E-06 4.38966E-08-1.50748E-10
 -1      1304-2.92913E-06-2.01919E-07-9.28982E-06
 -1      1306 2.91004E-06 2.07302E-07-9.29011E-06
 -1      1307-2.82277E-06-4.18833E-07-1.83440E-05
 -1      1309 2.80146E-06 4.25825E-07-1.83442E-05
 -1      1310-2.66553E-06-6.16704E-07-2.69763E-05
 -1      1312 2.64220E-06 6.25459E-07-2.69765E-05
 -1      1313-2.46701E-06-8.05283E-07-3.50419E-05
 -1      1315 2.44193E-06 8.15887E-07-3.50421E-05
 -1      1316-2.23616E-06-9.79082E-07-4.24257E-05
 -1      1318 2.20960E-06 9.91583E-07-4.24259E-05
 -1      1319-1.98011E-06-1.13599E-06-4.90379E-05
 -1      1321 1.95237E-06 1.15041E-06-4.90380E-05
 -1      1322-1.70467E-06-1.27377E-06-5.48089E-05
 -1      1324 1.67603E-06 1.29015E-06-5.48089E-05
 -1      1325-1.41456E-06-1.39073E-06-5.96856E-05
 -1      1327 1.38526E-06 1.40909E-06-5.96856E-05
 -1      1328-1.11359E-06-1.48554E-06-6.36284E-05
 -1      1330 1.08385E-06 1.50591E-06-6.36284E-05
 -1      1331-8.04844E-07-1.55718E-06-6.66084E-05
 -1      1333 7.74848E-07 1.57960E-06-6.66083E-05
 -1      1334-4.90920E-07-1.60496E-06-6.86055E-05
 -1      1336 4.60790E-07 1.62947E-06-6.86054E-05
 -1      1337-1.74030E-07-1.62841E-06-6.96071E-05
 -1      1339 1.43842E-07 1.65506E-06-6.96070E-05
 -1      1340 1.43825E-07-1.62731E-06-6.96071E-05
 -1      1342-1.74046E-07 1.65616E-06-6.96070E-05
 -1      1343 4.60713E-07-1.60167E-06-6.86055E-05
 -1      1345-4.90997E-07 1.63276E-06-6.86054E-05
 -1      1346 7.74630E-07-1.55169E-06-6.66084E-05
 -1      1348-8.05061E-07 1.58509E-06-6.66083E-05
 -1      1349 1.08336E-06-1.47785E-06-6.36284E-05
 -1      1351-1.11407E-06 1.51360E-06-6.36284E-05
 -1      1352 1.38433E-06-1.38083E-06-5.96856E-05
 -1      1354-1.41550E-06 1.41900E-06-5.96856E-05
 -1      1355 1.67443E-06-1.26164E-06-5.48089E-05
 -1      1357-1.70627E-06 1.30228E-06-5.48089E-05
 -1      1358 1.94985E-06-1.12162E-06-4.90379E-05
 -1      1360-1.98262E-06 1.16477E-06-4.90380E-05
 -1      1361 2.20589E-06-9.62477E-07-4.24258E-05
 -1      1363-2.23987E-06 1.00819E-06-4.24259E-05
 -1      1364 2.43674E-06-7.86424E-07-3.50419E-05
 -1      1366-2.47220E-06 8.34745E-07-3.50421E-05
 -1      1367 2.63526E-06-5.95587E-07-2.69763E-05
 -1      1369-2.67247E-06 6.46577E-07-2.69765E-05
 -1      1370 2.79252E-06-3.95459E-07-1.83440E-05
 -1      1372-2.83172E-06 4.49200E-07-1.83442E-05
 -1      1373 2.89890E-06-1.76298E-07-9.28983E-06
 -1      1375-2.94027E-06 2.32923E-07-9.29010E-06
 -1      1376 2.93662E-06-1.20130E-08 1.39592E-10
 -1      1378-2.98025E-06 7.17461E-08-1.39592E-10
 -1      1379-3.15776E-06-3.11196E-08 1.90603E-10
 -1      1381 3.13978E-06 3.44615E-08-1.90603E-10
 -1      1382-3.11837E-06-1.57822E-07-9.88766E-06
 -1      1384 3.09780E-06 1.62613E-07-9.88803E-06
 -1      1385-3.00677E-06-3.27535E-07-1.95283E-05
 -1      1387 2.98372E-06 3.33991E-07-1.95286E-05
 -1      1388-2.84105E-06-4.82441E-07-2.87250E-05
 -1      1390 2.81576E-06 4.90691E-07-2.87253E-05
 -1      1391-2.63114E-06-6.30191E-07-3.73234E-05
 -1      1393 2.60390E-06 6.40308E-07-3.73236E-05
 -1      1394-2.38636E-06-7.66483E-07-4.51997E-05
 -1      1396 2.35750E-06 7.78508E-07-4.51998E-05
 -1      1397-2.11422E-06-8.89630E-07-5.22568E-05
 -1      1399 2.08408E-06 9.03591E-07-5.22569E-05
 -1      1400-1.82095E-06-9.97851E-07-5.84190E-05
 -1      1402 1.78984E-06 1.01377E-06-5.84190E-05
 -1      1403-1.51162E-06-1.08977E-06-6.36284E-05
 -1      1405 1.47983E-06 1.10767E-06-6.36284E-05
 -1      1406-1.19034E-06-1.16428E-06-6.78416E-05
 -1      1408 1.15814E-06 1.18420E-06-6.78415E-05
 -1      1409-8.60514E-07-1.22057E-06-7.10266E-05
 -1      1411 8.28099E-07 1.24254E-06-7.10265E-05
 -1      1412-5.24974E-07-1.25804E-06-7.31615E-05
 -1      1414 4.92492E-07 1.28210E-06-7.31613E-05
 -1      1415-1.86158E-07-1.27632E-06-7.42323E-05
 -1      1417 1.53698E-07 1.30252E-06-7.42321E-05
 -1      1418 1.53723E-07-1.27522E-06-7.42323E-05
 -1      1420-1.86133E-07 1.30362E-06-7.42321E-05
 -1      1421 4.92535E-07-1.25475E-06-7.31615E-05
 -1      1423-5.24930E-07 1.28539E-06-7.31613E-05
 -1      1424 8.28070E-07-1.21508E-06-7.10266E-05
 -1      1426-8.60543E-07 1.24802E-06-7.10265E-05
 -1      1427 1.15789E-06-1.15660E-06-6.78416E-05
 -1      1429-1.19059E-06 1.19188E-06-6.78415E-05
 -1      1430 1.47915E-06-1.07988E-06-6.36284E-05
 -1      1432-1.51230E-06 1.11756E-06-6.36284E-05
 -1      1433 1.78848E-06-9.85750E-07-5.84190E-05
 -1      1435-1.82232E-06 1.02587E-06-5.84190E-05
 -1      1436 2.08174E-06-8.75308E-07-5.22568E-05
 -1      1438-2.11656E-06 9.17914E-07-5.22569E-05
 -1      1439 2.35387E-06-7.49931E-07-4.51997E-05
 -1      1441-2.38998E-06 7.95060E-07-4.51998E-05
 -1      1442 2.59866E-06-6.11405E-07-3.73234E-05
 -1      1444-2.63639E-06 6.59094E-07-3.73236E-05
 -1      1445 2.80858E-06-4.61417E-07-2.87250E-05
 -1      1447-2.84824E-06 5.11715E-07-2.87253E-05
 -1      1448 2.97431E-06-3.04276E-07-1.95283E-05
 -1      1450-3.01618E-06 3.57251E-07-1.95286E-05
 -1      1451 3.08594E-06-1.32334E-07-9.88767E-06
 -1      1453-3.13024E-06 1.88100E-07-9.88802E-06
 -1      1454 3.12536E-06-3.41713E-09 1.80140E-10
 -1      1456-3.17218E-06 6.21636E-08-1.80140E-10
 -1      1457-3.30203E-06-2.22827E-08 2.22353E-10
 -1      1459 3.28265E-06 2.47825E-08-2.22353E-10
 -1      1460-3.26138E-06-1.12933E-07-1.03386E-05
 -1      1462 3.23921E-06 1.17044E-07-1.03390E-05
 -1      1463-3.14589E-06-2.34479E-07-2.04217E-05
 -1      1465 3.12104E-06 2.40364E-07-2.04221E-05
 -1      1466-2.97388E-06-3.45450E-07-3.00446E-05
 -1      1468 2.94661E-06 3.53204E-07-3.00449E-05
 -1      1469-2.75548E-06-4.51347E-07-3.90455E-05
 -1      1471 2.72610E-06 4.61026E-07-3.90457E-05
 -1      1472-2.50026E-06-5.49079E-07-4.72943E-05
 -1      1474 2.46914E-06 5.60716E-07-4.72944E-05
 -1      1475-2.21605E-06-6.37423E-07-5.46881E-05
 -1      1477 2.18356E-06 6.51038E-07-5.46882E-05
 -1      1478-1.90935E-06-7.15078E-07-6.11467E-05
 -1      1480 1.87585E-06 7.30691E-07-6.11467E-05
 -1      1481-1.58549E-06-7.81030E-07-6.66084E-05
 -1      1483 1.55130E-06 7.98662E-07-6.66083E-05
 -1      1484-1.24885E-06-8.34469E-07-7.10266E-05
 -1      1486 1.21425E-06 8.54144E-07-7.10265E-05
 -1      1487-9.03044E-07-8.74781E-07-7.43673E-05
 -1      1489 8.68266E-07 8.96529E-07-7.43671E-05
 -1      1490-5.51099E-07-9.01525E-07-7.66068E-05
 -1      1492 5.16305E-07 9.25381E-07-7.66066E-05
 -1      1493-1.95633E-07-9.14419E-07-7.77302E-05
 -1      1495 1.60922E-07 9.40422E-07-7.77300E-05
 -1      1496 1.60979E-07-9.13325E-07-7.77302E-05
 -1      1498-1.95576E-07 9.41516E-07-7.77300E-05
 -1      1499 5.16441E-07-8.98242E-07-7.66068E-05
 -1      1501-5.50962E-07 9.28664E-07-7.66066E-05
 -1      1502 8.68381E-07-8.69307E-07-7.43673E-05
 -1      1504-9.02928E-07 9.02003E-07-7.43672E-05
 -1      1505 1.21418E-06-8.26801E-07-7.10266E-05
 -1      1507-1.24892E-06 8.61812E-07-7.10265E-05
 -1      1508 1.55081E-06-7.71163E-07-6.66084E-05
 -1      1510-1.58598E-06 8.08529E-07-6.66083E-05
 -1      1511 1.87466E-06-7.03007E-07-6.11468E-05
 -1      1513-1.91053E-06 7.42762E-07-6.11467E-05
 -1      1514 2.18136E-06-6.23143E-07-5.46881E-05
 -1      1516-2.21826E-06 6.65318E-07-5.46882E-05
 -1      1517 2.46557E-06-5.32585E-07-4.72943E-05
 -1      1519-2.50384E-06 5.77209E-07-4.72944E-05
 -1      1520 2.72079E-06-4.32636E-07-3.90455E-05
 -1      1522-2.76079E-06 4.79737E-07-3.90457E-05
 -1      1523 2.93920E-06-3.24520E-07-3.00446E-05
 -1      1525-2.98129E-06 3.74134E-07-3.00449E-05
 -1      1526 3.11123E-06-2.11332E-07-2.04218E-05
 -1      1528-3.15571E-06 2.63511E-07-2.04221E-05
 -1      1529 3.22675E-06-8.75733E-08-1.03386E-05
 -1      1531-3.27384E-06 1.42403E-07-1.03390E-05
 -1      1532 3.26743E-06 5.28007E-09 2.12345E-10
 -1      1534-3.31725E-06 5.23449E-08-2.12345E-10
 -1      1535-3.39893E-06-1.33893E-08 2.44412E-10
 -1      1537 3.37792E-06 1.49352E-08-2.44412E-10
 -1      1538-3.35745E-06-6.75211E-08-1.06404E-05
 -1      1540 3.33351E-06 7.08866E-08-1.06409E-05
 -1      1541-3.23939E-06-1.40258E-07-2.10198E-05
 -1      1543 3.21264E-06 1.45543E-07-2.10202E-05
 -1      1544-3.06321E-06-2.06649E-07-3.09280E-05
 -1      1546 3.03391E-06 2.13913E-07-3.09284E-05
 -1      1547-2.83916E-06-2.70011E-07-4.01986E-05
 -1      1549 2.80765E-06 2.79289E-07-4.01989E-05
 -1      1550-2.57701E-06-3.28481E-07-4.86971E-05
 -1      1552 2.54367E-06 3.39794E-07-4.86973E-05
 -1      1553-2.28474E-06-3.81319E-07-5.63169E-05
 -1      1555 2.24997E-06 3.94680E-07-5.63169E-05
 -1      1556-1.96906E-06-4.27735E-07-6.29744E-05
 -1      1558 1.93324E-06 4.43156E-07-6.29744E-05
 -1      1559-1.63547E-06-4.67108E-07-6.86055E-05
 -1      1561 1.59895E-06 4.84602E-07-6.86054E-05
 -1      1562-1.28853E-06-4.98940E-07-7.31615E-05
 -1      1564 1.25161E-06 5.18525E-07-7.31613E-05
 -1      1565-9.31993E-07-5.22855E-07-7.66068E-05
 -1      1567 8.94913E-07 5.44549E-07-7.66066E-05
 -1      1568-5.69023E-07-5.38579E-07-7.89167E-05
 -1      1570 5.31961E-07 5.62405E-07-7.89164E-05
 -1      1571-2.02362E-07-5.45937E-07-8.00754E-05
 -1      1573 1.65423E-07 5.71921E-07-8.00751E-05
 -1      1574 1.65502E-07-5.44845E-07-8.00754E-05
 -1      1576-2.02283E-07 5.73014E-07-8.00751E-05
 -1      1577 5.32160E-07-5.35301E-07-7.89167E-05
 -1      1579-5.68823E-07 5.65682E-07-7.89164E-05
 -1      1580 8.95125E-07-5.17391E-07-7.66068E-05
 -1      1582-9.31780E-07 5.50012E-07-7.66066E-05
 -1      1583 1.25166E-06-4.91289E-07-7.31615E-05
 -1      1585-1.28848E-06 5.26177E-07-7.31613E-05
 -1      1586 1.59859E-06-4.57265E-07-6.86055E-05
 -1      1588-1.63583E-06 4.94445E-07-6.86054E-05
 -1      1589 1.93217E-06-4.15699E-07-6.29744E-05
 -1      1591-1.97013E-06 4.55192E-07-6.29744E-05
 -1      1592 2.24785E-06-3.67086E-07-5.63169E-05
 -1      1594-2.28686E-06 4.08913E-07-5.63169E-05
 -1      1595 2.54012E-06-3.12049E-07-4.86971E-05
 -1      1597-2.58056E-06 3.56226E-07-4.86973E-05
 -1      1598 2.80228E-06-2.51377E-07-4.01986E-05
 -1      1600-2.84454E-06 2.97923E-07-4.01989E-05
 -1      1601 3.02634E-06-1.85813E-07-3.09280E-05
 -1      1603-3.07078E-06 2.34749E-07-3.09284E-05
 -1      1604 3.20254E-06-1.17221E-07-2.10198E-05
 -1      1606-3.24949E-06 1.68580E-07-2.10202E-05
 -1      1607 3.32062E-06-4.22861E-08-1.06404E-05
 -1      1609-3.37034E-06 9.61213E-08-1.06409E-05
 -1      1610 3.36213E-06 1.40387E-08 2.34680E-10
 -1      1612-3.41472E-06 4.23628E-08-2.34680E-10
 -1      1613-3.44802E-06-4.46623E-09 2.55711E-10
 -1      1615 3.42512E-06 4.98927E-09-2.55711E-10
 -1      1616-3.40614E-06-2.18130E-08-1.07916E-05
 -1      1618 3.38023E-06 2.43917E-08-1.07921E-05
 -1      1619-3.28680E-06-4.53722E-08-2.13195E-05
 -1      1621 3.25801E-06 5.00404E-08-2.13199E-05
 -1      1622-3.10854E-06-6.68165E-08-3.13708E-05
 -1      1624 3.07714E-06 7.35943E-08-3.13711E-05
 -1      1625-2.88168E-06-8.72531E-08-4.07766E-05
 -1      1627 2.84801E-06 9.61524E-08-4.07769E-05
 -1      1628-2.61605E-06-1.06061E-07-4.94004E-05
 -1      1630 2.58052E-06 1.17088E-07-4.94006E-05
 -1      1631-2.31976E-06-1.22991E-07-5.71335E-05
 -1      1633 2.28276E-06 1.36152E-07-5.71336E-05
 -1      1634-1.99958E-06-1.37779E-07-6.38909E-05
 -1      1636 1.96151E-06 1.53077E-07-6.38909E-05
 -1      1637-1.66112E-06-1.50216E-07-6.96071E-05
 -1      1639 1.62234E-06 1.67656E-07-6.96070E-05
 -1      1640-1.30901E-06-1.60134E-07-7.42323E-05
 -1      1642 1.26983E-06 1.79722E-07-7.42321E-05
 -1      1643-9.47081E-07-1.67406E-07-7.77302E-05
 -1      1645 9.07760E-07 1.89149E-07-7.77300E-05
 -1      1646-5.78573E-07-1.71940E-07-8.00754E-05
 -1      1648 5.39286E-07 1.95845E-07-8.00751E-05
 -1      1649-2.06285E-07-1.73676E-07-8.12519E-05
 -1      1651 1.67143E-07 1.99752E-07-8.12516E-05
 -1      1652 1.67233E-07-1.72586E-07-8.12519E-05
 -1      1654-2.06195E-07 2.00842E-07-8.12516E-05
 -1      1655 5.39518E-07-1.68669E-07-8.00754E-05
 -1      1657-5.78340E-07 1.99116E-07-8.00751E-05
 -1      1658 9.08021E-07-1.61954E-07-7.77302E-05
 -1      1660-9.46819E-07 1.94601E-07-7.77300E-05
 -1      1661 1.26994E-06-1.52500E-07-7.42323E-05
 -1      1663-1.30890E-06 1.87356E-07-7.42321E-05
 -1      1664 1.62205E-06-1.40399E-07-6.96071E-05
 -1      1666-1.66142E-06 1.77472E-07-6.96070E-05
 -1      1667 1.96050E-06-1.25779E-07-6.38910E-05
 -1      1669-2.00059E-06 1.65077E-07-6.38909E-05
 -1      1670 2.28068E-06-1.08806E-07-5.71335E-05
 -1      1672-2.32184E-06 1.50336E-07-5.71336E-05
 -1      1673 2.57698E-06-8.96907E-08-4.94004E-05
 -1      1675-2.61960E-06 1.33458E-07-4.94006E-05
 -1      1676 2.84261E-06-6.86971E-08-4.07766E-05
 -1      1678-2.88708E-06 1.14708E-07-4.07769E-05
 -1      1679 3.06948E-06-4.60743E-08-3.13708E-05
 -1      1681-3.11620E-06 9.43362E-08-3.13711E-05
 -1      1682 3.24776E-06-2.24443E-08-2.13195E-05
 -1      1684-3.29705E-06 7.29680E-08-2.13199E-05
 -1      1685 3.36712E-06 3.29976E-09-1.07916E-05
 -1      1687-3.41925E-06 4.95041E-08-1.07921E-05
 -1      1688 3.40904E-06 2.28297E-08 2.46109E-10
 -1      1690-3.46411E-06 3.22849E-08-2.46109E-10
 -1      1691-3.44911E-06 4.46605E-09 2.55711E-10
 -1      1693 3.42403E-06-4.98909E-09-2.55711E-10
 -1      1694-3.40723E-06 2.39912E-08-1.07916E-05
 -1      1696 3.37914E-06-2.22131E-08-1.07921E-05
 -1      1697-3.28789E-06 4.97289E-08-2.13195E-05
 -1      1699 3.25692E-06-4.56834E-08-2.13199E-05
 -1      1700-3.10963E-06 7.33515E-08-3.13708E-05
 -1      1702 3.07605E-06-6.70589E-08-3.13711E-05
 -1      1703-2.88277E-06 9.59666E-08-4.07766E-05
 -1      1705 2.84692E-06-8.74386E-08-4.07769E-05
 -1      1706-2.61714E-06 1.16953E-07-4.94004E-05
 -1      1708 2.57943E-06-1.06196E-07-4.94006E-05
 -1      1709-2.32085E-06 1.36061E-07-5.71335E-05
 -1      1711 2.28167E-06-1.23081E-07-5.71336E-05
 -1      1712-2.00067E-06 1.53027E-07-6.38909E-05
 -1      1714 1.96042E-06-1.37828E-07-6.38909E-05
 -1      1715-1.66221E-06 1.67643E-07-6.96071E-05
 -1      1717 1.62126E-06-1.50229E-07-6.96070E-05
 -1      1718-1.31010E-06 1.79740E-07-7.42323E-05
 -1      1720 1.26874E-06-1.60116E-07-7.42321E-05
 -1      1721-9.48170E-07 1.89190E-07-7.77302E-05
 -1      1723 9.06671E-07-1.67364E-07-7.77300E-05
 -1      1724-5.79662E-07 1.95902E-07-8.00754E-05
 -1      1726 5.38197E-07-1.71882E-07-8.00751E-05
 -1      1727-2.07374E-07 1.99817E-07-8.12519E-05
 -1      1729 1.66054E-07-1.73611E-07-8.12516E-05
 -1      1730 1.66144E-07 2.00905E-07-8.12519E-05
 -1      1732-2.07284E-07-1.72523E-07-8.12516E-05
 -1      1733 5.38429E-07 1.99167E-07-8.00754E-05
 -1      1735-5.79430E-07-1.68618E-07-8.00751E-05
 -1      1736 9.06932E-07 1.94630E-07-7.77302E-05
 -1      1738-9.47908E-07-1.61924E-07-7.77300E-05
 -1      1739 1.26885E-06 1.87355E-07-7.42323E-05
 -1      1741-1.30999E-06-1.52501E-07-7.42321E-05
 -1      1742 1.62096E-06 1.77432E-07-6.96071E-05
 -1      1744-1.66251E-06-1.40439E-07-6.96070E-05
 -1      1745 1.95941E-06 1.64990E-07-6.38910E-05
 -1      1747-2.00168E-06-1.25866E-07-6.38909E-05
 -1      1748 2.27959E-06 1.50196E-07-5.71335E-05
 -1      1750-2.32293E-06-1.08946E-07-5.71336E-05
 -1      1751 2.57589E-06 1.33259E-07-4.94004E-05
 -1      1753-2.62069E-06-8.98900E-08-4.94006E-05
 -1      1754 2.84152E-06 1.14444E-07-4.07766E-05
 -1      1756-2.88817E-06-6.89616E-08-4.07769E-05
 -1      1757 3.06839E-06 9.39996E-08-3.13708E-05
 -1      1759-3.11729E-06-4.64112E-08-3.13711E-05
 -1      1760 3.24667E-06 7.25480E-08-2.13195E-05
 -1      1762-3.29814E-06-2.28646E-08-2.13199E-05
 -1      1763 3.36603E-06 4.89824E-08-1.07916E-05
 -1      1765-3.42034E-06 2.77767E-09-1.07921E-05
 -1      1766 3.40795E-06 3.16308E-08 2.46109E-10
 -1      1768-3.46520E-06 2.21753E-08-2.46109E-10
 -1      1769-3.40220E-06 1.33891E-08 2.44412E-10
 -1      1771 3.37465E-06-1.49350E-08-2.44412E-10
 -1      1772-3.36072E-06 6.96993E-08-1.06404E-05
 -1      1774 3.33024E-06-6.87081E-08-1.06409E-05
 -1      1775-3.24266E-06 1.44614E-07-2.10198E-05
 -1      1777 3.20937E-06-1.41186E-07-2.10202E-05
 -1      1778-3.06648E-06 2.13184E-07-3.09280E-05
 -1      1780 3.03064E-06-2.07378E-07-3.09284E-05
 -1      1781-2.84243E-06 2.78724E-07-4.01986E-05
 -1      1783 2.80438E-06-2.70575E-07-4.01989E-05
 -1      1784-2.58027E-06 3.39373E-07-4.86971E-05
 -1      1786 2.54040E-06-3.28902E-07-4.86973E-05
 -1      1787-2.28801E-06 3.94390E-07-5.63169E-05
 -1      1789 2.24670E-06-3.81610E-07-5.63169E-05
 -1      1790-1.97233E-06 4.42984E-07-6.29744E-05
 -1      1792 1.92997E-06-4.27907E-07-6.29744E-05
 -1      1793-1.63874E-06 4.84535E-07-6.86055E-05
 -1      1795 1.59569E-06-4.67175E-07-6.86054E-05
 -1      1796-1.29180E-06 5.18546E-07-7.31615E-05
 -1      1798 1.24834E-06-4.98919E-07-7.31613E-05
 -1      1799-9.35261E-07 5.44639E-07-7.66068E-05
 -1      1801 8.91645E-07-5.22765E-07-7.66066E-05
 -1      1802-5.72291E-07 5.62541E-07-7.89167E-05
 -1      1804 5.28693E-07-5.38442E-07-7.89164E-05
 -1      1805-2.05630E-07 5.72078E-07-8.00754E-05
 -1      1807 1.62155E-07-5.45780E-07-8.00751E-05
 -1      1808 1.62234E-07 5.73164E-07-8.00754E-05
 -1      1810-2.05550E-07-5.44694E-07-8.00751E-05
 -1      1811 5.28893E-07 5.65799E-07-7.89167E-05
 -1      1813-5.72091E-07-5.35185E-07-7.89164E-05
 -1      1814 8.91857E-07 5.50067E-07-7.66068E-05
 -1      1816-9.35048E-07-5.17336E-07-7.66066E-05
 -1      1817 1.24839E-06 5.26143E-07-7.31615E-05
 -1      1819-1.29175E-06-4.91322E-07-7.31613E-05
 -1      1820 1.59532E-06 4.94298E-07-6.86055E-05
 -1      1822-1.63910E-06-4.57412E-07-6.86054E-05
 -1      1823 1.92890E-06 4.54910E-07-6.29744E-05
 -1      1825-1.97340E-06-4.15981E-07-6.29744E-05
 -1      1826 2.24458E-06 4.08476E-07-5.63169E-05
 -1      1828-2.29013E-06-3.67524E-07-5.63169E-05
 -1      1829 2.53685E-06 3.55617E-07-4.86971E-05
 -1      1831-2.58383E-06-3.12658E-07-4.86973E-05
 -1      1832 2.79901E-06 2.97124E-07-4.01986E-05
 -1      1834-2.84780E-06-2.52176E-07-4.01989E-05
 -1      1835 3.02307E-06 2.33738E-07-3.09280E-05
 -1      1837-3.07405E-06-1.86824E-07-3.09284E-05
 -1      1838 3.19927E-06 1.67324E-07-2.10198E-05
 -1      1840-3.25276E-06-1.18476E-07-2.10202E-05
 -1      1841 3.31735E-06 9.45682E-08-1.06404E-05
 -1      1843-3.37361E-06-4.38395E-08-1.06409E-05
 -1      1844 3.35886E-06 4.04218E-08 2.34680E-10
 -1      1846-3.41799E-06 1.20974E-08-2.34680E-10
 -1      1847-3.30748E-06 2.22825E-08 2.22353E-10
 -1      1849 3.27720E-06-2.47823E-08-2.22353E-10
 -1      1850-3.26683E-06 1.15111E-07-1.03386E-05
 -1      1852 3.23376E-06-1.14866E-07-1.03390E-05
 -1      1853-3.15134E-06 2.38836E-07-2.04217E-05
 -1      1855 3.11560E-06-2.36007E-07-2.04221E-05
 -1      1856-2.97933E-06 3.51985E-07-3.00446E-05
 -1      1858 2.94116E-06-3.46668E-07-3.00449E-05
 -1      1859-2.76092E-06 4.60060E-07-3.90455E-05
 -1      1861 2.72065E-06-4.52312E-07-3.90457E-05
 -1      1862-2.50571E-06 5.59971E-07-4.72943E-05
 -1      1864 2.46370E-06-5.49824E-07-4.72944E-05
 -1      1865-2.22150E-06 6.50493E-07-5.46881E-05
 -1      1867 2.17812E-06-6.37968E-07-5.46882E-05
 -1      1868-1.91479E-06 7.30326E-07-6.11467E-05
 -1      1870 1.87040E-06-7.15442E-07-6.11467E-05
 -1      1871-1.59093E-06 7.98457E-07-6.66084E-05
 -1      1873 1.54585E-06-7.81234E-07-6.66083E-05
 -1      1874-1.25430E-06 8.54075E-07-7.10266E-05
 -1      1876 1.20881E-06-8.34538E-07-7.10265E-05
 -1      1877-9.08490E-07 8.96565E-07-7.43673E-05
 -1      1879 8.62820E-07-8.74744E-07-7.43671E-05
 -1      1880-5.56545E-07 9.25487E-07-7.66068E-05
 -1      1882 5.10859E-07-9.01418E-07-7.66066E-05
 -1      1883-2.01079E-07 9.40560E-07-7.77302E-05
 -1      1885 1.55476E-07-9.14281E-07-7.77300E-05
 -1      1886 1.55532E-07 9.41644E-07-7.77302E-05
 -1      1888-2.01022E-07-9.13197E-07-7.77300E-05
 -1      1889 5.10995E-07 9.28739E-07-7.66068E-05
 -1      1891-5.56408E-07-8.98166E-07-7.66066E-05
 -1      1892 8.62935E-07 9.01983E-07-7.43673E-05
 -1      1894-9.08374E-07-8.69327E-07-7.43672E-05
 -1      1895 1.20873E-06 8.61656E-07-7.10266E-05
 -1      1897-1.25437E-06-8.26958E-07-7.10265E-05
 -1      1898 1.54536E-06 8.08196E-07-6.66084E-05
 -1      1900-1.59142E-06-7.71496E-07-6.66083E-05
 -1      1901 1.86922E-06 7.42219E-07-6.11468E-05
 -1      1903-1.91598E-06-7.03550E-07-6.11467E-05
 -1      1904 2.17591E-06 6.64533E-07-5.46881E-05
 -1      1906-2.22370E-06-6.23928E-07-5.46882E-05
 -1      1907 2.46012E-06 5.76154E-07-4.72943E-05
 -1      1909-2.50928E-06-5.33641E-07-4.72944E-05
 -1      1910 2.71534E-06 4.78382E-07-3.90455E-05
 -1      1912-2.76624E-06-4.33991E-07-3.90457E-05
 -1      1913 2.93376E-06 3.72445E-07-3.00446E-05
 -1      1915-2.98674E-06-3.26209E-07-3.00449E-05
 -1      1916 3.10578E-06 2.61435E-07-2.04218E-05
 -1      1918-3.16115E-06-2.13408E-07-2.04221E-05
 -1      1919 3.22130E-06 1.39855E-07-1.03386E-05
 -1      1921-3.27929E-06-9.01215E-08-1.03390E-05
 -1      1922 3.26198E-06 4.91805E-08 2.12345E-10
 -1      1924-3.32270E-06 2.11524E-09-2.12345E-10
 -1      1925-3.16539E-06 3.11194E-08 1.90603E-10
 -1      1927 3.13216E-06-3.44613E-08-1.90603E-10
 -1      1928-3.12600E-06 1.60000E-07-9.88766E-06
 -1      1930 3.09018E-06-1.60435E-07-9.88803E-06
 -1      1931-3.01439E-06 3.31892E-07-1.95283E-05
 -1      1933 2.97610E-06-3.29635E-07-1.95286E-05
 -1      1934-2.84868E-06 4.88976E-07-2.87250E-05
 -1      1936 2.80814E-06-4.84155E-07-2.87253E-05
 -1      1937-2.63877E-06 6.38905E-07-3.73234E-05
 -1      1939 2.59628E-06-6.31594E-07-3.73236E-05
 -1      1940-2.39398E-06 7.77375E-07-4.51997E-05
 -1      1942 2.34987E-06-7.67616E-07-4.51998E-05
 -1      1943-2.12185E-06 9.02701E-07-5.22568E-05
 -1      1945 2.07645E-06-8.90521E-07-5.22569E-05
 -1      1946-1.82858E-06 1.01310E-06-5.84190E-05
 -1      1948 1.78222E-06-9.98522E-07-5.84190E-05
 -1      1949-1.51924E-06 1.10719E-06-6.36284E-05
 -1      1951 1.47221E-06-1.09024E-06-6.36284E-05
 -1      1952-1.19796E-06 1.18389E-06-6.78416E-05
 -1      1954 1.15051E-06-1.16459E-06-6.78415E-05
 -1      1955-8.68139E-07 1.24235E-06-7.10266E-05
 -1      1957 8.20475E-07-1.22075E-06-7.10265E-05
 -1      1958-5.32599E-07 1.28200E-06-7.31615E-05
 -1      1960 4.84867E-07-1.25814E-06-7.31613E-05
 -1      1961-1.93783E-07 1.30246E-06-7.42323E-05
 -1      1963 1.46074E-07-1.27638E-06-7.42321E-05
 -1      1964 1.46098E-07 1.30354E-06-7.42323E-05
 -1      1966-1.93758E-07-1.27530E-06-7.42321E-05
 -1      1967 4.84911E-07 1.28525E-06-7.31615E-05
 -1      1969-5.32554E-07-1.25489E-06-7.31613E-05
 -1      1970 8.20445E-07 1.24776E-06-7.10266E-05
 -1      1972-8.68168E-07-1.21534E-06-7.10265E-05
 -1      1973 1.15026E-06 1.19145E-06-6.78416E-05
 -1      1975-1.19822E-06-1.15703E-06-6.78415E-05
 -1      1976 1.47153E-06 1.11691E-06-6.36284E-05
 -1      1978-1.51992E-06-1.08052E-06-6.36284E-05
 -1      1979 1.78086E-06 1.02496E-06-5.84190E-05
 -1      1981-1.82994E-06-9.86661E-07-5.84190E-05
 -1      1982 2.07412E-06 9.16698E-07-5.22568E-05
 -1      1984-2.12418E-06-8.76524E-07-5.22569E-05
 -1      1985 2.34625E-06 7.93500E-07-4.51997E-05
 -1      1987-2.39761E-06-7.51492E-07-4.51998E-05
 -1      1988 2.59104E-06 6.57151E-07-3.73234E-05
 -1      1990-2.64402E-06-6.13348E-07-3.73236E-05
 -1      1991 2.80095E-06 5.09342E-07-2.87250E-05
 -1      1993-2.85587E-06-4.63790E-07-2.87253E-05
 -1      1994 2.96668E-06 3.54379E-07-1.95283E-05
 -1      1996-3.02381E-06-3.07148E-07-1.95286E-05
 -1      1997 3.07831E-06 1.84617E-07-9.88767E-06
 -1      1999-3.13786E-06-1.35819E-07-9.88802E-06
 -1      2000 3.11774E-06 5.78777E-08 1.80140E-10
 -1      2002-3.17981E-06-7.70345E-09-1.80140E-10
 -1      2003-2.97661E-06 3.98627E-08 1.50748E-10
 -1      2005 2.94026E-06-4.38964E-08-1.50748E-10
 -1      2006-2.93893E-06 2.04098E-07-9.28982E-06
 -1      2008 2.90024E-06-2.05123E-07-9.29011E-06
 -1      2009-2.83258E-06 4.23190E-07-1.83440E-05
 -1      2011 2.79166E-06-4.21468E-07-1.83442E-05
 -1      2012-2.67533E-06 6.23239E-07-2.69763E-05
 -1      2014 2.63240E-06-6.18924E-07-2.69765E-05
 -1      2015-2.47681E-06 8.13996E-07-3.50419E-05
 -1      2017 2.43212E-06-8.07173E-07-3.50421E-05
 -1      2018-2.24596E-06 9.89974E-07-4.24257E-05
 -1      2020 2.19980E-06-9.80691E-07-4.24259E-05
 -1      2021-1.98991E-06 1.14906E-06-4.90379E-05
 -1      2023 1.94256E-06-1.13734E-06-4.90380E-05
 -1      2024-1.71448E-06 1.28902E-06-5.48089E-05
 -1      2026 1.66622E-06-1.27490E-06-5.48089E-05
 -1      2027-1.42437E-06 1.40816E-06-5.96856E-05
 -1      2029 1.37546E-06-1.39167E-06-5.96856E-05
 -1      2030-1.12339E-06 1.50515E-06-6.36284E-05
 -1      2032 1.07405E-06-1.48630E-06-6.36284E-05
 -1      2033-8.14647E-07 1.57897E-06-6.66084E-05
 -1      2035 7.65045E-07-1.55782E-06-6.66083E-05
 -1      2036-5.00723E-07 1.62892E-06-6.86055E-05
 -1      2038 4.50987E-07-1.60551E-06-6.86054E-05
 -1      2039-1.83833E-07 1.65455E-06-6.96071E-05
 -1      2041 1.34040E-07-1.62892E-06-6.96070E-05
 -1      2042 1.34022E-07 1.65563E-06-6.96071E-05
 -1      2044-1.83849E-07-1.62784E-06-6.96070E-05
 -1      2045 4.50910E-07 1.63216E-06-6.86055E-05
 -1      2047-5.00800E-07-1.60226E-06-6.86054E-05
 -1      2048 7.64828E-07 1.58437E-06-6.66084E-05
 -1      2050-8.14864E-07-1.55242E-06-6.66083E-05
 -1      2051 1.07356E-06 1.51270E-06-6.36284E-05
 -1      2053-1.12388E-06-1.47875E-06-6.36284E-05
 -1      2054 1.37453E-06 1.41786E-06-5.96856E-05
 -1      2056-1.42530E-06-1.38197E-06-5.96856E-05
 -1      2057 1.66462E-06 1.30085E-06-5.48089E-05
 -1      2059-1.71608E-06-1.26307E-06-5.48089E-05
 -1      2060 1.94005E-06 1.16301E-06-4.90379E-05
 -1      2062-1.99243E-06-1.12338E-06-4.90380E-05
 -1      2063 2.19609E-06 1.00605E-06-4.24258E-05
 -1      2065-2.24967E-06-9.64620E-07-4.24259E-05
 -1      2066 2.42694E-06 8.32171E-07-3.50419E-05
 -1      2068-2.48200E-06-7.88999E-07-3.50421E-05
 -1      2069 2.62546E-06 6.43512E-07-2.69763E-05
 -1      2071-2.68227E-06-5.98652E-07-2.69765E-05
 -1      2072 2.78272E-06 4.45563E-07-1.83440E-05
 -1      2074-2.84152E-06-3.99096E-07-1.83442E-05
 -1      2075 2.88910E-06 2.28580E-07-9.28983E-06
 -1      2077-2.95007E-06-1.80641E-07-9.29010E-06
 -1      2078 2.92681E-06 6.64735E-08 1.39592E-10
 -1      2080-2.99005E-06-1.72859E-08-1.39592E-10
 -1      2081-2.74214E-06 4.84569E-08 1.04866E-10
 -1      2083 2.70257E-06-5.30000E-08-1.04866E-10
 -1      2084-2.70665E-06 2.47070E-07-8.54834E-06
 -1      2086 2.66504E-06-2.48580E-07-8.54854E-06
 -1      2087-2.60698E-06 5.12003E-07-1.68755E-05
 -1      2089 2.56343E-06-5.10774E-07-1.68757E-05
 -1      2090-2.46045E-06 7.53651E-07-2.48087E-05
 -1      2092 2.41514E-06-7.49854E-07-2.48088E-05
 -1      2093-2.27628E-06 9.83791E-07-3.22151E-05
 -1      2095 2.22943E-06-9.77519E-07-3.22153E-05
 -1      2096-2.06289E-06 1.19580E-06-3.89904E-05
 -1      2098 2.01474E-06-1.18710E-06-3.89905E-05
 -1      2099-1.82689E-06 1.38718E-06-4.50534E-05
 -1      2101 1.77767E-06-1.37608E-06-4.50534E-05
 -1      2102-1.57362E-06 1.55532E-06-5.03419E-05
 -1      2104 1.52355E-06-1.54185E-06-5.03420E-05
 -1      2105-1.30731E-06 1.69826E-06-5.48089E-05
 -1      2107 1.25661E-06-1.68244E-06-5.48089E-05
 -1      2108-1.03139E-06 1.81447E-06-5.84190E-05
 -1      2110 9.80228E-07-1.79633E-06-5.84190E-05
 -1      2111-7.48628E-07 1.90281E-06-6.11467E-05
 -1      2113 6.97141E-07-1.88239E-06-6.11467E-05
 -1      2114-4.61297E-07 1.96248E-06-6.29744E-05
 -1      2116 4.09594E-07-1.93981E-06-6.29744E-05
 -1      2117-1.71356E-07 1.99299E-06-6.38910E-05
 -1      2119 1.19500E-07-1.96811E-06-6.38909E-05
 -1      2120 1.19432E-07 1.99407E-06-6.38910E-05
 -1      2122-1.71423E-07-1.96703E-06-6.38909E-05
 -1      2123 4.09370E-07 1.96573E-06-6.29744E-05
 -1      2125-4.61520E-07-1.93657E-06-6.29744E-05
 -1      2126 6.96695E-07 1.90821E-06-6.11468E-05
 -1      2128-7.49074E-07-1.87699E-06-6.11467E-05
 -1      2129 9.79452E-07 1.82202E-06-5.84190E-05
 -1      2131-1.03217E-06-1.78878E-06-5.84190E-05
 -1      2132 1.25536E-06 1.70795E-06-5.48089E-05
 -1      2134-1.30856E-06-1.67275E-06-5.48089E-05
 -1      2135 1.52165E-06 1.56713E-06-5.03420E-05
 -1      2137-1.57552E-06-1.53003E-06-5.03420E-05
 -1      2138 1.77491E-06 1.40111E-06-4.50534E-05
 -1      2140-1.82966E-06-1.36215E-06-4.50534E-05
 -1      2141 2.01089E-06 1.21183E-06-3.89904E-05
 -1      2143-2.06673E-06-1.17108E-06-3.89905E-05
 -1      2144 2.22428E-06 1.00190E-06-3.22152E-05
 -1      2146-2.28144E-06-9.59411E-07-3.22153E-05
 -1      2147 2.40845E-06 7.73833E-07-2.48087E-05
 -1      2149-2.46715E-06-7.29673E-07-2.48088E-05
 -1      2150 2.55499E-06 5.34258E-07-1.68755E-05
 -1      2152-2.61542E-06-4.88520E-07-1.68757E-05
 -1      2153 2.65468E-06 2.71410E-07-8.54835E-06
 -1      2155-2.71700E-06-2.24240E-07-8.54853E-06
 -1      2156 2.69021E-06 7.49089E-08 9.26851E-11
 -1      2158-2.75450E-06-2.65483E-08-9.26851E-11
 -1      2159-2.46337E-06 5.68395E-08 5.54971E-11
 -1      2161 2.42058E-06-6.16846E-08-5.54971E-11
 -1      2162-2.43059E-06 2.88493E-07-7.66773E-06
 -1      2164 2.38608E-06-2.90368E-07-7.66783E-06
 -1      2165-2.33913E-06 5.97418E-07-1.51320E-05
 -1      2167 2.29299E-06-5.96635E-07-1.51321E-05
 -1      2168-2.20567E-06 8.78797E-07-2.22364E-05
 -1      2170 2.15805E-06-8.75536E-07-2.22365E-05
 -1      2171-2.03887E-06 1.14635E-06-2.88626E-05
 -1      2173 1.98994E-06-1.14070E-06-2.88627E-05
 -1      2174-1.84648E-06 1.39239E-06-3.49185E-05
 -1      2176 1.79642E-06-1.38440E-06-3.49185E-05
 -1      2177-1.63446E-06 1.61411E-06-4.03334E-05
 -1      2179 1.58345E-06-1.60380E-06-4.03334E-05
 -1      2180-1.40753E-06 1.80859E-06-4.50534E-05
 -1      2182 1.35573E-06-1.79598E-06-4.50534E-05
 -1      2183-1.16941E-06 1.97368E-06-4.90379E-05
 -1      2185 1.11698E-06-1.95879E-06-4.90380E-05
 -1      2186-9.23077E-07 2.10772E-06-5.22568E-05
 -1      2188 8.70146E-07-2.09058E-06-5.22569E-05
 -1      2189-6.70893E-07 2.20950E-06-5.46881E-05
 -1      2191 6.17569E-07-2.19012E-06-5.46882E-05
 -1      2192-4.14819E-07 2.27815E-06-5.63169E-05
 -1      2194 3.61181E-07-2.25656E-06-5.63169E-05
 -1      2195-1.56523E-07 2.31315E-06-5.71335E-05
 -1      2197 1.02620E-07-2.28937E-06-5.71336E-05
 -1      2198 1.02495E-07 2.31423E-06-5.71335E-05
 -1      2200-1.56648E-07-2.28829E-06-5.71336E-05
 -1      2201 3.60788E-07 2.28139E-06-5.63169E-05
 -1      2203-4.15211E-07-2.25332E-06-5.63169E-05
 -1      2204 6.16857E-07 2.21489E-06-5.46881E-05
 -1      2206-6.71604E-07-2.18472E-06-5.46882E-05
 -1      2207 8.69033E-07 2.11526E-06-5.22568E-05
 -1      2209-9.24189E-07-2.08304E-06-5.22569E-05
 -1      2210 1.11536E-06 1.98336E-06-4.90379E-05
 -1      2212-1.17104E-06-1.94911E-06-4.90380E-05
 -1      2213 1.35346E-06 1.82039E-06-4.50534E-05
 -1      2215-1.40980E-06-1.78418E-06-4.50534E-05
 -1      2216 1.58037E-06 1.62801E-06-4.03334E-05
 -1      2218-1.63753E-06-1.58989E-06-4.03334E-05
 -1      2219 1.79237E-06 1.40838E-06-3.49185E-05
 -1      2221-1.85053E-06-1.36841E-06-3.49185E-05
 -1      2222 1.98475E-06 1.16440E-06-2.88626E-05
 -1      2224-2.04406E-06-1.12265E-06-2.88627E-05
 -1      2225 2.15155E-06 8.98890E-07-2.22364E-05
 -1      2227-2.21217E-06-8.55443E-07-2.22365E-05
 -1      2228 2.28501E-06 6.19550E-07-1.51321E-05
 -1      2230-2.34711E-06-5.74503E-07-1.51321E-05
 -1      2231 2.37649E-06 3.12680E-07-7.66774E-06
 -1      2233-2.44017E-06-2.66181E-07-7.66782E-06
 -1      2234 2.40931E-06 8.31157E-08 4.17974E-11
 -1      2236-2.47464E-06-3.54086E-08-4.17974E-11
 -1      2237-2.14213E-06 6.48529E-08 5.61900E-12
 -1      2239 2.09624E-06-6.97760E-08-5.61900E-12
 -1      2240-2.11266E-06 3.27835E-07-6.65408E-06
 -1      2242 2.06535E-06-3.29945E-07-6.65407E-06
 -1      2243-2.03107E-06 6.78258E-07-1.31261E-05
 -1      2245 1.98245E-06-6.77878E-07-1.31261E-05
 -1      2246-1.91316E-06 9.96862E-07-1.92788E-05
 -1      2248 1.86334E-06-9.94162E-07-1.92788E-05
 -1      2249-1.76683E-06 1.29920E-06-2.50107E-05
 -1      2251 1.71594E-06-1.29426E-06-2.50107E-05
 -1      2252-1.59897E-06 1.57662E-06-3.02436E-05
 -1      2254 1.54713E-06-1.56948E-06-3.02437E-05
 -1      2255-1.41475E-06 1.82612E-06-3.49185E-05
 -1      2257 1.36205E-06-1.81678E-06-3.49185E-05
 -1      2258-1.21817E-06 2.04457E-06-3.89904E-05
 -1      2260 1.16473E-06-2.03306E-06-3.89905E-05
 -1      2261-1.01237E-06 2.22972E-06-4.24257E-05
 -1      2263 9.58291E-07-2.21604E-06-4.24259E-05
 -1      2264-7.99815E-07 2.37984E-06-4.51997E-05
 -1      2266 7.45177E-07-2.36401E-06-4.51998E-05
 -1      2267-5.82457E-07 2.49369E-06-4.72943E-05
 -1      2269 5.27338E-07-2.47571E-06-4.72944E-05
 -1      2270-3.61910E-07 2.57041E-06-4.86971E-05
 -1      2272 3.06366E-07-2.55027E-06-4.86973E-05
 -1      2273-1.39542E-07 2.60943E-06-4.94004E-05
 -1      2275 8.36072E-08-2.58714E-06-4.94006E-05
 -1      2276 8.34165E-08 2.61051E-06-4.94004E-05
 -1      2278-1.39732E-07-2.58606E-06-4.94006E-05
 -1      2279 3.05783E-07 2.57365E-06-4.86971E-05
 -1      2281-3.62492E-07-2.54703E-06-4.86973E-05
 -1      2282 5.26327E-07 2.49909E-06-4.72943E-05
 -1      2284-5.83467E-07-2.47032E-06-4.72944E-05
 -1      2285 7.43680E-07 2.38738E-06-4.51997E-05
 -1      2287-8.01311E-07-2.35647E-06-4.51998E-05
 -1      2288 9.56232E-07 2.23939E-06-4.24258E-05
 -1      2290-1.01443E-06-2.20637E-06-4.24259E-05
 -1      2291 1.16202E-06 2.05636E-06-3.89904E-05
 -1      2293-1.22088E-06-2.02126E-06-3.89905E-05
 -1      2294 1.35858E-06 1.84001E-06-3.49185E-05
 -1      2296-1.41822E-06-1.80289E-06-3.49185E-05
 -1      2297 1.54279E-06 1.59259E-06-3.02436E-05
 -1      2299-1.60331E-06-1.55351E-06-3.02437E-05
 -1      2300 1.71062E-06 1.31720E-06-2.50107E-05
 -1      2302-1.77215E-06-1.27625E-06-2.50107E-05
 -1      2303 1.85694E-06 1.01688E-06-1.92788E-05
 -1      2305-1.91957E-06-9.74149E-07-1.92788E-05
 -1      2306 1.97485E-06 7.00267E-07-1.31261E-05
 -1      2308-2.03867E-06-6.55870E-07-1.31260E-05
 -1      2309 2.05646E-06 3.51852E-07-6.65409E-06
 -1      2311-2.12155E-06-3.05928E-07-6.65406E-06
 -1      2312 2.08598E-06 9.09281E-08-1.03624E-11
 -1      2314-2.15239E-06-4.37010E-08 1.03624E-11
 -1      2315-1.78110E-06 7.26198E-08-4.12702E-11
 -1      2317 1.73229E-06-7.73870E-08 4.12702E-11
 -1      2318-1.75561E-06 3.64364E-07-5.51542E-06
 -1      2320 1.70569E-06-3.66581E-07-5.51532E-06
 -1      2321-1.68578E-06 7.52993E-07-1.08743E-05
 -1      2323 1.63486E-06-7.52979E-07-1.08742E-05
 -1      2324-1.58607E-06 1.10547E-06-1.59616E-05
 -1      2326 1.53423E-06-1.10337E-06-1.59615E-05
 -1      2327-1.46337E-06 1.43909E-06-2.06946E-05
 -1      2329 1.41067E-06-1.43495E-06-2.06946E-05
 -1      2330-1.32348E-06 1.74447E-06-2.50107E-05
 -1      2332 1.26997E-06-1.73830E-06-2.50107E-05
 -1      2333-1.17066E-06 2.01849E-06-2.88626E-05
 -1      2335 1.11639E-06-2.01031E-06-2.88627E-05
 -1      2336-1.00815E-06 2.25795E-06-3.22151E-05
 -1      2338 9.53158E-07-2.24776E-06-3.22153E-05
 -1      2339-8.38418E-07 2.46056E-06-3.50419E-05
 -1      2341 7.82752E-07-2.44838E-06-3.50420E-05
 -1      2342-6.63395E-07 2.62462E-06-3.73234E-05
 -1      2344 6.07104E-07-2.61043E-06-3.73236E-05
 -1      2345-4.84624E-07 2.74891E-06-3.90455E-05
 -1      2347 4.27750E-07-2.73267E-06-3.90457E-05
 -1      2348-3.03363E-07 2.83256E-06-4.01986E-05
 -1      2350 2.45937E-07-2.81426E-06-4.01989E-05
 -1      2351-1.20682E-07 2.87505E-06-4.07766E-05
 -1      2353 6.27241E-08-2.85464E-06-4.07769E-05
 -1      2354 6.24616E-08 2.87614E-06-4.07766E-05
 -1      2356-1.20943E-07-2.85356E-06-4.07769E-05
 -1      2357 2.45144E-07 2.83580E-06-4.01986E-05
 -1      2359-3.04156E-07-2.81102E-06-4.01989E-05
 -1      2360 4.26405E-07 2.75430E-06-3.90455E-05
 -1      2362-4.85967E-07-2.72728E-06-3.90457E-05
 -1      2363 6.05178E-07 2.63216E-06-3.73234E-05
 -1      2365-6.65321E-07-2.60289E-06-3.73236E-05
 -1      2366 7.80200E-07 2.47024E-06-3.50419E-05
 -1      2368-8.40969E-07-2.43870E-06-3.50421E-05
 -1      2369 9.49931E-07 2.26974E-06-3.22152E-05
 -1      2371-1.01138E-06-2.23597E-06-3.22153E-05
 -1      2372 1.11243E-06 2.03238E-06-2.88626E-05
 -1      2374-1.17462E-06-1.99643E-06-2.88627E-05
 -1      2375 1.26524E-06 1.76042E-06-2.50107E-05
 -1      2377-1.32822E-06-1.72235E-06-2.50107E-05
 -1      2378 1.40510E-06 1.45706E-06-2.06947E-05
 -1      2380-1.46894E-06-1.41697E-06-2.06946E-05
 -1      2381 1.52778E-06 1.12542E-06-1.59616E-05
 -1      2383-1.59252E-06-1.08342E-06-1.59615E-05
 -1      2384 1.62748E-06 7.74879E-07-1.08743E-05
 -1      2386-1.69316E-06-7.31093E-07-1.08741E-05
 -1      2387 1.69732E-06 3.88190E-07-5.51543E-06
 -1      2389-1.76398E-06-3.42755E-07-5.51530E-06
 -1      2390 1.72287E-06 9.84554E-08-6.09022E-11
 -1      2392-1.79053E-06-5.15517E-08 6.09022E-11
 -1      2393-1.38274E-06 7.88602E-08-8.10674E-11
 -1      2395 1.33133E-06-8.32263E-08 8.10674E-11
 -1      2396-1.36207E-06 3.97210E-07-4.26269E-06
 -1      2398 1.30982E-06-3.99410E-07-4.26250E-06
 -1      2399-1.30608E-06 8.19609E-07-8.39869E-06
 -1      2401 1.25311E-06-8.19948E-07-8.39851E-06
 -1      2402-1.22749E-06 1.20139E-06-1.23193E-05
 -1      2404 1.17385E-06-1.19995E-06-1.23191E-05
 -1      2405-1.13157E-06 1.56178E-06-1.59616E-05
 -1      2407 1.07726E-06-1.55852E-06-1.59615E-05
 -1      2408-1.02302E-06 1.89079E-06-1.92788E-05
 -1      2410 9.68007E-07-1.88572E-06-1.92788E-05
 -1      2411-9.05032E-07 2.18529E-06-2.22364E-05
 -1      2413 8.49301E-07-2.17843E-06-2.22365E-05
 -1      2414-7.79981E-07 2.44212E-06-2.48087E-05
 -1      2416 7.23525E-07-2.43348E-06-2.48088E-05
 -1      2417-6.49671E-07 2.65908E-06-2.69763E-05
 -1      2419 5.92493E-07-2.64865E-06-2.69765E-05
 -1      2420-5.15511E-07 2.83454E-06-2.87250E-05
 -1      2422 4.57621E-07-2.82228E-06-2.87253E-05
 -1      2423-3.78623E-07 2.96732E-06-3.00446E-05
 -1      2425 3.20031E-07-2.95317E-06-3.00449E-05
 -1      2426-2.39925E-07 3.05661E-06-3.09280E-05
 -1      2428 1.80638E-07-3.04051E-06-3.09284E-05
 -1      2429-1.00193E-07 3.10192E-06-3.13708E-05
 -1      2431 4.02182E-08-3.08375E-06-3.13711E-05
 -1      2432 3.98763E-08 3.10301E-06-3.13708E-05
 -1      2434-1.00534E-07-3.08267E-06-3.13711E-05
 -1      2435 1.79612E-07 3.05985E-06-3.09280E-05
 -1      2437-2.40951E-07-3.03727E-06-3.09284E-05
 -1      2438 3.18316E-07 2.97271E-06-3.00446E-05
 -1      2440-3.80337E-07-2.94778E-06-3.00449E-05
 -1      2441 4.55213E-07 2.84208E-06-2.87250E-05
 -1      2443-5.17918E-07-2.81474E-06-2.87253E-05
 -1      2444 5.89383E-07 2.66876E-06-2.69763E-05
 -1      2446-6.52780E-07-2.63898E-06-2.69765E-05
 -1      2447 7.19704E-07 2.45391E-06-2.48087E-05
 -1      2449-7.83802E-07-2.42169E-06-2.48088E-05
 -1      2450 8.44762E-07 2.19918E-06-2.22364E-05
 -1      2452-9.09570E-07-2.16454E-06-2.22365E-05
 -1      2453 9.62748E-07 1.90673E-06-1.92788E-05
 -1      2455-1.02828E-06-1.86977E-06-1.92788E-05
 -1      2456 1.07129E-06 1.57974E-06-1.59616E-05
 -1      2458-1.13755E-06-1.54056E-06-1.59615E-05
 -1      2459 1.16718E-06 1.22130E-06-1.23193E-05
 -1      2461-1.23416E-06-1.18004E-06-1.23191E-05
 -1      2462 1.24574E-06 8.41385E-07-8.39870E-06
 -1      2464-1.31345E-06-7.98173E-07-8.39850E-06
 -1      2465 1.30174E-06 4.20819E-07-4.26270E-06
 -1      2467-1.37016E-06-3.75801E-07-4.26248E-06
 -1      2468 1.32246E-06 1.04393E-07-1.06788E-10
 -1      2470-1.39160E-06-5.76935E-08 1.06788E-10
 -1      2471-9.56091E-07 8.74184E-08-1.07269E-10
 -1      2473 9.02506E-07-9.10980E-08 1.07269E-10
 -1      2474-9.41698E-07 4.25040E-07-2.90931E-06
 -1      2476 8.87481E-07-4.27114E-07-2.90906E-06
 -1      2477-9.02498E-07 8.74789E-07-5.72951E-06
 -1      2479 8.47836E-07-8.75545E-07-5.72927E-06
 -1      2480-8.47330E-07 1.27996E-06-8.39870E-06
 -1      2482 7.92227E-07-1.27923E-06-8.39850E-06
 -1      2483-7.80829E-07 1.66148E-06-1.08743E-05
 -1      2485 7.25143E-07-1.65916E-06-1.08741E-05
 -1      2486-7.06241E-07 2.00869E-06-1.31261E-05
 -1      2488 6.49895E-07-2.00482E-06-1.31260E-05
 -1      2489-6.25556E-07 2.31876E-06-1.51321E-05
 -1      2491 5.68497E-07-2.31336E-06-1.51321E-05
 -1      2492-5.40296E-07 2.58866E-06-1.68755E-05
 -1      2494 4.82482E-07-2.58175E-06-1.68757E-05
 -1      2495-4.51631E-07 2.81634E-06-1.83440E-05
 -1      2497 3.93027E-07-2.80790E-06-1.83442E-05
 -1      2498-3.60475E-07 3.00027E-06-1.95283E-05
 -1      2500 3.01052E-07-2.99022E-06-1.95286E-05
 -1      2501-2.67554E-07 3.13934E-06-2.04218E-05
 -1      2503 2.07289E-07-3.12759E-06-2.04221E-05
 -1      2504-1.73462E-07 3.23281E-06-2.10198E-05
 -1      2506 1.12338E-07-3.21922E-06-2.10202E-05
 -1      2507-7.87010E-08 3.28020E-06-2.13195E-05
 -1      2509 1.67118E-08-3.26461E-06-2.13199E-05
 -1      2510 1.62798E-08 3.28128E-06-2.13195E-05
 -1      2512-7.91324E-08-3.26353E-06-2.13199E-05
 -1      2513 1.11048E-07 3.23605E-06-2.10198E-05
 -1      2515-1.74753E-07-3.21598E-06-2.10202E-05
 -1      2516 2.05153E-07 3.14474E-06-2.04218E-05
 -1      2518-2.69690E-07-3.12220E-06-2.04221E-05
 -1      2519 2.98093E-07 3.00781E-06-1.95283E-05
 -1      2521-3.63434E-07-2.98268E-06-1.95286E-05
 -1      2522 3.89273E-07 2.82601E-06-1.83440E-05
 -1      2524-4.55385E-07-2.79822E-06-1.83442E-05
 -1      2525 4.77967E-07 2.60045E-06-1.68755E-05
 -1      2527-5.44810E-07-2.56996E-06-1.68757E-05
 -1      2528 5.63259E-07 2.33264E-06-1.51321E-05
 -1      2530-6.30794E-07-2.29948E-06-1.51321E-05
 -1      2531 6.43975E-07 2.02464E-06-1.31261E-05
 -1      2533-7.12161E-07-1.98888E-06-1.31260E-05
 -1      2534 7.18587E-07 1.67944E-06-1.08743E-05
 -1      2536-7.87384E-07-1.64120E-06-1.08741E-05
 -1      2537 7.85094E-07 1.29987E-06-8.39870E-06
 -1      2539-8.54464E-07-1.25932E-06-8.39850E-06
 -1      2540 8.40213E-07 8.96505E-07-5.72952E-06
 -1      2542-9.10120E-07-8.53829E-07-5.72926E-06
 -1      2543 8.79385E-07 4.48403E-07-2.90933E-06
 -1      2545-9.49795E-07-4.03751E-07-2.90904E-06
 -1      2546 8.93846E-07 1.12536E-07-1.45089E-10
 -1      2548-9.64750E-07-6.59809E-08 1.45089E-10
 -1      2549-4.81842E-07 8.65136E-08-8.84545E-11
 -1      2551 4.26631E-07-8.89619E-08 8.84545E-11
 -1      2552-4.73880E-07 4.45076E-07-1.47650E-06
 -1      2554 4.18324E-07-4.47129E-07-1.47618E-06
 -1      2555-4.53950E-07 9.13934E-07-2.90933E-06
 -1      2557 3.98203E-07-9.15246E-07-2.90904E-06
 -1      2558-4.26444E-07 1.33597E-06-4.26271E-06
 -1      2560 3.70176E-07-1.33593E-06-4.26248E-06
 -1      2561-3.93904E-07 1.73132E-06-5.51544E-06
 -1      2563 3.37042E-07-1.72997E-06-5.51529E-06
 -1      2564-3.57648E-07 2.09032E-06-6.65410E-06
 -1      2566 3.00132E-07-2.08770E-06-6.65405E-06
 -1      2567-3.18551E-07 2.41025E-06-7.66775E-06
 -1      2569 2.60311E-07-2.40641E-06-7.66781E-06
 -1      2570-2.77344E-07 2.68836E-06-8.54836E-06
 -1      2572 2.18305E-07-2.68332E-06-8.54853E-06
 -1      2573-2.34568E-07 2.92273E-06-9.28983E-06
 -1      2575 1.74653E-07-2.91644E-06-9.29010E-06
 -1      2576-1.90649E-07 3.11191E-06-9.88767E-06
 -1      2578 1.29786E-07-3.10427E-06-9.88802E-06
 -1      2579-1.45925E-07 3.25487E-06-1.03386E-05
 -1      2581 8.40524E-08-3.24572E-06-1.03390E-05
 -1      2582-1.00666E-07 3.35090E-06-1.06404E-05
 -1      2584 3.77415E-08-3.34006E-06-1.06409E-05
 -1      2585-5.51032E-08 3.39957E-06-1.07916E-05
 -1      2587-8.89843E-09-3.38680E-06-1.07921E-05
 -1      2588-9.43781E-09 3.40065E-06-1.07916E-05
 -1      2590-5.56421E-08-3.38572E-06-1.07921E-05
 -1      2591 3.61354E-08 3.35414E-06-1.06404E-05
 -1      2593-1.02272E-07-3.33682E-06-1.06409E-05
 -1      2594 8.14136E-08 3.26026E-06-1.03386E-05
 -1      2596-1.48563E-07-3.24034E-06-1.03390E-05
 -1      2597 1.26169E-07 3.11944E-06-9.88767E-06
 -1      2599-1.94266E-07-3.09674E-06-9.88802E-06
 -1      2600 1.70128E-07 2.93239E-06-9.28983E-06
 -1      2602-2.39093E-07-2.90677E-06-9.29010E-06
 -1      2603 2.12956E-07 2.70014E-06-8.54835E-06
 -1      2605-2.82694E-07-2.67154E-06-8.54853E-06
 -1      2606 2.54224E-07 2.42412E-06-7.66774E-06
 -1      2608-3.24637E-07-2.39254E-06-7.66782E-06
 -1      2609 2.93395E-07 2.10626E-06-6.65409E-06
 -1      2611-3.64384E-07-2.07176E-06-6.65406E-06
 -1      2612 3.29734E-07 1.74928E-06-5.51543E-06
 -1      2614-4.01211E-07-1.71202E-06-5.51530E-06
 -1      2615 3.62363E-07 1.35587E-06-4.26270E-06
 -1      2617-4.34257E-07-1.31603E-06-4.26248E-06
 -1      2618 3.89946E-07 9.35676E-07-2.90933E-06
 -1      2620-4.62207E-07-8.93504E-07-2.90904E-06
 -1      2621 4.09804E-07 4.68260E-07-1.47651E-06
 -1      2623-4.82401E-07-4.23944E-07-1.47617E-06
 -1      2624 4.17775E-07 1.10934E-07-1.72469E-10
 -1      2626-4.90697E-07-6.45414E-08 1.72469E-10
 -1      2627-1.08256E-07 8.10258E-08-9.56235E-11
 -1      2629 5.37956E-08-8.10258E-08 9.56235E-11
 -1      2630-1.15537E-07 4.52920E-07-2.19769E-10
 -1      2632 5.99383E-08-4.55553E-07 2.19769E-10
 -1      2633-1.17574E-07 9.28464E-07-1.71685E-10
 -1      2635 6.09424E-08-9.30132E-07 1.71685E-10
 -1      2636-1.09702E-07 1.35671E-06-1.22707E-10
 -1      2638 5.23847E-08-1.35736E-06 1.22707E-10
 -1      2639-1.03954E-07 1.75690E-06-7.32181E-11
 -1      2641 4.60532E-08-1.75650E-06 7.32181E-11
 -1      2642-9.65731E-08 2.11985E-06-1.98489E-11
 -1      2644 3.80560E-08-2.11851E-06 1.98489E-11
 -1      2645-8.88763E-08 2.44308E-06 3.42063E-11
 -1      2647 2.96480E-08-2.44086E-06-3.42063E-11
 -1      2648-8.07624E-08 2.72390E-06 8.65829E-11
 -1      2650 2.06948E-08-2.72081E-06-8.65829E-11
 -1      2651-7.24018E-08 2.96045E-06 1.34688E-10
 -1      2653 1.13576E-08-2.95641E-06-1.34688E-10
 -1      2654-6.38659E-08 3.15134E-06 1.76231E-10
 -1      2656 1.71524E-09-3.14621E-06-1.76231E-10
 -1      2657-5.52161E-08 3.29555E-06 2.09271E-10
 -1      2659-8.15089E-09-3.28913E-06-2.09271E-10
 -1      2660-4.64945E-08 3.39241E-06 2.32309E-10
 -1      2662-1.81700E-08-3.38443E-06-2.32309E-10
 -1      2663-3.77316E-08 3.44149E-06 2.44324E-10
 -1      2665-2.82761E-08-3.43166E-06-2.44324E-10
 -1      2666-2.89514E-08 3.44256E-06 2.44806E-10
 -1      2668-3.84066E-08-3.43058E-06-2.44806E-10
 -1      2669-2.01754E-08 3.39565E-06 2.33764E-10
 -1      2671-4.84995E-08-3.38120E-06-2.33764E-10
 -1      2672-1.14270E-08 3.30094E-06 2.11731E-10
 -1      2674-5.84919E-08-3.28374E-06-2.11731E-10
 -1      2675-2.73651E-09 3.15886E-06 1.79753E-10
 -1      2677-6.83173E-08-3.13868E-06-1.79753E-10
 -1      2678 5.85534E-09 2.97011E-06 1.39368E-10
 -1      2680-7.79038E-08-2.94676E-06-1.39368E-10
 -1      2681 1.42885E-08 2.73567E-06 9.25693E-11
 -1      2683-8.71684E-08-2.70904E-06-9.25693E-11
 -1      2684 2.24943E-08 2.45694E-06 4.17473E-11
 -1      2686-9.60298E-08-2.42701E-06-4.17473E-11
 -1      2687 3.03063E-08 2.13577E-06-1.03779E-11
 -1      2689-1.04323E-07-2.10260E-06 1.03779E-11
 -1      2690 3.78335E-08 1.77483E-06-6.09035E-11
 -1      2692-1.12173E-07-1.73857E-06 6.09035E-11
 -1      2693 4.37713E-08 1.37659E-06-1.06786E-10
 -1      2695-1.18315E-07-1.33748E-06 1.06786E-10
 -1      2696 5.19138E-08 9.50137E-07-1.45088E-10
 -1      2698-1.26603E-07-9.08459E-07 1.45088E-10
 -1      2699 5.03124E-08 4.76232E-07-1.72469E-10
 -1      2701-1.25163E-07-4.32241E-07 1.72469E-10
 -1      2702 4.34872E-08 1.04109E-07-1.81289E-10
 -1      2704-1.18564E-07-5.79428E-08 1.81289E-10
 -3
    1PSTEP                         2          11           1          
  100CL  101 1.000000000        1352                     0    1           1
 -4  STRESS      6    1
 -5  SXX         1    4    1    1
 -5  SYY         1    4    2    2
 -5  SZZ         1    4    3    3
 -5  SXY         1    4    1    2
 -5  SYZ         1    4    2    3
 -5  SZX         1    4    3    1
 -1       677-1.84966E+04-1.56270E+04-8.08090E+03-5.30691E+05 1.80728E+05 1.80728E+05
 -1       679 1.73861E+04 2.02559E+04 9.91206E+03 5.31283E+05 1.80760E+05 1.80760E+05
 -1       680-6.01967E+03 1.17315E+04-3.21821E+03-5.56561E+05-3.92696E+04 1.91814E+05
 -1       682 4.82259E+03-1.22843E+04 5.30206E+03 5.56746E+05-3.93052E+04 1.91776E+05
 -1       683 1.00431E+04 2.67777E+04-5.19472E+03-5.60779E+05-3.80599E+03 1.95141E+05
 -1       685-1.11270E+04-2.67208E+04 7.19701E+03 5.60660E+05-3.79922E+03 1.95041E+05
 -1       686 1.97661E+04 3.99076E+04-5.82771E+03-5.19990E+05-1.50335E+04 1.80828E+05
 -1       688-2.04252E+04-3.99938E+04 7.78966E+03 5.19997E+05-1.50210E+04 1.80710E+05
 -1       689 2.09752E+04 4.85578E+04-7.31296E+03-4.77683E+05-1.64729E+04 1.66603E+05
 -1       691-2.15704E+04-4.85828E+04 9.30569E+03 4.77762E+05-1.64598E+04 1.66471E+05
 -1       692 2.43171E+04 5.63917E+04-8.03645E+03-4.29762E+05-1.90333E+04 1.49984E+05
 -1       694-2.50199E+04-5.64155E+04 1.00348E+04 4.29886E+05-1.90132E+04 1.49841E+05
 -1       695 2.62826E+04 6.27915E+04-8.67403E+03-3.78205E+05-2.08354E+04 1.32115E+05
 -1       697-2.71780E+04-6.28034E+04 1.06820E+04 3.78351E+05-2.08092E+04 1.31971E+05
 -1       698 2.79869E+04 6.81319E+04-9.12794E+03-3.23834E+05-2.23404E+04 1.13189E+05
 -1       700-2.91123E+04-6.81376E+04 1.11430E+04 3.23984E+05-2.23082E+04 1.13052E+05
 -1       701 2.92744E+04 7.24664E+04-9.46808E+03-2.67365E+05-2.35282E+04 9.34967E+04
 -1       703-3.06319E+04-7.24667E+04 1.14894E+04 2.67504E+05-2.34906E+04 9.33739E+04
 -1       704 3.02542E+04 7.58726E+04-9.71251E+03-2.09357E+05-2.44454E+04 7.32378E+04
 -1       706-3.18203E+04-7.58690E+04 1.17388E+04 2.09474E+05-2.44032E+04 7.31354E+04
 -1       707 3.09573E+04 7.83932E+04-9.88123E+03-1.50257E+05-2.51144E+04 5.25767E+04
 -1       709-3.26896E+04-7.83868E+04 1.19113E+04 1.50344E+05-2.50686E+04 5.24999E+04
 -1       710 3.14148E+04 8.00587E+04-9.98683E+03-9.04319E+04-2.55518E+04 3.16478E+04
 -1       712-3.32576E+04-8.00505E+04 1.20195E+04 9.04821E+04-2.55035E+04 3.16002E+04
 -1       713 3.16448E+04 8.08871E+04-1.00376E+04-3.01924E+04-2.57680E+04 1.05659E+04
 -1       715-3.35335E+04-8.08780E+04 1.20716E+04 3.02025E+04-2.57185E+04 1.05497E+04
 -1       716 3.16564E+04 8.08871E+04-1.00376E+04 3.01817E+04-2.57680E+04-1.05658E+04
 -1       718-3.35219E+04-8.08779E+04 1.20716E+04-3.02130E+04-2.57185E+04-1.05498E+04
 -1       719 3.14498E+04 8.00588E+04-9.98678E+03 9.04210E+04-2.55518E+04-3.16477E+04
 -1       721-3.32226E+04-8.00503E+04 1.20195E+04-9.04929E+04-2.55035E+04-3.16003E+04
 -1       722 3.10164E+04 7.83935E+04-9.88112E+03 1.50246E+05-2.51144E+04-5.25766E+04
 -1       724-3.26305E+04-7.83865E+04 1.19114E+04-1.50355E+05-2.50686E+04-5.25000E+04
 -1       725 3.03389E+04 7.58731E+04-9.71234E+03 2.09345E+05-2.44454E+04-7.32377E+04
 -1       727-3.17356E+04-7.58685E+04 1.17390E+04-2.09486E+05-2.44032E+04-7.31355E+04
 -1       728 2.93870E+04 7.24672E+04-9.46782E+03 2.67352E+05-2.35282E+04-9.34966E+04
 -1       730-3.05193E+04-7.24660E+04 1.14897E+04-2.67517E+05-2.34906E+04-9.33740E+04
 -1       731 2.81311E+04 6.81332E+04-9.12751E+03 3.23819E+05-2.23404E+04-1.13188E+05
 -1       733-2.89682E+04-6.81365E+04 1.11435E+04-3.23998E+05-2.23082E+04-1.13052E+05
 -1       734 2.64643E+04 6.27931E+04-8.67347E+03 3.78188E+05-2.08353E+04-1.32114E+05
 -1       736-2.69963E+04-6.28020E+04 1.06826E+04-3.78368E+05-2.08092E+04-1.31971E+05
 -1       737 2.45466E+04 5.63958E+04-8.03492E+03 4.29741E+05-1.90330E+04-1.49983E+05
 -1       739-2.47902E+04-5.64115E+04 1.00363E+04-4.29907E+05-1.90134E+04-1.49842E+05
 -1       740 2.12709E+04 4.85586E+04-7.31266E+03 4.77655E+05-1.64730E+04-1.66602E+05
 -1       742-2.12747E+04-4.85822E+04 9.30599E+03-4.77790E+05-1.64598E+04-1.66471E+05
 -1       743 2.01708E+04 3.99349E+04-5.81612E+03 5.19950E+05-1.50309E+04-1.80824E+05
 -1       745-2.00204E+04-3.99667E+04 7.80124E+03-5.20037E+05-1.50237E+04-1.80714E+05
 -1       746 1.06781E+04 2.67322E+04-5.20572E+03 5.60706E+05-3.80354E+03-1.95132E+05
 -1       748-1.04919E+04-2.67663E+04 7.18601E+03-5.60733E+05-3.80169E+03-1.95050E+05
 -1       749-5.36175E+03 1.19985E+04-3.26619E+03 5.56662E+05-3.92855E+04-1.91819E+05
 -1       751 5.48067E+03-1.20175E+04 5.25407E+03-5.56645E+05-3.92893E+04-1.91771E+05
 -1       752-1.79065E+04-1.79064E+04-7.99726E+03 5.30991E+05 1.80749E+05-1.80749E+05
 -1       754 1.79764E+04 1.79763E+04 9.99569E+03-5.30983E+05 1.80740E+05-1.80740E+05
 -1       755 1.21882E+04-3.58897E+03-3.27787E+03-5.56406E+05 1.91798E+05-3.92858E+04
 -1       757-1.18278E+04 7.25349E+03 5.24238E+03 5.56901E+05 1.91792E+05-3.92891E+04
 -1       758 3.26090E+04 3.24758E+04 2.56613E+03-5.88078E+05-4.27293E+04-4.27454E+04
 -1       760-3.23331E+04-3.24661E+04-5.91149E+02 5.88330E+05-4.28015E+04-4.27854E+04
 -1       761 5.55332E+04 6.00635E+04 7.57086E+02-5.96046E+05-2.19619E+03-4.21213E+04
 -1       763-5.56320E+04-6.01205E+04 1.25010E+03 5.96049E+05-2.22912E+03-4.21940E+04
 -1       764 7.19669E+04 8.41330E+04 1.82490E+02-5.53016E+05-1.35452E+04-3.72109E+04
 -1       766-7.24306E+04-8.42131E+04 1.82867E+03 5.53030E+05-1.35649E+04-3.73199E+04
 -1       767 8.40094E+04 1.03453E+05-3.86425E+01-5.08965E+05-1.48434E+04-3.41117E+04
 -1       769-8.45998E+04-1.03514E+05 2.03705E+03 5.09046E+05-1.48478E+04-3.42459E+04
 -1       770 9.34024E+04 1.19619E+05-2.89642E+02-4.58217E+05-1.72468E+04-3.03346E+04
 -1       772-9.41098E+04-1.19657E+05 2.29487E+03 4.58348E+05-1.72340E+04-3.04806E+04
 -1       773 1.00802E+05 1.33117E+05-4.25507E+02-4.03484E+05-1.90091E+04-2.65565E+04
 -1       775-1.01641E+05-1.33135E+05 2.43527E+03 4.03644E+05-1.89792E+04-2.67052E+04
 -1       776 1.06556E+05 1.44272E+05-5.35068E+02-3.45615E+05-2.04673E+04-2.26293E+04
 -1       778-1.07534E+05-1.44273E+05 2.55005E+03 3.45782E+05-2.04214E+04-2.27715E+04
 -1       779 1.10987E+05 1.53312E+05-6.11187E+02-2.85431E+05-2.16276E+04-1.86199E+04
 -1       781-1.12100E+05-1.53300E+05 2.63069E+03 2.85588E+05-2.15673E+04-1.87478E+04
 -1       782 1.14305E+05 1.60391E+05-6.65755E+02-2.23551E+05-2.25249E+04-1.45425E+04
 -1       784-1.15537E+05-1.60370E+05 2.68907E+03 2.23683E+05-2.24525E+04-1.46492E+04
 -1       785 1.16668E+05 1.65618E+05-7.02853E+02-1.60468E+05-2.31806E+04-1.04182E+04
 -1       787-1.17994E+05-1.65589E+05 2.72911E+03 1.60565E+05-2.30988E+04-1.04984E+04
 -1       788 1.18187E+05 1.69066E+05-7.25926E+02-9.65874E+04-2.36099E+04-6.26268E+03
 -1       790-1.19575E+05-1.69032E+05 2.75418E+03 9.66408E+04-2.35217E+04-6.31236E+03
 -1       791 1.18934E+05 1.70779E+05-7.36972E+02-3.22515E+04-2.38222E+04-2.08947E+03
 -1       793-1.20345E+05-1.70742E+05 2.76624E+03 3.22570E+04-2.37308E+04-2.10630E+03
 -1       794 1.18942E+05 1.70779E+05-7.36965E+02 3.22321E+04-2.38222E+04 2.08947E+03
 -1       796-1.20336E+05-1.70742E+05 2.76625E+03-3.22763E+04-2.37308E+04 2.10630E+03
 -1       797 1.18213E+05 1.69066E+05-7.25905E+02 9.65677E+04-2.36099E+04 6.26269E+03
 -1       799-1.19549E+05-1.69031E+05 2.75420E+03-9.66603E+04-2.35217E+04 6.31236E+03
 -1       800 1.16712E+05 1.65619E+05-7.02817E+02 1.60448E+05-2.31806E+04 1.04182E+04
 -1       802-1.17950E+05-1.65589E+05 2.72914E+03-1.60585E+05-2.30988E+04 1.04984E+04
 -1       803 1.14367E+05 1.60392E+05-6.65706E+02 2.23529E+05-2.25248E+04 1.45425E+04
 -1       805-1.15474E+05-1.60369E+05 2.68912E+03-2.23704E+05-2.24525E+04 1.46492E+04
 -1       806 1.11068E+05 1.53313E+05-6.11123E+02 2.85409E+05-2.16276E+04 1.86199E+04
 -1       808-1.12019E+05-1.53299E+05 2.63076E+03-2.85610E+05-2.15673E+04 1.87478E+04
 -1       809 1.06656E+05 1.44274E+05-5.35025E+02 3.45591E+05-2.04673E+04 2.26293E+04
 -1       811-1.07434E+05-1.44271E+05 2.55009E+03-3.45806E+05-2.04214E+04 2.27716E+04
 -1       812 1.00922E+05 1.33120E+05-4.25430E+02 4.03457E+05-1.90090E+04 2.65566E+04
 -1       814-1.01521E+05-1.33132E+05 2.43535E+03-4.03671E+05-1.89793E+04 2.67052E+04
 -1       815 9.35403E+04 1.19624E+05-2.90099E+02 4.58186E+05-1.72467E+04 3.03346E+04
 -1       817-9.39718E+04-1.19653E+05 2.29441E+03-4.58378E+05-1.72342E+04 3.04807E+04
 -1       818 8.41615E+04 1.03460E+05-3.83136E+01 5.08930E+05-1.48431E+04 3.41118E+04
 -1       820-8.44477E+04-1.03508E+05 2.03738E+03-5.09081E+05-1.48480E+04 3.42458E+04
 -1       821 7.21118E+04 8.41404E+04 1.73929E+02 5.52978E+05-1.35443E+04 3.72094E+04
 -1       823-7.22856E+04-8.42058E+04 1.82011E+03-5.53068E+05-1.35657E+04 3.73214E+04
 -1       824 5.55352E+04 6.00575E+04 7.49408E+02 5.96037E+05-2.19434E+03 4.21173E+04
 -1       826-5.56298E+04-6.01266E+04 1.24242E+03-5.96058E+05-2.23097E+03 4.21979E+04
 -1       827 3.24504E+04 3.24504E+04 2.57461E+03 5.88217E+05-4.27430E+04 4.27430E+04
 -1       829-3.24915E+04-3.24916E+04-5.82659E+02-5.88192E+05-4.27878E+04 4.27878E+04
 -1       830 1.19984E+04-5.36170E+03-3.26619E+03 5.56662E+05 1.91819E+05 3.92855E+04
 -1       832-1.20174E+04 5.48060E+03 5.25407E+03-5.56645E+05 1.91771E+05 3.92893E+04
 -1       833 2.67822E+04 1.16762E+04-5.17311E+03-5.60553E+05 1.95120E+05-3.79444E+03
 -1       835-2.67165E+04-9.49378E+03 7.21862E+03 5.60886E+05 1.95062E+05-3.81081E+03
 -1       836 6.01197E+04 5.59220E+04 7.27916E+02-5.95886E+05-4.21115E+04-2.19102E+03
 -1       838-6.00645E+04-5.52431E+04 1.22092E+03 5.96209E+05-4.22038E+04-2.23432E+03
 -1       839 1.08056E+05 1.08002E+05 1.98653E+03-6.07039E+05-3.42870E+02-3.44061E+02
 -1       841-1.08016E+05-1.08069E+05 1.91978E+00 6.07309E+05-4.10832E+02-4.09636E+02
 -1       842 1.41849E+05 1.51190E+05 2.05024E+03-5.64563E+05-1.13478E+04 5.26706E+02
 -1       844-1.42026E+05-1.51321E+05-4.46012E+01 5.64757E+05-1.13903E+04 4.31165E+02
 -1       845 1.67259E+05 1.87886E+05 2.04958E+03-5.21366E+05-1.21358E+04 1.09190E+03
 -1       847-1.67669E+05-1.88002E+05-4.26220E+01 5.21591E+05-1.21476E+04 9.75783E+02
 -1       848 1.86762E+05 2.18872E+05 2.00040E+03-4.70215E+05-1.44240E+04 1.39911E+03
 -1       850-1.87322E+05-2.18946E+05 5.99550E+00 4.70485E+05-1.44047E+04 1.26999E+03
 -1       851 2.02060E+05 2.44918E+05 1.96476E+03-4.14649E+05-1.60400E+04 1.49939E+03
 -1       853-2.02737E+05-2.44948E+05 4.43404E+01 4.14946E+05-1.59897E+04 1.36666E+03
 -1       854 2.13997E+05 2.66566E+05 1.94447E+03-3.55535E+05-1.74222E+04 1.45596E+03
 -1       856-2.14771E+05-2.66556E+05 6.75889E+01 3.55834E+05-1.73427E+04 1.32793E+03
 -1       857 2.23182E+05 2.84165E+05 1.92943E+03-2.93844E+05-1.85233E+04 1.30975E+03
 -1       859-2.24040E+05-2.84122E+05 8.57036E+01 2.94119E+05-1.84177E+04 1.19400E+03
 -1       860 2.30067E+05 2.97982E+05 1.91989E+03-2.30264E+05-1.93807E+04 1.08794E+03
 -1       862-2.30994E+05-2.97913E+05 9.79551E+01 2.30493E+05-1.92530E+04 9.90917E+02
 -1       863 2.34974E+05 3.08201E+05 1.91367E+03-1.65350E+05-2.00091E+04 8.12565E+02
 -1       865-2.35952E+05-3.08112E+05 1.06349E+02 1.65517E+05-1.98643E+04 7.39469E+02
 -1       866 2.38127E+05 3.14947E+05 1.90997E+03-9.95518E+04-2.04215E+04 5.01285E+02
 -1       868-2.39138E+05-3.14845E+05 1.11547E+02 9.96434E+04-2.02650E+04 4.55894E+02
 -1       869 2.39672E+05 3.18302E+05 1.90824E+03-3.32498E+04-2.06258E+04 1.69346E+02
 -1       871-2.40693E+05-3.18193E+05 1.14040E+02 3.32586E+04-2.04632E+04 1.53960E+02
 -1       872 2.39678E+05 3.18302E+05 1.90823E+03 3.32158E+04-2.06258E+04-1.69339E+02
 -1       874-2.40688E+05-3.18193E+05 1.14031E+02-3.32924E+04-2.04632E+04-1.53950E+02
 -1       875 2.38145E+05 3.14948E+05 1.90994E+03 9.95177E+04-2.04215E+04-5.01277E+02
 -1       877-2.39121E+05-3.14845E+05 1.11517E+02-9.96775E+04-2.02650E+04-4.55883E+02
 -1       878 2.35002E+05 3.08202E+05 1.91361E+03 1.65315E+05-2.00091E+04-8.12558E+02
 -1       880-2.35924E+05-3.08110E+05 1.06287E+02-1.65551E+05-1.98643E+04-7.39457E+02
 -1       881 2.30106E+05 2.97984E+05 1.91978E+03 2.30229E+05-1.93807E+04-1.08793E+03
 -1       883-2.30956E+05-2.97911E+05 9.78446E+01-2.30528E+05-1.92530E+04-9.90902E+02
 -1       884 2.23230E+05 2.84168E+05 1.92923E+03 2.93808E+05-1.85233E+04-1.30975E+03
 -1       886-2.23993E+05-2.84120E+05 8.55042E+01-2.94155E+05-1.84177E+04-1.19398E+03
 -1       887 2.14051E+05 2.66569E+05 1.94412E+03 3.55499E+05-1.74222E+04-1.45597E+03
 -1       889-2.14717E+05-2.66553E+05 6.72332E+01-3.55870E+05-1.73428E+04-1.32791E+03
 -1       890 2.02117E+05 2.44922E+05 1.96406E+03 4.14612E+05-1.60399E+04-1.49943E+03
 -1       892-2.02681E+05-2.44944E+05 4.36387E+01-4.14983E+05-1.59897E+04-1.36660E+03
 -1       893 1.86811E+05 2.18877E+05 1.99918E+03 4.70179E+05-1.44239E+04-1.39916E+03
 -1       895-1.87272E+05-2.18941E+05 4.77473E+00-4.70520E+05-1.44048E+04-1.26992E+03
 -1       896 1.67284E+05 1.87890E+05 2.04647E+03 5.21338E+05-1.21356E+04-1.09231E+03
 -1       898-1.67644E+05-1.87999E+05-4.57300E+01-5.21619E+05-1.21478E+04-9.75359E+02
 -1       899 1.41809E+05 1.51181E+05 2.04622E+03 5.64562E+05-1.13483E+04-5.26931E+02
 -1       901-1.42066E+05-1.51330E+05-4.86211E+01-5.64758E+05-1.13898E+04-4.30935E+02
 -1       902 1.07957E+05 1.07957E+05 1.98999E+03 6.07123E+05-3.43003E+02 3.43004E+02
 -1       904-1.08114E+05-1.08114E+05 5.38226E+00-6.07225E+05-4.10674E+02 4.10673E+02
 -1       905 6.00574E+04 5.55353E+04 7.49411E+02 5.96037E+05-4.21173E+04 2.19435E+03
 -1       907-6.01265E+04-5.56298E+04 1.24242E+03-5.96058E+05-4.21979E+04 2.23097E+03
 -1       908 2.67322E+04 1.06781E+04-5.20572E+03 5.60706E+05 1.95132E+05 3.80353E+03
 -1       910-2.67663E+04-1.04920E+04 7.18601E+03-5.60733E+05 1.95050E+05 3.80168E+03
 -1       911 3.99587E+04 2.08048E+04-5.80657E+03-5.19875E+05 1.80822E+05-1.50299E+04
 -1       913-3.99429E+04-1.93864E+04 7.81080E+03 5.20112E+05 1.80716E+05-1.50246E+04
 -1       914 8.41798E+04 7.25274E+04 1.74362E+02-5.52873E+05-3.72094E+04-1.35435E+04
 -1       916-8.41666E+04-7.18700E+04 1.82054E+03 5.53172E+05-3.73214E+04-1.35667E+04
 -1       917 1.51247E+05 1.41973E+05 2.03875E+03-5.64456E+05 5.27819E+02-1.13481E+04
 -1       919-1.51264E+05-1.41901E+05-5.60926E+01 5.64865E+05 4.30001E+02-1.13900E+04
 -1       920 1.99232E+05 1.99211E+05 1.73651E+03-5.26488E+05-9.51499E+03-9.51529E+03
 -1       922-1.99337E+05-1.99358E+05 2.60232E+02 5.26875E+05-9.57745E+03-9.57714E+03
 -1       923 2.37118E+05 2.50074E+05 1.85349E+03-4.87680E+05-1.02232E+04-7.98488E+03
 -1       925-2.37365E+05-2.50224E+05 1.51109E+02 4.88055E+05-1.02474E+04-8.06359E+03
 -1       926 2.66393E+05 2.93652E+05 1.82431E+03-4.40994E+05-1.23045E+04-6.67639E+03
 -1       928-2.66774E+05-2.93752E+05 1.82269E+02 4.41378E+05-1.22870E+04-6.76595E+03
 -1       929 2.89295E+05 3.30704E+05 1.78879E+03-3.89657E+05-1.37903E+04-5.52388E+03
 -1       931-2.89774E+05-3.30737E+05 2.19217E+02 3.90045E+05-1.37312E+04-5.61814E+03
 -1       932 3.07158E+05 3.61700E+05 1.75625E+03-3.34614E+05-1.50779E+04-4.49934E+03
 -1       934-3.07708E+05-3.61669E+05 2.53526E+02 3.34986E+05-1.49795E+04-4.59178E+03
 -1       935 3.20910E+05 3.87032E+05 1.73113E+03-2.76867E+05-1.61114E+04-3.56971E+03
 -1       937-3.21513E+05-3.86943E+05 2.80479E+02 2.77202E+05-1.59777E+04-3.65437E+03
 -1       938 3.31218E+05 4.06987E+05 1.71239E+03-2.17141E+05-1.69207E+04-2.71035E+03
 -1       940-3.31858E+05-4.06852E+05 3.00936E+02 2.17417E+05-1.67571E+04-2.78197E+03
 -1       941 3.38564E+05 4.21782E+05 1.69938E+03-1.56018E+05-1.75160E+04-1.90187E+03
 -1       943-3.39230E+05-4.21612E+05 3.15366E+02 1.56217E+05-1.73291E+04-1.95619E+03
 -1       944 3.43285E+05 4.31567E+05 1.69120E+03-9.39702E+04-1.79076E+04-1.12783E+03
 -1       946-3.43965E+05-4.31373E+05 3.24543E+02 9.40776E+04-1.77047E+04-1.16170E+03
 -1       947 3.45595E+05 4.36436E+05 1.68726E+03-3.13947E+04-1.81018E+04-3.73757E+02
 -1       949-3.46279E+05-4.36230E+05 3.28988E+02 3.14030E+04-1.78908E+04-3.85261E+02
 -1       950 3.45598E+05 4.36436E+05 1.68724E+03 3.13519E+04-1.81018E+04 3.73762E+02
 -1       952-3.46276E+05-4.36230E+05 3.28967E+02-3.14456E+04-1.78908E+04 3.85273E+02
 -1       953 3.43294E+05 4.31568E+05 1.69114E+03 9.39275E+04-1.79076E+04 1.12783E+03
 -1       955-3.43956E+05-4.31372E+05 3.24476E+02-9.41202E+04-1.77047E+04 1.16171E+03
 -1       956 3.38578E+05 4.21784E+05 1.69926E+03 1.55976E+05-1.75160E+04 1.90187E+03
 -1       958-3.39216E+05-4.21611E+05 3.15240E+02-1.56259E+05-1.73291E+04 1.95620E+03
 -1       959 3.31235E+05 4.06989E+05 1.71218E+03 2.17099E+05-1.69206E+04 2.71036E+03
 -1       961-3.31841E+05-4.06851E+05 3.00727E+02-2.17458E+05-1.67571E+04 2.78199E+03
 -1       962 3.20928E+05 3.87034E+05 1.73080E+03 2.76826E+05-1.61114E+04 3.56971E+03
 -1       964-3.21494E+05-3.86941E+05 2.80147E+02-2.77242E+05-1.59777E+04 3.65439E+03
 -1       965 3.07174E+05 3.61703E+05 1.75572E+03 3.34576E+05-1.50779E+04 4.49932E+03
 -1       967-3.07693E+05-3.61667E+05 2.52997E+02-3.35024E+05-1.49795E+04 4.59181E+03
 -1       968 2.89302E+05 3.30705E+05 1.78800E+03 3.89625E+05-1.37903E+04 5.52385E+03
 -1       970-2.89767E+05-3.30737E+05 2.18420E+02-3.90078E+05-1.37312E+04 5.61819E+03
 -1       971 2.66383E+05 2.93649E+05 1.82309E+03 4.40973E+05-1.23045E+04 6.67628E+03
 -1       973-2.66785E+05-2.93755E+05 1.81050E+02-4.41399E+05-1.22870E+04 6.76607E+03
 -1       974 2.37077E+05 2.50059E+05 1.85231E+03 4.87683E+05-1.02233E+04 7.98479E+03
 -1       976-2.37406E+05-2.50240E+05 1.49921E+02-4.88052E+05-1.02472E+04 8.06369E+03
 -1       977 1.99163E+05 1.99163E+05 1.73809E+03 5.26538E+05-9.51508E+03 9.51508E+03
 -1       979-1.99406E+05-1.99406E+05 2.61817E+02-5.26826E+05-9.57734E+03 9.57734E+03
 -1       980 1.51181E+05 1.41809E+05 2.04623E+03 5.64562E+05 5.26932E+02 1.13483E+04
 -1       982-1.51329E+05-1.42066E+05-4.86129E+01-5.64758E+05 4.30935E+02 1.13898E+04
 -1       983 8.41404E+04 7.21120E+04 1.73941E+02 5.52978E+05-3.72094E+04 1.35443E+04
 -1       985-8.42057E+04-7.22855E+04 1.82012E+03-5.53068E+05-3.73214E+04 1.35658E+04
 -1       986 3.99348E+04 2.01708E+04-5.81611E+03 5.19950E+05 1.80824E+05 1.50309E+04
 -1       988-3.99667E+04-2.00205E+04 7.80125E+03-5.20037E+05 1.80714E+05 1.50237E+04
 -1       989 4.85700E+04 2.17482E+04-7.30848E+03-4.77610E+05 1.66601E+05-1.64727E+04
 -1       991-4.85708E+04-2.07974E+04 9.31017E+03 4.77835E+05 1.66472E+05-1.64601E+04
 -1       992 1.03483E+05 8.45242E+04-3.69580E+01-5.08861E+05-3.41118E+04-1.48428E+04
 -1       994-1.03484E+05-8.40850E+04 2.03874E+03 5.09150E+05-3.42458E+04-1.48483E+04
 -1       995 1.87936E+05 1.67500E+05 2.04432E+03-5.21250E+05 1.09247E+03-1.21354E+04
 -1       997-1.87953E+05-1.67428E+05-4.78861E+01 5.21707E+05 9.75152E+02-1.21480E+04
 -1       998 2.50119E+05 2.37180E+05 1.84982E+03-4.87619E+05-7.98460E+03-1.02233E+04
 -1      1000-2.50180E+05-2.37303E+05 1.47428E+02 4.88116E+05-8.06391E+03-1.02473E+04
 -1      1001 2.99567E+05 2.99557E+05 1.98316E+03-4.52880E+05-8.51926E+03-8.51937E+03
 -1      1003-2.99700E+05-2.99710E+05 1.91525E+01 4.53371E+05-8.55455E+03-8.55444E+03
 -1      1004 3.38318E+05 3.53821E+05 2.01092E+03-4.10555E+05-1.03850E+04-7.08050E+03
 -1      1006-3.38530E+05-3.53920E+05-5.85086E+00 4.11032E+05-1.03725E+04-7.12445E+03
 -1      1007 3.68756E+05 4.00427E+05 2.01957E+03-3.63535E+05-1.17205E+04-5.82499E+03
 -1      1009-3.69033E+05-4.00445E+05-1.31243E+01 3.63991E+05-1.16597E+04-5.87435E+03
 -1      1010 3.92514E+05 4.39690E+05 2.01183E+03-3.12711E+05-1.28877E+04-4.71508E+03
 -1      1012-3.92836E+05-4.39622E+05-4.44987E+00 3.13132E+05-1.27808E+04-4.76584E+03
 -1      1013 4.10811E+05 4.71938E+05 2.00185E+03-2.59084E+05-1.38324E+04-3.71920E+03
 -1      1015-4.11162E+05-4.71792E+05 6.44187E+00 2.59453E+05-1.36841E+04-3.76730E+03
 -1      1016 4.24526E+05 4.97436E+05 1.99249E+03-2.03394E+05-1.45764E+04-2.80990E+03
 -1      1018-4.24893E+05-4.97223E+05 1.66619E+01 2.03692E+05-1.43928E+04-2.85160E+03
 -1      1019 4.34299E+05 5.16388E+05 1.98514E+03-1.46243E+05-1.51259E+04-1.96405E+03
 -1      1021-4.34675E+05-5.16124E+05 2.47383E+01 1.46455E+05-1.49148E+04-1.99621E+03
 -1      1022 4.40578E+05 5.28942E+05 1.98020E+03-8.81230E+04-1.54885E+04-1.16159E+03
 -1      1024-4.40958E+05-5.28644E+05 3.01979E+01 8.82366E+04-1.52583E+04-1.18186E+03
 -1      1025 4.43649E+05 5.35196E+05 1.97773E+03-2.94498E+04-1.56685E+04-3.84426E+02
 -1      1027-4.44029E+05-5.34880E+05 3.29223E+01 2.94574E+04-1.54288E+04-3.91344E+02
 -1      1028 4.43649E+05 5.35196E+05 1.97770E+03 2.94032E+04-1.56685E+04 3.84430E+02
 -1      1030-4.44029E+05-5.34880E+05 3.28965E+01-2.95038E+04-1.54288E+04 3.91357E+02
 -1      1031 4.40580E+05 5.28942E+05 1.98012E+03 8.80770E+04-1.54885E+04 1.16160E+03
 -1      1033-4.40957E+05-5.28644E+05 3.01176E+01-8.82824E+04-1.52584E+04 1.18188E+03
 -1      1034 4.34300E+05 5.16388E+05 1.98500E+03 1.46199E+05-1.51259E+04 1.96405E+03
 -1      1036-4.34674E+05-5.16124E+05 2.45940E+01-1.46500E+05-1.49148E+04 1.99623E+03
 -1      1037 4.24526E+05 4.97436E+05 1.99227E+03 2.03351E+05-1.45764E+04 2.80990E+03
 -1      1039-4.24893E+05-4.97223E+05 1.64388E+01-2.03734E+05-1.43928E+04 2.85162E+03
 -1      1040 4.10807E+05 4.71937E+05 2.00153E+03 2.59046E+05-1.38324E+04 3.71919E+03
 -1      1042-4.11166E+05-4.71793E+05 6.12003E+00-2.59491E+05-1.36841E+04 3.76732E+03
 -1      1043 3.92503E+05 4.39686E+05 2.01140E+03 3.12680E+05-1.28877E+04 4.71506E+03
 -1      1045-3.92848E+05-4.39626E+05-4.87611E+00-3.13164E+05-1.27808E+04 4.76587E+03
 -1      1046 3.68733E+05 4.00418E+05 2.01907E+03 3.63515E+05-1.17205E+04 5.82495E+03
 -1      1048-3.69056E+05-4.00455E+05-1.36270E+01-3.64011E+05-1.16596E+04 5.87439E+03
 -1      1049 3.38279E+05 3.53800E+05 2.01059E+03 4.10553E+05-1.03851E+04 7.08045E+03
 -1      1051-3.38569E+05-3.53941E+05-6.18348E+00-4.11034E+05-1.03725E+04 7.12449E+03
 -1      1052 2.99513E+05 2.99511E+05 1.98379E+03 4.52907E+05-8.51932E+03 8.51932E+03
 -1      1054-2.99755E+05-2.99757E+05 1.97854E+01-4.53344E+05-8.55449E+03 8.55449E+03
 -1      1055 2.50060E+05 2.37077E+05 1.85232E+03 4.87683E+05-7.98479E+03 1.02233E+04
 -1      1057-2.50239E+05-2.37407E+05 1.49932E+02-4.88052E+05-8.06369E+03 1.02472E+04
 -1      1058 1.87890E+05 1.67285E+05 2.04649E+03 5.21338E+05 1.09231E+03 1.21356E+04
 -1      1060-1.87999E+05-1.67643E+05-4.57105E+01-5.21618E+05 9.75359E+02 1.21478E+04
 -1      1061 1.03460E+05 8.41619E+04-3.82886E+01 5.08930E+05-3.41118E+04 1.48431E+04
 -1      1063-1.03507E+05-8.44474E+04 2.03740E+03-5.09080E+05-3.42458E+04 1.48480E+04
 -1      1064 4.85586E+04 2.12710E+04-7.31263E+03 4.77655E+05 1.66602E+05 1.64730E+04
 -1      1066-4.85820E+04-2.12747E+04 9.30602E+03-4.77790E+05 1.66471E+05 1.64598E+04
 -1      1067 5.64028E+04 2.49341E+04-8.03237E+03-4.29712E+05 1.49983E+05-1.90329E+04
 -1      1069-5.64046E+04-2.44027E+04 1.00388E+04 4.29935E+05 1.49842E+05-1.90135E+04
 -1      1070 1.19638E+05 9.38595E+04-2.88984E+02-4.58139E+05-3.03346E+04-1.72466E+04
 -1      1072-1.19638E+05-9.36526E+04 2.29553E+03 4.58425E+05-3.04807E+04-1.72343E+04
 -1      1073 2.18909E+05 1.87035E+05 1.99851E+03-4.70113E+05 1.39919E+03-1.44238E+04
 -1      1075-2.18909E+05-1.87048E+05 4.10513E+00 4.70587E+05 1.26985E+03-1.44049E+04
 -1      1076 2.93696E+05 2.66520E+05 1.82172E+03-4.40915E+05-6.67622E+03-1.23045E+04
 -1      1078-2.93707E+05-2.66648E+05 1.79683E+02 4.41457E+05-6.76617E+03-1.22870E+04
 -1      1079 3.53853E+05 3.38355E+05 2.00959E+03-4.10518E+05-7.08040E+03-1.03851E+04
 -1      1081-3.53888E+05-3.38493E+05-7.18423E+00 4.11069E+05-7.12457E+03-1.03725E+04
 -1      1082 4.01410E+05 4.01403E+05 2.06818E+03-3.73012E+05-8.70740E+03-8.70745E+03
 -1      1084-4.01473E+05-4.01480E+05-6.45208E+01 3.73541E+05-8.70105E+03-8.70100E+03
 -1      1085 4.38987E+05 4.56009E+05 2.11162E+03-3.30967E+05-9.88318E+03-7.21748E+03
 -1      1087-4.39077E+05-4.55993E+05-1.07159E+02 3.31460E+05-9.82552E+03-7.21699E+03
 -1      1088 4.68404E+05 5.02314E+05 2.13077E+03-2.85185E+05-1.09197E+04-5.87888E+03
 -1      1090-4.68510E+05-5.02195E+05-1.25964E+02 2.85629E+05-1.08128E+04-5.88307E+03
 -1      1091 4.91087E+05 5.40533E+05 2.13901E+03-2.36602E+05-1.17639E+04-4.65978E+03
 -1      1093-4.91198E+05-5.40318E+05-1.33973E+02 2.36982E+05-1.16124E+04-4.66684E+03
 -1      1094 5.08099E+05 5.70861E+05 2.14177E+03-1.85938E+05-1.24323E+04-3.53361E+03
 -1      1096-5.08210E+05-5.70564E+05-1.36526E+02 1.86242E+05-1.22427E+04-3.54161E+03
 -1      1097 5.20224E+05 5.93463E+05 2.14222E+03-1.33794E+05-1.29280E+04-2.47657E+03
 -1      1099-5.20332E+05-5.93101E+05-1.36794E+02 1.34007E+05-1.27086E+04-2.48372E+03
 -1      1100 5.28014E+05 6.08461E+05 2.14191E+03-8.06612E+04-1.32559E+04-1.46728E+03
 -1      1102-5.28119E+05-6.08055E+05-1.36343E+02 8.07745E+04-1.30160E+04-1.47218E+03
 -1      1103 5.31823E+05 6.15939E+05 2.14159E+03-2.69638E+04-1.34190E+04-4.86015E+02
 -1      1105-5.31926E+05-6.15512E+05-1.35968E+02 2.69713E+04-1.31687E+04-4.87746E+02
 -1      1106 5.31821E+05 6.15939E+05 2.14157E+03 2.69176E+04-1.34190E+04 4.86016E+02
 -1      1108-5.31927E+05-6.15512E+05-1.35991E+02-2.70173E+04-1.31687E+04 4.87757E+02
 -1      1109 5.28010E+05 6.08460E+05 2.14184E+03 8.06161E+04-1.32559E+04 1.46728E+03
 -1      1111-5.28123E+05-6.08056E+05-1.36413E+02-8.08195E+04-1.30160E+04 1.47219E+03
 -1      1112 5.20216E+05 5.93461E+05 2.14210E+03 1.33751E+05-1.29280E+04 2.47657E+03
 -1      1114-5.20339E+05-5.93103E+05-1.36913E+02-1.34050E+05-1.27086E+04 2.48374E+03
 -1      1115 5.08087E+05 5.70858E+05 2.14160E+03 1.85900E+05-1.24323E+04 3.53361E+03
 -1      1117-5.08222E+05-5.70568E+05-1.36695E+02-1.86281E+05-1.22427E+04 3.54163E+03
 -1      1118 4.91068E+05 5.40526E+05 2.13880E+03 2.36569E+05-1.17639E+04 4.65977E+03
 -1      1120-4.91217E+05-5.40325E+05-1.34179E+02-2.37015E+05-1.16124E+04 4.66686E+03
 -1      1121 4.68378E+05 5.02301E+05 2.13057E+03 2.85162E+05-1.09197E+04 5.87886E+03
 -1      1123-4.68536E+05-5.02208E+05-1.26168E+02-2.85652E+05-1.08128E+04 5.88309E+03
 -1      1124 4.38951E+05 4.55985E+05 2.11154E+03 3.30958E+05-9.88319E+03 7.21746E+03
 -1      1126-4.39113E+05-4.56017E+05-1.07238E+02-3.31469E+05-9.82550E+03 7.21701E+03
 -1      1127 4.01364E+05 4.01359E+05 2.06849E+03 3.73023E+05-8.70742E+03 8.70743E+03
 -1      1129-4.01519E+05-4.01524E+05-6.42120E+01-3.73530E+05-8.70102E+03 8.70102E+03
 -1      1130 3.53803E+05 3.38277E+05 2.01060E+03 4.10554E+05-7.08045E+03 1.03851E+04
 -1      1132-3.53938E+05-3.38571E+05-6.17362E+00-4.11033E+05-7.12449E+03 1.03725E+04
 -1      1133 2.93650E+05 2.66382E+05 1.82311E+03 4.40974E+05-6.67628E+03 1.23045E+04
 -1      1135-2.93753E+05-2.66786E+05 1.81071E+02-4.41398E+05-6.76606E+03 1.22870E+04
 -1      1136 2.18878E+05 1.86812E+05 1.99921E+03 4.70181E+05 1.39916E+03 1.44239E+04
 -1      1138-2.18940E+05-1.87272E+05 4.80715E+00-4.70519E+05 1.26992E+03 1.44048E+04
 -1      1139 1.19624E+05 9.35412E+04-2.90057E+02 4.58187E+05-3.03346E+04 1.72467E+04
 -1      1141-1.19653E+05-9.39710E+04 2.29445E+03-4.58378E+05-3.04807E+04 1.72342E+04
 -1      1142 5.63959E+04 2.45471E+04-8.03487E+03 4.29741E+05 1.49983E+05 1.90330E+04
 -1      1144-5.64114E+04-2.47898E+04 1.00363E+04-4.29906E+05 1.49842E+05 1.90134E+04
 -1      1145 6.27975E+04 2.67961E+04-8.67190E+03-3.78169E+05 1.32114E+05-2.08353E+04
 -1      1147-6.27975E+04-2.66644E+04 1.06841E+04 3.78387E+05 1.31971E+05-2.08093E+04
 -1      1148 1.33130E+05 1.01208E+05-4.24510E+02-4.03425E+05-2.65566E+04-1.90090E+04
 -1      1150-1.33122E+05-1.01235E+05 2.43627E+03 4.03703E+05-2.67052E+04-1.89794E+04
 -1      1151 2.44946E+05 2.02338E+05 1.96396E+03-4.14564E+05 1.49943E+03-1.60399E+04
 -1      1153-2.44921E+05-2.02460E+05 4.35422E+01 4.15031E+05 1.36657E+03-1.59898E+04
 -1      1154 3.30742E+05 2.89456E+05 1.78730E+03-3.89579E+05-5.52383E+03-1.37902E+04
 -1      1156-3.30699E+05-2.89612E+05 2.17721E+02 3.90124E+05-5.61824E+03-1.37313E+04
 -1      1157 4.00465E+05 3.68832E+05 2.01832E+03-3.63482E+05-5.82492E+03-1.17205E+04
 -1      1159-4.00407E+05-3.68957E+05-1.43769E+01 3.64044E+05-5.87444E+03-1.16597E+04
 -1      1160 4.56035E+05 4.39010E+05 2.11106E+03-3.30943E+05-7.21744E+03-9.88320E+03
 -1      1162-4.55967E+05-4.39054E+05-1.07725E+02 3.31485E+05-7.21704E+03-9.82550E+03
 -1      1163 5.00186E+05 5.00178E+05 2.18485E+03-2.94179E+05-8.22725E+03-8.22728E+03
 -1      1165-5.00107E+05-5.00114E+05-1.81860E+02 2.94679E+05-8.17579E+03-8.17577E+03
 -1      1166 5.34875E+05 5.52333E+05 2.23047E+03-2.53888E+05-9.12601E+03-6.72430E+03
 -1      1168-5.34783E+05-5.52153E+05-2.27911E+02 2.54332E+05-9.02531E+03-6.68060E+03
 -1      1169 5.61679E+05 5.95570E+05 2.25941E+03-2.10912E+05-9.86225E+03-5.34412E+03
 -1      1171-5.61572E+05-5.95281E+05-2.57278E+02 2.11287E+05-9.71673E+03-5.30883E+03
 -1      1172 5.81805E+05 6.29996E+05 2.27712E+03-1.65919E+05-1.04479E+04-4.06060E+03
 -1      1174-5.81682E+05-6.29612E+05-2.75364E+02 1.66214E+05-1.02641E+04-4.03372E+03
 -1      1175 5.96158E+05 6.55715E+05 2.28778E+03-1.19478E+05-1.08838E+04-2.84992E+03
 -1      1177-5.96021E+05-6.55255E+05-2.86309E+02 1.19683E+05-1.06699E+04-2.83113E+03
 -1      1178 6.05382E+05 6.72810E+05 2.29379E+03-7.20659E+04-1.11729E+04-1.69000E+03
 -1      1180-6.05236E+05-6.72300E+05-2.92504E+02 7.21746E+04-1.09382E+04-1.67892E+03
 -1      1181 6.09892E+05 6.81342E+05 2.29649E+03-2.40968E+04-1.13169E+04-5.60032E+02
 -1      1183-6.09742E+05-6.80806E+05-2.95306E+02 2.41048E+04-1.10716E+04-5.56372E+02
 -1      1184 6.09889E+05 6.81341E+05 2.29647E+03 2.40541E+04-1.13169E+04 5.60031E+02
 -1      1186-6.09745E+05-6.80807E+05-2.95321E+02-2.41474E+04-1.10716E+04 5.56381E+02
 -1      1187 6.05375E+05 6.72807E+05 2.29374E+03 7.20246E+04-1.11729E+04 1.69000E+03
 -1      1189-6.05243E+05-6.72302E+05-2.92548E+02-7.22158E+04-1.09382E+04 1.67893E+03
 -1      1190 5.96145E+05 6.55709E+05 2.28772E+03 1.19440E+05-1.08838E+04 2.84992E+03
 -1      1192-5.96034E+05-6.55261E+05-2.86378E+02-1.19721E+05-1.06699E+04 2.83114E+03
 -1      1193 5.81786E+05 6.29987E+05 2.27704E+03 1.65886E+05-1.04479E+04 4.06060E+03
 -1      1195-5.81701E+05-6.29621E+05-2.75445E+02-1.66247E+05-1.02641E+04 4.03373E+03
 -1      1196 5.61653E+05 5.95555E+05 2.25935E+03 2.10887E+05-9.86226E+03 5.34411E+03
 -1      1198-5.61598E+05-5.95296E+05-2.57343E+02-2.11312E+05-9.71673E+03 5.30884E+03
 -1      1199 5.34842E+05 5.52308E+05 2.23049E+03 2.53874E+05-9.12602E+03 6.72429E+03
 -1      1201-5.34816E+05-5.52178E+05-2.27899E+02-2.54346E+05-9.02531E+03 6.68060E+03
 -1      1202 5.00146E+05 5.00138E+05 2.18505E+03 2.94179E+05-8.22726E+03 8.22726E+03
 -1      1204-5.00146E+05-5.00155E+05-1.81667E+02-2.94680E+05-8.17577E+03 8.17578E+03
 -1      1205 4.55992E+05 4.38945E+05 2.11155E+03 3.30960E+05-7.21746E+03 9.88319E+03
 -1      1207-4.56010E+05-4.39119E+05-1.07231E+02-3.31467E+05-7.21700E+03 9.82550E+03
 -1      1208 4.00423E+05 3.68730E+05 2.01909E+03 3.63517E+05-5.82495E+03 1.17205E+04
 -1      1210-4.00450E+05-3.69059E+05-1.36087E+01-3.64009E+05-5.87439E+03 1.16596E+04
 -1      1211 3.30707E+05 2.89301E+05 1.78803E+03 3.89628E+05-5.52385E+03 1.37903E+04
 -1      1213-3.30734E+05-2.89767E+05 2.18452E+02-3.90075E+05-5.61819E+03 1.37312E+04
 -1      1214 2.44924E+05 2.02118E+05 1.96410E+03 4.14614E+05 1.49943E+03 1.60399E+04
 -1      1216-2.44943E+05-2.02680E+05 4.36847E+01-4.14981E+05 1.36660E+03 1.59897E+04
 -1      1217 1.33121E+05 1.00924E+05-4.25369E+02 4.03458E+05-2.65566E+04 1.90090E+04
 -1      1219-1.33132E+05-1.01520E+05 2.43541E+03-4.03670E+05-2.67052E+04 1.89793E+04
 -1      1220 6.27932E+04 2.64656E+04-8.67340E+03 3.78189E+05 1.32114E+05 2.08353E+04
 -1      1222-6.28017E+04-2.69950E+04 1.06826E+04-3.78368E+05 1.31971E+05 2.08092E+04
 -1      1223 6.81363E+04 2.84273E+04-9.12641E+03-3.23807E+05 1.13188E+05-2.23404E+04
 -1      1225-6.81333E+04-2.86719E+04 1.11446E+04 3.24010E+05 1.13052E+05-2.23083E+04
 -1      1226 1.44281E+05 1.06920E+05-5.34305E+02-3.45569E+05-2.26293E+04-2.04673E+04
 -1      1228-1.44264E+05-1.07170E+05 2.55081E+03 3.45827E+05-2.27715E+04-2.04215E+04
 -1      1229 2.66587E+05 2.14267E+05 1.94424E+03-3.55465E+05 1.45596E+03-1.74222E+04
 -1      1231-2.66535E+05-2.14502E+05 6.73585E+01 3.55904E+05 1.32789E+03-1.73428E+04
 -1      1232 3.61733E+05 3.07336E+05 1.75539E+03-3.34541E+05-4.49931E+03-1.50779E+04
 -1      1234-3.61637E+05-3.07530E+05 2.52672E+02 3.35058E+05-4.59185E+03-1.49795E+04
 -1      1235 4.39727E+05 3.92618E+05 2.01090E+03-3.12653E+05-4.71505E+03-1.28877E+04
 -1      1237-4.39585E+05-3.92733E+05-5.37322E+00 3.13190E+05-4.76590E+03-1.27809E+04
 -1      1238 5.02347E+05 4.68453E+05 2.13013E+03-2.85148E+05-5.87885E+03-1.09197E+04
 -1      1240-5.02161E+05-4.68461E+05-1.26608E+02 2.85666E+05-5.88311E+03-1.08128E+04
 -1      1241 5.52357E+05 5.34887E+05 2.23020E+03-2.53872E+05-6.72428E+03-9.12603E+03
 -1      1243-5.52129E+05-5.34771E+05-2.28190E+02 2.54348E+05-6.68062E+03-9.02531E+03
 -1      1244 5.91794E+05 5.91783E+05 2.29900E+03-2.19408E+05-7.48221E+03-7.48223E+03
 -1      1246-5.91527E+05-5.91538E+05-2.98280E+02 2.19826E+05-7.39214E+03-7.39213E+03
 -1      1247 6.22340E+05 6.39125E+05 2.34737E+03-1.82482E+05-8.10638E+03-5.96118E+03
 -1      1249-6.22039E+05-6.38760E+05-3.47746E+02 1.82832E+05-7.97391E+03-5.88472E+03
 -1      1250 6.45311E+05 6.76930E+05 2.38012E+03-1.43688E+05-8.60492E+03-4.53802E+03
 -1      1252-6.44979E+05-6.76460E+05-3.81399E+02 1.43961E+05-8.43612E+03-4.47713E+03
 -1      1253 6.61708E+05 7.05234E+05 2.40153E+03-1.03541E+05-8.97716E+03-3.18932E+03
 -1      1255-6.61352E+05-7.04682E+05-4.03504E+02 1.03730E+05-8.77971E+03-3.14520E+03
 -1      1256 6.72250E+05 7.24078E+05 2.41441E+03-6.24816E+04-9.22451E+03-1.89293E+03
 -1      1258-6.71879E+05-7.23469E+05-4.16841E+02 6.25820E+04-9.00732E+03-1.86623E+03
 -1      1259 6.77406E+05 7.33490E+05 2.42044E+03-2.08969E+04-9.34791E+03-6.27550E+02
 -1      1261-6.77029E+05-7.32854E+05-4.23115E+02 2.09056E+04-9.12064E+03-6.18615E+02
 -1      1262 6.77402E+05 7.33488E+05 2.42044E+03 2.08597E+04-9.34791E+03 6.27546E+02
 -1      1264-6.77033E+05-7.32856E+05-4.23120E+02-2.09427E+04-9.12064E+03 6.18622E+02
 -1      1265 6.72241E+05 7.24072E+05 2.41440E+03 6.24460E+04-9.22451E+03 1.89292E+03
 -1      1267-6.71889E+05-7.23474E+05-4.16854E+02-6.26176E+04-9.00732E+03 1.86624E+03
 -1      1268 6.61692E+05 7.05225E+05 2.40152E+03 1.03509E+05-8.97716E+03 3.18932E+03
 -1      1270-6.61368E+05-7.04691E+05-4.03515E+02-1.03762E+05-8.77971E+03 3.14520E+03
 -1      1271 6.45289E+05 6.76914E+05 2.38012E+03 1.43661E+05-8.60493E+03 4.53801E+03
 -1      1273-6.45001E+05-6.76475E+05-3.81392E+02-1.43988E+05-8.43612E+03 4.47714E+03
 -1      1274 6.22312E+05 6.39101E+05 2.34742E+03 1.82463E+05-8.10639E+03 5.96117E+03
 -1      1276-6.22067E+05-6.38784E+05-3.47691E+02-1.82851E+05-7.97390E+03 5.88472E+03
 -1      1277 5.91760E+05 5.91746E+05 2.29915E+03 2.19399E+05-7.48222E+03 7.48222E+03
 -1      1279-5.91562E+05-5.91575E+05-2.98131E+02-2.19835E+05-7.39213E+03 7.39213E+03
 -1      1280 5.52319E+05 5.34832E+05 2.23049E+03 2.53876E+05-6.72429E+03 9.12602E+03
 -1      1282-5.52167E+05-5.34827E+05-2.27895E+02-2.54344E+05-6.68060E+03 9.02531E+03
 -1      1283 5.02309E+05 4.68371E+05 2.13058E+03 2.85166E+05-5.87886E+03 1.09197E+04
 -1      1285-5.02200E+05-4.68543E+05-1.26155E+02-2.85648E+05-5.88308E+03 1.08128E+04
 -1      1286 4.39692E+05 3.92500E+05 2.01143E+03 3.12684E+05-4.71506E+03 1.28877E+04
 -1      1288-4.39620E+05-3.92851E+05-4.85167E+00-3.13159E+05-4.76587E+03 1.27808E+04
 -1      1289 3.61706E+05 3.07173E+05 1.75576E+03 3.34580E+05-4.49932E+03 1.50779E+04
 -1      1291-3.61664E+05-3.07693E+05 2.53038E+02-3.35020E+05-4.59181E+03 1.49795E+04
 -1      1292 2.66571E+05 2.14053E+05 1.94417E+03 3.55502E+05 1.45597E+03 1.74222E+04
 -1      1294-2.66551E+05-2.14715E+05 6.72924E+01-3.55867E+05 1.32791E+03 1.73428E+04
 -1      1295 1.44274E+05 1.06660E+05-5.34945E+02 3.45593E+05-2.26293E+04 2.04673E+04
 -1      1297-1.44271E+05-1.07430E+05 2.55017E+03-3.45804E+05-2.27716E+04 2.04214E+04
 -1      1298 6.81334E+04 2.81340E+04-9.12742E+03 3.23820E+05 1.13188E+05 2.23404E+04
 -1      1300-6.81361E+04-2.89653E+04 1.11436E+04-3.23997E+05 1.13052E+05 2.23082E+04
 -1      1301 7.24695E+04 2.96608E+04-9.46701E+03-2.67344E+05 9.34965E+04-2.35282E+04
 -1      1303-7.24636E+04-3.02454E+04 1.14905E+04 2.67525E+05 9.33740E+04-2.34906E+04
 -1      1304 1.53319E+05 1.11317E+05-6.10536E+02-2.85395E+05-1.86199E+04-2.16276E+04
 -1      1306-1.53293E+05-1.11770E+05 2.63134E+03 2.85624E+05-1.87478E+04-2.15674E+04
 -1      1307 2.84182E+05 2.23440E+05 1.92943E+03-2.93787E+05 1.30974E+03-1.85232E+04
 -1      1309-2.84106E+05-2.23782E+05 8.57100E+01 2.94176E+05 1.19397E+03-1.84177E+04
 -1      1310 3.87059E+05 3.21096E+05 1.73067E+03-2.76804E+05-3.56971E+03-1.61114E+04
 -1      1312-3.86916E+05-3.21327E+05 2.80025E+02 2.77265E+05-3.65441E+03-1.59778E+04
 -1      1313 4.71972E+05 4.10932E+05 2.00122E+03-2.59028E+05-3.71919E+03-1.38324E+04
 -1      1315-4.71757E+05-4.11041E+05 5.81030E+00 2.59509E+05-3.76734E+03-1.36841E+04
 -1      1316 5.40569E+05 4.91155E+05 2.13845E+03-2.36559E+05-4.65976E+03-1.17639E+04
 -1      1318-5.40282E+05-4.91130E+05-1.34530E+02 2.37024E+05-4.66688E+03-1.16124E+04
 -1      1319 5.95602E+05 5.61709E+05 2.25905E+03-2.10886E+05-5.34410E+03-9.86226E+03
 -1      1321-5.95248E+05-5.61542E+05-2.57640E+02 2.11313E+05-5.30885E+03-9.71673E+03
 -1      1322 6.39150E+05 6.22343E+05 2.34721E+03-1.82470E+05-5.96116E+03-8.10639E+03
 -1      1324-6.38735E+05-6.22036E+05-3.47902E+02 1.82844E+05-5.88473E+03-7.97391E+03
 -1      1325 6.72961E+05 6.72946E+05 2.41245E+03-1.51912E+05-6.47143E+03-6.47144E+03
 -1      1327-6.72493E+05-6.72509E+05-4.14875E+02 1.52223E+05-6.35726E+03-6.35726E+03
 -1      1328 6.98429E+05 7.13452E+05 2.45885E+03-1.19714E+05-6.88043E+03-4.93407E+03
 -1      1330-6.97917E+05-7.12903E+05-4.62661E+02 1.19955E+05-6.73385E+03-4.84196E+03
 -1      1331 7.16626E+05 7.43835E+05 2.49040E+03-8.63172E+04-7.18660E+03-3.47155E+03
 -1      1333-7.16081E+05-7.43199E+05-4.95260E+02 8.64839E+04-7.01443E+03-3.40412E+03
 -1      1334 7.28334E+05 7.64088E+05 2.50992E+03-5.21090E+04-7.39043E+03-2.06193E+03
 -1      1336-7.27768E+05-7.63392E+05-5.15474E+02 5.21975E+04-7.20059E+03-2.02086E+03
 -1      1337 7.34061E+05 7.74213E+05 2.51923E+03-1.74312E+04-7.49223E+03-6.83826E+02
 -1      1339-7.33488E+05-7.73488E+05-5.25135E+02 1.74401E+04-7.29337E+03-6.70032E+02
 -1      1340 7.34057E+05 7.74210E+05 2.51924E+03 1.74005E+04-7.49223E+03 6.83820E+02
 -1      1342-7.33491E+05-7.73490E+05-5.25131E+02-1.74708E+04-7.29337E+03 6.70035E+02
 -1      1343 7.28324E+05 7.64081E+05 2.50993E+03 5.20798E+04-7.39043E+03 2.06193E+03
 -1      1345-7.27779E+05-7.63400E+05-5.15457E+02-5.22266E+04-7.20059E+03 2.02086E+03
 -1      1346 7.16609E+05 7.43822E+05 2.49044E+03 8.62914E+04-7.18660E+03 3.47154E+03
 -1      1348-7.16098E+05-7.43212E+05-4.95221E+02-8.65096E+04-7.01443E+03 3.40413E+03
 -1      1349 6.98406E+05 7.13430E+05 2.45892E+03 1.19693E+05-6.88043E+03 4.93406E+03
 -1      1351-6.97940E+05-7.12925E+05-4.62587E+02-1.19975E+05-6.73385E+03 4.84197E+03
 -1      1352 6.72933E+05 6.72913E+05 2.41259E+03 1.51899E+05-6.47144E+03 6.47144E+03
 -1      1354-6.72522E+05-6.72542E+05-4.14744E+02-1.52237E+05-6.35726E+03 6.35726E+03
 -1      1355 6.39118E+05 6.22295E+05 2.34742E+03 1.82466E+05-5.96117E+03 8.10639E+03
 -1      1357-6.38767E+05-6.22084E+05-3.47691E+02-1.82848E+05-5.88472E+03 7.97391E+03
 -1      1358 5.95569E+05 5.61641E+05 2.25935E+03 2.10892E+05-5.34411E+03 9.86226E+03
 -1      1360-5.95282E+05-5.61610E+05-2.57338E+02-2.11307E+05-5.30883E+03 9.71673E+03
 -1      1361 5.40536E+05 4.91061E+05 2.13882E+03 2.36576E+05-4.65977E+03 1.17639E+04
 -1      1363-5.40315E+05-4.91225E+05-1.34166E+02-2.37008E+05-4.66686E+03 1.16124E+04
 -1      1364 4.71944E+05 4.10804E+05 2.00156E+03 2.59053E+05-3.71919E+03 1.38324E+04
 -1      1366-4.71785E+05-4.11169E+05 6.14785E+00-2.59484E+05-3.76732E+03 1.36841E+04
 -1      1367 3.87038E+05 3.20929E+05 1.73084E+03 2.76833E+05-3.56971E+03 1.61114E+04
 -1      1369-3.86937E+05-3.21494E+05 2.80194E+02-2.77235E+05-3.65439E+03 1.59777E+04
 -1      1370 2.84170E+05 2.23234E+05 1.92930E+03 2.93813E+05 1.30975E+03 1.85232E+04
 -1      1372-2.84118E+05-2.23989E+05 8.55753E+01-2.94149E+05 1.19398E+03 1.84177E+04
 -1      1373 1.53314E+05 1.11074E+05-6.11024E+02 2.85412E+05-1.86199E+04 2.16276E+04
 -1      1375-1.53298E+05-1.12013E+05 2.63085E+03-2.85607E+05-1.87478E+04 2.15673E+04
 -1      1376 7.24675E+04 2.93925E+04-9.46770E+03 2.67353E+05 9.34966E+04 2.35282E+04
 -1      1378-7.24656E+04-3.05138E+04 1.14898E+04-2.67515E+05 9.33740E+04 2.34906E+04
 -1      1379 7.58749E+04 3.05998E+04-9.71169E+03-2.09341E+05 7.32377E+04-2.44454E+04
 -1      1381-7.58666E+04-3.14747E+04 1.17396E+04 2.09490E+05 7.31356E+04-2.44032E+04
 -1      1382 1.60397E+05 1.14606E+05-6.65211E+02-2.23522E+05-1.45425E+04-2.25248E+04
 -1      1384-1.60364E+05-1.15235E+05 2.68962E+03 2.23711E+05-1.46492E+04-2.24525E+04
 -1      1385 2.97996E+05 2.30313E+05 1.92001E+03-2.30217E+05 1.08792E+03-1.93806E+04
 -1      1387-2.97899E+05-2.30748E+05 9.80768E+01 2.30540E+05 9.90897E+02-1.92530E+04
 -1      1388 4.07011E+05 3.31404E+05 1.71216E+03-2.17087E+05-2.71036E+03-1.69206E+04
 -1      1390-4.06829E+05-3.31671E+05 3.00711E+02 2.17470E+05-2.78200E+03-1.67571E+04
 -1      1391 4.97467E+05 4.24657E+05 1.99207E+03-2.03343E+05-2.80990E+03-1.45764E+04
 -1      1393-4.97192E+05-4.24762E+05 1.62494E+01 2.03743E+05-2.85163E+03-1.43928E+04
 -1      1394 5.70897E+05 5.08181E+05 2.14133E+03-1.85897E+05-3.53360E+03-1.24323E+04
 -1      1396-5.70528E+05-5.08127E+05-1.36964E+02 1.86284E+05-3.54164E+03-1.22427E+04
 -1      1397 6.30033E+05 5.81849E+05 2.27677E+03-1.65889E+05-4.06059E+03-1.04479E+04
 -1      1399-6.29575E+05-5.81638E+05-2.75717E+02 1.66244E+05-4.03374E+03-1.02641E+04
 -1      1400 6.76963E+05 6.45326E+05 2.37989E+03-1.43669E+05-4.53801E+03-8.60493E+03
 -1      1402-6.76426E+05-6.44964E+05-3.81622E+02 1.43980E+05-4.47715E+03-8.43612E+03
 -1      1403 7.13480E+05 6.98422E+05 2.45875E+03-1.19706E+05-4.93406E+03-6.88044E+03
 -1      1405-7.12875E+05-6.97923E+05-4.62760E+02 1.19963E+05-4.84197E+03-6.73386E+03
 -1      1406 7.41027E+05 7.41005E+05 2.51651E+03-9.43951E+04-5.25238E+03-5.25239E+03
 -1      1408-7.40367E+05-7.40389E+05-5.22336E+02 9.45942E+04-5.13341E+03-5.13342E+03
 -1      1409 7.60730E+05 7.72993E+05 2.55674E+03-6.80956E+04-5.49117E+03-3.69884E+03
 -1      1411-7.60029E+05-7.72285E+05-5.63915E+02 6.82329E+04-5.35096E+03-3.61134E+03
 -1      1412 7.73415E+05 7.94338E+05 2.58206E+03-4.11223E+04-5.65038E+03-2.19823E+03
 -1      1414-7.72688E+05-7.93568E+05-5.90129E+02 4.11955E+04-5.49547E+03-2.14475E+03
 -1      1415 7.79622E+05 8.05014E+05 2.59427E+03-1.37582E+04-5.72996E+03-7.29239E+02
 -1      1417-7.78886E+05-8.04215E+05-6.02780E+02 1.37665E+04-5.56755E+03-7.11252E+02
 -1      1418 7.79618E+05 8.05011E+05 2.59428E+03 1.37344E+04-5.72996E+03 7.29231E+02
 -1      1420-7.78889E+05-8.04218E+05-6.02767E+02-1.37903E+04-5.56755E+03 7.11253E+02
 -1      1421 7.73404E+05 7.94328E+05 2.58210E+03 4.10999E+04-5.65038E+03 2.19822E+03
 -1      1423-7.72699E+05-7.93578E+05-5.90088E+02-4.12179E+04-5.49547E+03 2.14475E+03
 -1      1424 7.60713E+05 7.72976E+05 2.55681E+03 6.80761E+04-5.49117E+03 3.69884E+03
 -1      1426-7.60046E+05-7.72302E+05-5.63840E+02-6.82523E+04-5.35095E+03 3.61134E+03
 -1      1427 7.41005E+05 7.40978E+05 2.51663E+03 9.43800E+04-5.25238E+03 5.25238E+03
 -1      1429-7.40390E+05-7.40416E+05-5.22218E+02-9.46092E+04-5.13341E+03 5.13341E+03
 -1      1430 7.13453E+05 6.98382E+05 2.45892E+03 1.19696E+05-4.93406E+03 6.88043E+03
 -1      1432-7.12902E+05-6.97963E+05-4.62589E+02-1.19972E+05-4.84196E+03 6.73385E+03
 -1      1433 6.76934E+05 6.45270E+05 2.38012E+03 1.43667E+05-4.53801E+03 8.60493E+03
 -1      1435-6.76456E+05-6.45021E+05-3.81394E+02-1.43982E+05-4.47714E+03 8.43612E+03
 -1      1436 6.30003E+05 5.81772E+05 2.27704E+03 1.65895E+05-4.06060E+03 1.04479E+04
 -1      1438-6.29605E+05-5.81715E+05-2.75443E+02-1.66238E+05-4.03373E+03 1.02641E+04
 -1      1439 5.70870E+05 5.08078E+05 2.14161E+03 1.85910E+05-3.53360E+03 1.24323E+04
 -1      1441-5.70556E+05-5.08231E+05-1.36684E+02-1.86271E+05-3.54162E+03 1.22427E+04
 -1      1442 4.97444E+05 4.24523E+05 1.99229E+03 2.03362E+05-2.80990E+03 1.45764E+04
 -1      1444-4.97215E+05-4.24896E+05 1.64666E+01-2.03724E+05-2.85161E+03 1.43928E+04
 -1      1445 4.06995E+05 3.31237E+05 1.71223E+03 2.17108E+05-2.71035E+03 1.69206E+04
 -1      1447-4.06845E+05-3.31839E+05 3.00778E+02-2.17449E+05-2.78199E+03 1.67571E+04
 -1      1448 2.97987E+05 2.30112E+05 1.91986E+03 2.30236E+05 1.08793E+03 1.93806E+04
 -1      1450-2.97908E+05-2.30949E+05 9.79255E+01-2.30521E+05 9.90905E+02 1.92530E+04
 -1      1451 1.60393E+05 1.14376E+05-6.65589E+02 2.23534E+05-1.45425E+04 2.25248E+04
 -1      1453-1.60368E+05-1.15465E+05 2.68924E+03-2.23700E+05-1.46492E+04 2.24525E+04
 -1      1454 7.58735E+04 3.03483E+04-9.71219E+03 2.09347E+05 7.32377E+04 2.44454E+04
 -1      1456-7.58681E+04-3.17262E+04 1.17391E+04-2.09484E+05 7.31355E+04 2.44032E+04
 -1      1457 7.83951E+04 3.12717E+04-9.88056E+03-1.50245E+05 5.25766E+04-2.51143E+04
 -1      1459-7.83849E+04-3.23752E+04 1.19120E+04 1.50356E+05 5.25000E+04-2.50686E+04
 -1      1460 1.65623E+05 1.16947E+05-7.02380E+02-1.60446E+05-1.04182E+04-2.31806E+04
 -1      1462-1.65585E+05-1.17715E+05 2.72958E+03 1.60587E+05-1.04984E+04-2.30988E+04
 -1      1463 3.08212E+05 2.35208E+05 1.91384E+03-1.65313E+05 8.12553E+02-2.00091E+04
 -1      1465-3.08100E+05-2.35718E+05 1.06524E+02 1.65554E+05 7.39455E+02-1.98643E+04
 -1      1466 4.21803E+05 3.38749E+05 1.69929E+03-1.55974E+05-1.90188E+03-1.75160E+04
 -1      1468-4.21591E+05-3.39045E+05 3.15277E+02 1.56261E+05-1.95621E+03-1.73291E+04
 -1      1469 5.16416E+05 4.34435E+05 1.98488E+03-1.46199E+05-1.96405E+03-1.51259E+04
 -1      1471-5.16095E+05-4.34538E+05 2.44744E+01 1.46499E+05-1.99624E+03-1.49148E+04
 -1      1472 5.93498E+05 5.20316E+05 2.14189E+03-1.33755E+05-2.47657E+03-1.29280E+04
 -1      1474-5.93066E+05-5.20239E+05-1.37126E+02 1.34045E+05-2.48374E+03-1.27086E+04
 -1      1475 6.55753E+05 5.96213E+05 2.28747E+03-1.19448E+05-2.84992E+03-1.08838E+04
 -1      1477-6.55217E+05-5.95966E+05-2.86623E+02 1.19714E+05-2.83114E+03-1.06699E+04
 -1      1478 7.05273E+05 6.61733E+05 2.40129E+03-1.03519E+05-3.18931E+03-8.97716E+03
 -1      1480-7.04643E+05-6.61326E+05-4.03746E+02 1.03752E+05-3.14521E+03-8.77972E+03
 -1      1481 7.43871E+05 7.16628E+05 2.49025E+03-8.63044E+04-3.47154E+03-7.18661E+03
 -1      1483-7.43162E+05-7.16079E+05-4.95413E+02 8.64967E+04-3.40413E+03-7.01444E+03
 -1      1484 7.73025E+05 7.60715E+05 2.55667E+03-6.80900E+04-3.69884E+03-5.49118E+03
 -1      1486-7.72252E+05-7.60044E+05-5.63984E+02 6.82385E+04-3.61134E+03-5.35096E+03
 -1      1487 7.93896E+05 7.93868E+05 2.60364E+03-4.91379E+04-3.86961E+03-3.86962E+03
 -1      1489-7.93076E+05-7.93103E+05-6.12548E+02 4.92403E+04-3.76621E+03-3.76622E+03
 -1      1490 8.07340E+05 8.16008E+05 2.63353E+03-2.96814E+04-3.98360E+03-2.30074E+03
 -1      1492-8.06490E+05-8.15180E+05-6.43496E+02 2.97362E+04-3.86920E+03-2.23743E+03
 -1      1493 8.13920E+05 8.27087E+05 2.64805E+03-9.93161E+03-4.04061E+03-7.63412E+02
 -1      1495-8.13059E+05-8.26230E+05-6.58526E+02 9.93844E+03-3.92059E+03-7.42103E+02
 -1      1496 8.13917E+05 8.27083E+05 2.64807E+03 9.91475E+03-4.04061E+03 7.63404E+02
 -1      1498-8.13062E+05-8.26234E+05-6.58507E+02-9.95525E+03-3.92059E+03 7.42101E+02
 -1      1499 8.07330E+05 8.15996E+05 2.63359E+03 2.96657E+04-3.98360E+03 2.30073E+03
 -1      1501-8.06500E+05-8.15192E+05-6.43439E+02-2.97519E+04-3.86920E+03 2.23743E+03
 -1      1502 7.93880E+05 7.93848E+05 2.60373E+03 4.91244E+04-3.86961E+03 3.86961E+03
 -1      1504-7.93092E+05-7.93124E+05-6.12450E+02-4.92537E+04-3.76621E+03 3.76621E+03
 -1      1505 7.73004E+05 7.60683E+05 2.55681E+03 6.80798E+04-3.69884E+03 5.49117E+03
 -1      1507-7.72274E+05-7.60076E+05-5.63841E+02-6.82487E+04-3.61133E+03 5.35096E+03
 -1      1508 7.43847E+05 7.16583E+05 2.49044E+03 8.62985E+04-3.47154E+03 7.18661E+03
 -1      1510-7.43188E+05-7.16125E+05-4.95226E+02-8.65025E+04-3.40412E+03 7.01444E+03
 -1      1511 7.05246E+05 6.61670E+05 2.40152E+03 1.03519E+05-3.18931E+03 8.97716E+03
 -1      1513-7.04670E+05-6.61390E+05-4.03522E+02-1.03752E+05-3.14520E+03 8.77972E+03
 -1      1514 6.55727E+05 5.96129E+05 2.28771E+03 1.19452E+05-2.84992E+03 1.08838E+04
 -1      1516-6.55243E+05-5.96050E+05-2.86382E+02-1.19709E+05-2.83114E+03 1.06699E+04
 -1      1517 5.93474E+05 5.20207E+05 2.14211E+03 1.33765E+05-2.47657E+03 1.29280E+04
 -1      1519-5.93089E+05-5.20349E+05-1.36908E+02-1.34036E+05-2.48373E+03 1.27086E+04
 -1      1520 5.16398E+05 4.34298E+05 1.98502E+03 1.46212E+05-1.96405E+03 1.51259E+04
 -1      1522-5.16114E+05-4.34676E+05 2.46174E+01-1.46486E+05-1.99623E+03 1.49148E+04
 -1      1523 4.21790E+05 3.38581E+05 1.69931E+03 1.55988E+05-1.90187E+03 1.75160E+04
 -1      1525-4.21605E+05-3.39212E+05 3.15291E+02-1.56246E+05-1.95620E+03 1.73291E+04
 -1      1526 3.08205E+05 2.35012E+05 1.91370E+03 1.65325E+05 8.12562E+02 2.00091E+04
 -1      1528-3.08107E+05-2.35914E+05 1.06375E+02-1.65541E+05 7.39460E+02 1.98643E+04
 -1      1529 1.65620E+05 1.16725E+05-7.02685E+02 1.60453E+05-1.04182E+04 2.31806E+04
 -1      1531-1.65587E+05-1.17936E+05 2.72928E+03-1.60579E+05-1.04984E+04 2.30988E+04
 -1      1532 7.83940E+04 3.10313E+04-9.88095E+03 1.50249E+05 5.25767E+04 2.51144E+04
 -1      1534-7.83860E+04-3.26156E+04 1.19116E+04-1.50352E+05 5.25000E+04 2.50686E+04
 -1      1535 8.00603E+04 3.17056E+04-9.98627E+03-9.04226E+04 3.16477E+04-2.55518E+04
 -1      1537-8.00488E+04-3.29668E+04 1.20200E+04 9.04913E+04 3.16003E+04-2.55035E+04
 -1      1538 1.69070E+05 1.18449E+05-7.25500E+02-9.65707E+04-6.26269E+03-2.36098E+04
 -1      1540-1.69028E+05-1.19313E+05 2.75460E+03 9.66574E+04-6.31236E+03-2.35217E+04
 -1      1541 3.14958E+05 2.38352E+05 1.91018E+03-9.95232E+04 5.01276E+02-2.04215E+04
 -1      1543-3.14835E+05-2.38914E+05 1.11750E+02 9.96719E+04 4.55884E+02-2.02650E+04
 -1      1544 4.31586E+05 3.43467E+05 1.69119E+03-9.39354E+04-1.12783E+03-1.79076E+04
 -1      1546-4.31354E+05-3.43783E+05 3.24534E+02 9.41123E+04-1.16171E+03-1.77047E+04
 -1      1547 5.28969E+05 4.40717E+05 1.98003E+03-8.80871E+04-1.16160E+03-1.54885E+04
 -1      1549-5.28617E+05-4.40819E+05 3.00304E+01 8.82725E+04-1.18188E+03-1.52584E+04
 -1      1550 6.08495E+05 5.28113E+05 2.14166E+03-8.06280E+04-1.46728E+03-1.32559E+04
 -1      1552-6.08021E+05-5.28020E+05-1.36597E+02 8.08076E+04-1.47219E+03-1.30160E+04
 -1      1553 6.72849E+05 6.05445E+05 2.29352E+03-7.20379E+04-1.69000E+03-1.11729E+04
 -1      1555-6.72260E+05-6.05172E+05-2.92776E+02 7.22025E+04-1.67893E+03-1.09382E+04
 -1      1556 7.24119E+05 6.72284E+05 2.41417E+03-6.24600E+04-1.89292E+03-9.22452E+03
 -1      1558-7.23427E+05-6.71846E+05-4.17081E+02 6.26036E+04-1.86624E+03-9.00733E+03
 -1      1559 7.64130E+05 7.28343E+05 2.50973E+03-5.20938E+04-2.06193E+03-7.39044E+03
 -1      1561-7.63351E+05-7.27759E+05-5.15655E+02 5.22126E+04-2.02086E+03-7.20060E+03
 -1      1562 7.94378E+05 7.73405E+05 2.58194E+03-4.11131E+04-2.19822E+03-5.65039E+03
 -1      1564-7.93528E+05-7.72697E+05-5.90243E+02 4.12048E+04-2.14475E+03-5.49548E+03
 -1      1565 8.16045E+05 8.07317E+05 2.63348E+03-2.96772E+04-2.30073E+03-3.98360E+03
 -1      1567-8.15143E+05-8.06513E+05-6.43547E+02 2.97404E+04-2.23743E+03-3.86921E+03
 -1      1568 8.30007E+05 8.29974E+05 2.66651E+03-1.79294E+04-2.36920E+03-2.36921E+03
 -1      1570-8.29073E+05-8.29106E+05-6.77737E+02 1.79633E+04-2.29910E+03-2.29910E+03
 -1      1571 8.36843E+05 8.41316E+05 2.68262E+03-5.99975E+03-2.40346E+03-7.86246E+02
 -1      1573-8.35897E+05-8.40419E+05-6.94408E+02 6.00425E+03-2.32989E+03-7.62637E+02
 -1      1574 8.36840E+05 8.41311E+05 2.68264E+03 5.98973E+03-2.40346E+03 7.86237E+02
 -1      1576-8.35900E+05-8.40423E+05-6.94386E+02-6.01424E+03-2.32989E+03 7.62633E+02
 -1      1577 8.29997E+05 8.29961E+05 2.66657E+03 1.79200E+04-2.36920E+03 2.36920E+03
 -1      1579-8.29083E+05-8.29120E+05-6.77671E+02-1.79726E+04-2.29910E+03 2.29910E+03
 -1      1580 8.16029E+05 8.07294E+05 2.63359E+03 2.96693E+04-2.30073E+03 3.98360E+03
 -1      1582-8.15159E+05-8.06536E+05-6.43435E+02-2.97483E+04-2.23743E+03 3.86920E+03
 -1      1583 7.94357E+05 7.73370E+05 2.58210E+03 4.11072E+04-2.19822E+03 5.65038E+03
 -1      1585-7.93548E+05-7.72733E+05-5.90088E+02-4.12107E+04-2.14475E+03 5.49548E+03
 -1      1586 7.64107E+05 7.28294E+05 2.50993E+03 5.20906E+04-2.06193E+03 7.39043E+03
 -1      1588-7.63374E+05-7.27809E+05-5.15463E+02-5.22159E+04-2.02086E+03 7.20060E+03
 -1      1589 7.24094E+05 6.72216E+05 2.41438E+03 6.24598E+04-1.89292E+03 9.22451E+03
 -1      1591-7.23452E+05-6.71913E+05-4.16866E+02-6.26038E+04-1.86623E+03 9.00732E+03
 -1      1592 6.72825E+05 6.05357E+05 2.29373E+03 7.20409E+04-1.69000E+03 1.11729E+04
 -1      1594-6.72284E+05-6.05261E+05-2.92561E+02-7.21996E+04-1.67892E+03 1.09382E+04
 -1      1595 6.08474E+05 5.28000E+05 2.14184E+03 8.06337E+04-1.46728E+03 1.32559E+04
 -1      1597-6.08042E+05-5.28133E+05-1.36419E+02-8.08019E+04-1.47218E+03 1.30160E+04
 -1      1598 5.28953E+05 4.40577E+05 1.98014E+03 8.80947E+04-1.16159E+03 1.54885E+04
 -1      1600-5.28634E+05-4.40959E+05 3.01314E+01-8.82648E+04-1.18187E+03 1.52584E+04
 -1      1601 4.31574E+05 3.43300E+05 1.69118E+03 9.39435E+04-1.12783E+03 1.79076E+04
 -1      1603-4.31365E+05-3.43950E+05 3.24522E+02-9.41042E+04-1.16170E+03 1.77047E+04
 -1      1604 3.14952E+05 2.38158E+05 1.91003E+03 9.95302E+04 5.01281E+02 2.04215E+04
 -1      1606-3.14841E+05-2.39107E+05 1.11607E+02-9.96650E+04 4.55887E+02 2.02650E+04
 -1      1607 1.69068E+05 1.18233E+05-7.25760E+02 9.65748E+04-6.26268E+03 2.36098E+04
 -1      1609-1.69030E+05-1.19529E+05 2.75434E+03-9.66533E+04-6.31236E+03 2.35217E+04
 -1      1610 8.00594E+04 3.14720E+04-9.98659E+03 9.04249E+04 3.16478E+04 2.55518E+04
 -1      1612-8.00498E+04-3.32004E+04 1.20197E+04-9.04891E+04 3.16003E+04 2.55035E+04
 -1      1613 8.08886E+04 3.19184E+04-1.00371E+04-3.01858E+04 1.05658E+04-2.57680E+04
 -1      1615-8.08765E+04-3.32599E+04 1.20721E+04 3.02090E+04 1.05498E+04-2.57185E+04
 -1      1616 1.70782E+05 1.19183E+05-7.36572E+02-3.22396E+04-2.08947E+03-2.38222E+04
 -1      1618-1.70738E+05-1.20096E+05 2.76664E+03 3.22689E+04-2.10630E+03-2.37308E+04
 -1      1619 3.18311E+05 2.39888E+05 1.90846E+03-3.32290E+04 1.69340E+02-2.06258E+04
 -1      1621-3.18183E+05-2.40477E+05 1.14258E+02 3.32793E+04 1.53953E+02-2.04633E+04
 -1      1622 4.36454E+05 3.45774E+05 1.68729E+03-3.13689E+04-3.73761E+02-1.81018E+04
 -1      1624-4.36212E+05-3.46100E+05 3.29024E+02 3.14287E+04-3.85269E+02-1.78908E+04
 -1      1625 5.35222E+05 4.43788E+05 1.97762E+03-2.94222E+04-3.84429E+02-1.56685E+04
 -1      1627-5.34854E+05-4.43889E+05 3.28116E+01 2.94849E+04-3.91354E+02-1.54288E+04
 -1      1628 6.15973E+05 5.31925E+05 2.14139E+03-2.69371E+04-4.86016E+02-1.34190E+04
 -1      1630-6.15477E+05-5.31824E+05-1.36172E+02 2.69979E+04-4.87754E+02-1.31687E+04
 -1      1631 6.81382E+05 6.09960E+05 2.29624E+03-2.40729E+04-5.60032E+02-1.13169E+04
 -1      1633-6.80766E+05-6.09674E+05-2.95548E+02 2.41286E+04-5.56378E+02-1.10716E+04
 -1      1634 7.33533E+05 6.77444E+05 2.42021E+03-2.08769E+04-6.27548E+02-9.34791E+03
 -1      1636-7.32810E+05-6.76990E+05-4.23347E+02 2.09255E+04-6.18620E+02-9.12065E+03
 -1      1637 7.74258E+05 7.34075E+05 2.51904E+03-1.74156E+04-6.83822E+02-7.49223E+03
 -1      1639-7.73443E+05-7.33473E+05-5.25328E+02 1.74557E+04-6.70034E+02-7.29338E+03
 -1      1640 8.05059E+05 7.79617E+05 2.59413E+03-1.37468E+04-7.29234E+02-5.72996E+03
 -1      1642-8.04171E+05-7.78890E+05-6.02920E+02 1.37778E+04-7.11253E+02-5.56756E+03
 -1      1643 8.27130E+05 8.13901E+05 2.64797E+03-9.92433E+03-7.63407E+02-4.04062E+03
 -1      1645-8.26188E+05-8.13078E+05-6.58611E+02 9.94569E+03-7.42101E+02-3.92060E+03
 -1      1646 8.41355E+05 8.36814E+05 2.68258E+03-5.99625E+03-7.86240E+02-2.40347E+03
 -1      1648-8.40379E+05-8.35926E+05-6.94445E+02 6.00774E+03-7.62634E+02-2.32989E+03
 -1      1649 8.48321E+05 8.48284E+05 2.69950E+03-2.00662E+03-7.97669E+02-7.97674E+02
 -1      1651-8.47331E+05-8.47368E+05-7.11950E+02 2.00819E+03-7.72887E+02-7.72890E+02
 -1      1652 8.48318E+05 8.48280E+05 2.69952E+03 2.00330E+03-7.97669E+02 7.97665E+02
 -1      1654-8.47335E+05-8.47372E+05-7.11926E+02-2.01150E+03-7.72887E+02 7.72886E+02
 -1      1655 8.41346E+05 8.36800E+05 2.68265E+03 5.99317E+03-7.86240E+02 2.40346E+03
 -1      1657-8.40389E+05-8.35940E+05-6.94374E+02-6.01081E+03-7.62634E+02 2.32989E+03
 -1      1658 8.27115E+05 8.13877E+05 2.64808E+03 9.92172E+03-7.63407E+02 4.04061E+03
 -1      1660-8.26203E+05-8.13102E+05-6.58494E+02-9.94830E+03-7.42101E+02 3.92060E+03
 -1      1661 8.05039E+05 7.79580E+05 2.59429E+03 1.37449E+04-7.29234E+02 5.72996E+03
 -1      1663-8.04191E+05-7.78927E+05-6.02761E+02-1.37798E+04-7.11252E+02 5.56756E+03
 -1      1664 7.74235E+05 7.34024E+05 2.51923E+03 1.74145E+04-6.83822E+02 7.49223E+03
 -1      1666-7.73466E+05-7.33525E+05-5.25136E+02-1.74568E+04-6.70033E+02 7.29337E+03
 -1      1667 7.33510E+05 6.77375E+05 2.42042E+03 2.08769E+04-6.27547E+02 9.34791E+03
 -1      1669-7.32834E+05-6.77060E+05-4.23138E+02-2.09256E+04-6.18618E+02 9.12065E+03
 -1      1670 6.81359E+05 6.09869E+05 2.29644E+03 2.40739E+04-5.60031E+02 1.13169E+04
 -1      1672-6.80789E+05-6.09765E+05-2.95347E+02-2.41276E+04-5.56376E+02 1.10716E+04
 -1      1673 6.15953E+05 5.31810E+05 2.14155E+03 2.69390E+04-4.86015E+02 1.34190E+04
 -1      1675-6.15497E+05-5.31939E+05-1.36013E+02-2.69960E+04-4.87752E+02 1.31687E+04
 -1      1676 5.35207E+05 4.43648E+05 1.97770E+03 2.94247E+04-3.84427E+02 1.56685E+04
 -1      1678-5.34869E+05-4.44030E+05 3.28937E+01-2.94824E+04-3.91351E+02 1.54288E+04
 -1      1679 4.36444E+05 3.45607E+05 1.68727E+03 3.13715E+04-3.73759E+02 1.81018E+04
 -1      1681-4.36223E+05-3.46267E+05 3.29001E+02-3.14261E+04-3.85267E+02 1.78908E+04
 -1      1682 3.18306E+05 2.39696E+05 1.90832E+03 3.32313E+04 1.69343E+02 2.06258E+04
 -1      1684-3.18189E+05-2.40669E+05 1.14119E+02-3.32771E+04 1.53955E+02 2.04633E+04
 -1      1685 1.70780E+05 1.18969E+05-7.36811E+02 3.22409E+04-2.08947E+03 2.38222E+04
 -1      1687-1.70741E+05-1.20310E+05 2.76640E+03-3.22676E+04-2.10630E+03 2.37308E+04
 -1      1688 8.08878E+04 3.16879E+04-1.00374E+04 3.01865E+04 1.05658E+04 2.57680E+04
 -1      1690-8.08773E+04-3.34904E+04 1.20718E+04-3.02083E+04 1.05498E+04 2.57185E+04
 -1      1691 8.08886E+04 3.19184E+04-1.00371E+04 3.01858E+04-1.05658E+04-2.57680E+04
 -1      1693-8.08765E+04-3.32599E+04 1.20721E+04-3.02090E+04-1.05498E+04-2.57185E+04
 -1      1694 1.70782E+05 1.19183E+05-7.36572E+02 3.22396E+04 2.08947E+03-2.38222E+04
 -1      1696-1.70738E+05-1.20096E+05 2.76664E+03-3.22689E+04 2.10629E+03-2.37308E+04
 -1      1697 3.18311E+05 2.39888E+05 1.90846E+03 3.32290E+04-1.69341E+02-2.06258E+04
 -1      1699-3.18183E+05-2.40477E+05 1.14258E+02-3.32793E+04-1.53954E+02-2.04633E+04
 -1      1700 4.36454E+05 3.45774E+05 1.68729E+03 3.13689E+04 3.73760E+02-1.81018E+04
 -1      1702-4.36212E+05-3.46100E+05 3.29024E+02-3.14287E+04 3.85268E+02-1.78908E+04
 -1      1703 5.35222E+05 4.43788E+05 1.97762E+03 2.94222E+04 3.84428E+02-1.56685E+04
 -1      1705-5.34854E+05-4.43889E+05 3.28116E+01-2.94849E+04 3.91353E+02-1.54288E+04
 -1      1706 6.15973E+05 5.31925E+05 2.14139E+03 2.69371E+04 4.86015E+02-1.34190E+04
 -1      1708-6.15477E+05-5.31824E+05-1.36172E+02-2.69979E+04 4.87754E+02-1.31687E+04
 -1      1709 6.81382E+05 6.09960E+05 2.29624E+03 2.40729E+04 5.60031E+02-1.13169E+04
 -1      1711-6.80766E+05-6.09674E+05-2.95548E+02-2.41286E+04 5.56378E+02-1.10716E+04
 -1      1712 7.33533E+05 6.77444E+05 2.42021E+03 2.08769E+04 6.27547E+02-9.34791E+03
 -1      1714-7.32810E+05-6.76990E+05-4.23347E+02-2.09255E+04 6.18620E+02-9.12065E+03
 -1      1715 7.74258E+05 7.34075E+05 2.51904E+03 1.74156E+04 6.83822E+02-7.49223E+03
 -1      1717-7.73443E+05-7.33473E+05-5.25328E+02-1.74557E+04 6.70034E+02-7.29338E+03
 -1      1718 8.05059E+05 7.79617E+05 2.59413E+03 1.37468E+04 7.29234E+02-5.72996E+03
 -1      1720-8.04171E+05-7.78890E+05-6.02920E+02-1.37778E+04 7.11252E+02-5.56756E+03
 -1      1721 8.27130E+05 8.13901E+05 2.64797E+03 9.92433E+03 7.63407E+02-4.04062E+03
 -1      1723-8.26188E+05-8.13078E+05-6.58611E+02-9.94570E+03 7.42101E+02-3.92060E+03
 -1      1724 8.41355E+05 8.36814E+05 2.68258E+03 5.99625E+03 7.86240E+02-2.40347E+03
 -1      1726-8.40379E+05-8.35926E+05-6.94445E+02-6.00774E+03 7.62634E+02-2.32989E+03
 -1      1727 8.48321E+05 8.48284E+05 2.69950E+03 2.00662E+03 7.97669E+02-7.97674E+02
 -1      1729-8.47331E+05-8.47368E+05-7.11950E+02-2.00819E+03 7.72887E+02-7.72890E+02
 -1      1730 8.48318E+05 8.48280E+05 2.69952E+03-2.00330E+03 7.97669E+02 7.97665E+02
 -1      1732-8.47335E+05-8.47372E+05-7.11926E+02 2.01150E+03 7.72887E+02 7.72886E+02
 -1      1733 8.41346E+05 8.36800E+05 2.68265E+03-5.99317E+03 7.86241E+02 2.40346E+03
 -1      1735-8.40389E+05-8.35940E+05-6.94374E+02 6.01081E+03 7.62634E+02 2.32989E+03
 -1      1736 8.27115E+05 8.13877E+05 2.64808E+03-9.92172E+03 7.63407E+02 4.04061E+03
 -1      1738-8.26203E+05-8.13102E+05-6.58494E+02 9.94830E+03 7.42101E+02 3.92060E+03
 -1      1739 8.05039E+05 7.79580E+05 2.59429E+03-1.37449E+04 7.29235E+02 5.72996E+03
 -1      1741-8.04191E+05-7.78927E+05-6.02761E+02 1.37798E+04 7.11252E+02 5.56756E+03
 -1      1742 7.74235E+05 7.34024E+05 2.51923E+03-1.74145E+04 6.83822E+02 7.49223E+03
 -1      1744-7.73466E+05-7.33525E+05-5.25136E+02 1.74568E+04 6.70033E+02 7.29337E+03
 -1      1745 7.33510E+05 6.77375E+05 2.42042E+03-2.08769E+04 6.27548E+02 9.34791E+03
 -1      1747-7.32834E+05-6.77060E+05-4.23138E+02 2.09256E+04 6.18619E+02 9.12065E+03
 -1      1748 6.81359E+05 6.09869E+05 2.29644E+03-2.40739E+04 5.60031E+02 1.13169E+04
 -1      1750-6.80789E+05-6.09765E+05-2.95347E+02 2.41276E+04 5.56377E+02 1.10716E+04
 -1      1751 6.15953E+05 5.31810E+05 2.14155E+03-2.69390E+04 4.86016E+02 1.34190E+04
 -1      1753-6.15497E+05-5.31939E+05-1.36013E+02 2.69960E+04 4.87753E+02 1.31687E+04
 -1      1754 5.35207E+05 4.43648E+05 1.97770E+03-2.94247E+04 3.84428E+02 1.56685E+04
 -1      1756-5.34869E+05-4.44030E+05 3.28937E+01 2.94824E+04 3.91352E+02 1.54288E+04
 -1      1757 4.36444E+05 3.45607E+05 1.68727E+03-3.13715E+04 3.73760E+02 1.81018E+04
 -1      1759-4.36223E+05-3.46267E+05 3.29001E+02 3.14261E+04 3.85268E+02 1.78908E+04
 -1      1760 3.18306E+05 2.39696E+05 1.90832E+03-3.32313E+04-1.69342E+02 2.06258E+04
 -1      1762-3.18189E+05-2.40669E+05 1.14119E+02 3.32770E+04-1.53953E+02 2.04633E+04
 -1      1763 1.70780E+05 1.18969E+05-7.36811E+02-3.22409E+04 2.08947E+03 2.38222E+04
 -1      1765-1.70741E+05-1.20310E+05 2.76640E+03 3.22676E+04 2.10630E+03 2.37308E+04
 -1      1766 8.08878E+04 3.16879E+04-1.00374E+04-3.01865E+04-1.05658E+04 2.57680E+04
 -1      1768-8.08773E+04-3.34904E+04 1.20718E+04 3.02083E+04-1.05498E+04 2.57185E+04
 -1      1769 8.00603E+04 3.17056E+04-9.98627E+03 9.04226E+04-3.16477E+04-2.55518E+04
 -1      1771-8.00488E+04-3.29668E+04 1.20200E+04-9.04913E+04-3.16003E+04-2.55035E+04
 -1      1772 1.69070E+05 1.18449E+05-7.25500E+02 9.65707E+04 6.26269E+03-2.36098E+04
 -1      1774-1.69028E+05-1.19313E+05 2.75460E+03-9.66574E+04 6.31236E+03-2.35217E+04
 -1      1775 3.14958E+05 2.38352E+05 1.91018E+03 9.95232E+04-5.01277E+02-2.04215E+04
 -1      1777-3.14835E+05-2.38914E+05 1.11750E+02-9.96719E+04-4.55885E+02-2.02650E+04
 -1      1778 4.31586E+05 3.43467E+05 1.69119E+03 9.39354E+04 1.12783E+03-1.79076E+04
 -1      1780-4.31354E+05-3.43783E+05 3.24534E+02-9.41123E+04 1.16171E+03-1.77047E+04
 -1      1781 5.28969E+05 4.40717E+05 1.98003E+03 8.80871E+04 1.16160E+03-1.54885E+04
 -1      1783-5.28617E+05-4.40819E+05 3.00304E+01-8.82725E+04 1.18188E+03-1.52584E+04
 -1      1784 6.08495E+05 5.28113E+05 2.14166E+03 8.06280E+04 1.46728E+03-1.32559E+04
 -1      1786-6.08021E+05-5.28020E+05-1.36597E+02-8.08076E+04 1.47219E+03-1.30160E+04
 -1      1787 6.72849E+05 6.05445E+05 2.29352E+03 7.20379E+04 1.69000E+03-1.11729E+04
 -1      1789-6.72260E+05-6.05172E+05-2.92776E+02-7.22025E+04 1.67893E+03-1.09382E+04
 -1      1790 7.24119E+05 6.72284E+05 2.41417E+03 6.24600E+04 1.89292E+03-9.22452E+03
 -1      1792-7.23427E+05-6.71846E+05-4.17081E+02-6.26036E+04 1.86624E+03-9.00733E+03
 -1      1793 7.64130E+05 7.28343E+05 2.50973E+03 5.20938E+04 2.06193E+03-7.39044E+03
 -1      1795-7.63351E+05-7.27759E+05-5.15655E+02-5.22126E+04 2.02086E+03-7.20060E+03
 -1      1796 7.94378E+05 7.73405E+05 2.58194E+03 4.11131E+04 2.19822E+03-5.65039E+03
 -1      1798-7.93528E+05-7.72697E+05-5.90243E+02-4.12048E+04 2.14475E+03-5.49548E+03
 -1      1799 8.16045E+05 8.07317E+05 2.63348E+03 2.96772E+04 2.30073E+03-3.98360E+03
 -1      1801-8.15143E+05-8.06513E+05-6.43547E+02-2.97404E+04 2.23743E+03-3.86921E+03
 -1      1802 8.30007E+05 8.29974E+05 2.66651E+03 1.79294E+04 2.36920E+03-2.36921E+03
 -1      1804-8.29073E+05-8.29106E+05-6.77737E+02-1.79633E+04 2.29910E+03-2.29910E+03
 -1      1805 8.36843E+05 8.41316E+05 2.68262E+03 5.99975E+03 2.40346E+03-7.86246E+02
 -1      1807-8.35897E+05-8.40419E+05-6.94408E+02-6.00425E+03 2.32989E+03-7.62637E+02
 -1      1808 8.36840E+05 8.41311E+05 2.68264E+03-5.98973E+03 2.40346E+03 7.86237E+02
 -1      1810-8.35900E+05-8.40423E+05-6.94386E+02 6.01424E+03 2.32989E+03 7.62633E+02
 -1      1811 8.29998E+05 8.29961E+05 2.66657E+03-1.79200E+04 2.36920E+03 2.36920E+03
 -1      1813-8.29083E+05-8.29120E+05-6.77671E+02 1.79726E+04 2.29910E+03 2.29910E+03
 -1      1814 8.16029E+05 8.07294E+05 2.63359E+03-2.96693E+04 2.30073E+03 3.98360E+03
 -1      1816-8.15159E+05-8.06536E+05-6.43435E+02 2.97483E+04 2.23743E+03 3.86920E+03
 -1      1817 7.94357E+05 7.73370E+05 2.58210E+03-4.11072E+04 2.19822E+03 5.65038E+03
 -1      1819-7.93548E+05-7.72733E+05-5.90088E+02 4.12106E+04 2.14475E+03 5.49548E+03
 -1      1820 7.64107E+05 7.28294E+05 2.50993E+03-5.20906E+04 2.06193E+03 7.39043E+03
 -1      1822-7.63374E+05-7.27809E+05-5.15463E+02 5.22159E+04 2.02086E+03 7.20060E+03
 -1      1823 7.24094E+05 6.72216E+05 2.41438E+03-6.24598E+04 1.89292E+03 9.22451E+03
 -1      1825-7.23452E+05-6.71913E+05-4.16866E+02 6.26038E+04 1.86623E+03 9.00732E+03
 -1      1826 6.72825E+05 6.05357E+05 2.29373E+03-7.20409E+04 1.69000E+03 1.11729E+04
 -1      1828-6.72284E+05-6.05261E+05-2.92561E+02 7.21996E+04 1.67892E+03 1.09382E+04
 -1      1829 6.08474E+05 5.28000E+05 2.14184E+03-8.06337E+04 1.46728E+03 1.32559E+04
 -1      1831-6.08042E+05-5.28133E+05-1.36419E+02 8.08019E+04 1.47218E+03 1.30160E+04
 -1      1832 5.28953E+05 4.40577E+05 1.98014E+03-8.80947E+04 1.16159E+03 1.54885E+04
 -1      1834-5.28634E+05-4.40959E+05 3.01314E+01 8.82648E+04 1.18187E+03 1.52584E+04
 -1      1835 4.31574E+05 3.43300E+05 1.69118E+03-9.39435E+04 1.12783E+03 1.79076E+04
 -1      1837-4.31365E+05-3.43950E+05 3.24522E+02 9.41042E+04 1.16171E+03 1.77047E+04
 -1      1838 3.14952E+05 2.38158E+05 1.91003E+03-9.95302E+04-5.01280E+02 2.04215E+04
 -1      1840-3.14841E+05-2.39107E+05 1.11607E+02 9.96650E+04-4.55886E+02 2.02650E+04
 -1      1841 1.69068E+05 1.18233E+05-7.25760E+02-9.65748E+04 6.26269E+03 2.36098E+04
 -1      1843-1.69030E+05-1.19529E+05 2.75434E+03 9.66533E+04 6.31236E+03 2.35217E+04
 -1      1844 8.00594E+04 3.14720E+04-9.98659E+03-9.04249E+04-3.16478E+04 2.55518E+04
 -1      1846-8.00498E+04-3.32004E+04 1.20197E+04 9.04891E+04-3.16003E+04 2.55035E+04
 -1      1847 7.83951E+04 3.12717E+04-9.88056E+03 1.50245E+05-5.25766E+04-2.51143E+04
 -1      1849-7.83849E+04-3.23752E+04 1.19120E+04-1.50356E+05-5.25000E+04-2.50686E+04
 -1      1850 1.65623E+05 1.16947E+05-7.02380E+02 1.60446E+05 1.04182E+04-2.31806E+04
 -1      1852-1.65585E+05-1.17715E+05 2.72958E+03-1.60587E+05 1.04984E+04-2.30988E+04
 -1      1853 3.08212E+05 2.35208E+05 1.91384E+03 1.65313E+05-8.12554E+02-2.00091E+04
 -1      1855-3.08100E+05-2.35718E+05 1.06524E+02-1.65554E+05-7.39456E+02-1.98643E+04
 -1      1856 4.21803E+05 3.38749E+05 1.69929E+03 1.55974E+05 1.90188E+03-1.75160E+04
 -1      1858-4.21591E+05-3.39045E+05 3.15277E+02-1.56261E+05 1.95620E+03-1.73291E+04
 -1      1859 5.16416E+05 4.34435E+05 1.98488E+03 1.46199E+05 1.96405E+03-1.51259E+04
 -1      1861-5.16095E+05-4.34538E+05 2.44744E+01-1.46499E+05 1.99624E+03-1.49148E+04
 -1      1862 5.93498E+05 5.20316E+05 2.14189E+03 1.33755E+05 2.47657E+03-1.29280E+04
 -1      1864-5.93066E+05-5.20239E+05-1.37126E+02-1.34045E+05 2.48374E+03-1.27086E+04
 -1      1865 6.55753E+05 5.96213E+05 2.28747E+03 1.19448E+05 2.84991E+03-1.08838E+04
 -1      1867-6.55217E+05-5.95966E+05-2.86623E+02-1.19714E+05 2.83114E+03-1.06699E+04
 -1      1868 7.05273E+05 6.61733E+05 2.40129E+03 1.03519E+05 3.18931E+03-8.97716E+03
 -1      1870-7.04643E+05-6.61326E+05-4.03746E+02-1.03752E+05 3.14521E+03-8.77972E+03
 -1      1871 7.43871E+05 7.16628E+05 2.49025E+03 8.63044E+04 3.47154E+03-7.18661E+03
 -1      1873-7.43162E+05-7.16079E+05-4.95413E+02-8.64967E+04 3.40413E+03-7.01444E+03
 -1      1874 7.73025E+05 7.60715E+05 2.55667E+03 6.80900E+04 3.69884E+03-5.49118E+03
 -1      1876-7.72252E+05-7.60044E+05-5.63984E+02-6.82385E+04 3.61134E+03-5.35096E+03
 -1      1877 7.93896E+05 7.93868E+05 2.60364E+03 4.91379E+04 3.86961E+03-3.86962E+03
 -1      1879-7.93076E+05-7.93104E+05-6.12548E+02-4.92403E+04 3.76621E+03-3.76622E+03
 -1      1880 8.07340E+05 8.16008E+05 2.63353E+03 2.96814E+04 3.98360E+03-2.30074E+03
 -1      1882-8.06490E+05-8.15180E+05-6.43496E+02-2.97362E+04 3.86920E+03-2.23743E+03
 -1      1883 8.13920E+05 8.27087E+05 2.64805E+03 9.93161E+03 4.04061E+03-7.63412E+02
 -1      1885-8.13059E+05-8.26230E+05-6.58526E+02-9.93844E+03 3.92059E+03-7.42103E+02
 -1      1886 8.13917E+05 8.27083E+05 2.64807E+03-9.91475E+03 4.04061E+03 7.63403E+02
 -1      1888-8.13062E+05-8.26234E+05-6.58507E+02 9.95525E+03 3.92059E+03 7.42101E+02
 -1      1889 8.07330E+05 8.15996E+05 2.63359E+03-2.96657E+04 3.98360E+03 2.30073E+03
 -1      1891-8.06500E+05-8.15192E+05-6.43439E+02 2.97519E+04 3.86920E+03 2.23743E+03
 -1      1892 7.93880E+05 7.93848E+05 2.60373E+03-4.91244E+04 3.86961E+03 3.86961E+03
 -1      1894-7.93092E+05-7.93124E+05-6.12450E+02 4.92537E+04 3.76621E+03 3.76621E+03
 -1      1895 7.73004E+05 7.60683E+05 2.55681E+03-6.80798E+04 3.69884E+03 5.49117E+03
 -1      1897-7.72274E+05-7.60076E+05-5.63841E+02 6.82487E+04 3.61134E+03 5.35096E+03
 -1      1898 7.43847E+05 7.16583E+05 2.49044E+03-8.62985E+04 3.47154E+03 7.18661E+03
 -1      1900-7.43188E+05-7.16125E+05-4.95226E+02 8.65025E+04 3.40412E+03 7.01444E+03
 -1      1901 7.05246E+05 6.61670E+05 2.40152E+03-1.03519E+05 3.18932E+03 8.97716E+03
 -1      1903-7.04670E+05-6.61390E+05-4.03522E+02 1.03752E+05 3.14520E+03 8.77971E+03
 -1      1904 6.55727E+05 5.96129E+05 2.28771E+03-1.19452E+05 2.84992E+03 1.08838E+04
 -1      1906-6.55243E+05-5.96050E+05-2.86382E+02 1.19709E+05 2.83114E+03 1.06699E+04
 -1      1907 5.93474E+05 5.20207E+05 2.14211E+03-1.33765E+05 2.47657E+03 1.29280E+04
 -1      1909-5.93090E+05-5.20349E+05-1.36908E+02 1.34036E+05 2.48373E+03 1.27086E+04
 -1      1910 5.16398E+05 4.34298E+05 1.98502E+03-1.46212E+05 1.96405E+03 1.51259E+04
 -1      1912-5.16114E+05-4.34676E+05 2.46174E+01 1.46486E+05 1.99623E+03 1.49148E+04
 -1      1913 4.21790E+05 3.38581E+05 1.69931E+03-1.55988E+05 1.90187E+03 1.75160E+04
 -1      1915-4.21605E+05-3.39212E+05 3.15291E+02 1.56246E+05 1.95620E+03 1.73291E+04
 -1      1916 3.08205E+05 2.35012E+05 1.91370E+03-1.65325E+05-8.12561E+02 2.00091E+04
 -1      1918-3.08107E+05-2.35914E+05 1.06375E+02 1.65541E+05-7.39459E+02 1.98643E+04
 -1      1919 1.65620E+05 1.16725E+05-7.02685E+02-1.60453E+05 1.04182E+04 2.31806E+04
 -1      1921-1.65587E+05-1.17936E+05 2.72928E+03 1.60579E+05 1.04984E+04 2.30988E+04
 -1      1922 7.83940E+04 3.10313E+04-9.88095E+03-1.50249E+05-5.25767E+04 2.51144E+04
 -1      1924-7.83860E+04-3.26156E+04 1.19116E+04 1.50352E+05-5.25000E+04 2.50686E+04
 -1      1925 7.58749E+04 3.05998E+04-9.71169E+03 2.09341E+05-7.32377E+04-2.44454E+04
 -1      1927-7.58666E+04-3.14747E+04 1.17396E+04-2.09490E+05-7.31356E+04-2.44032E+04
 -1      1928 1.60397E+05 1.14606E+05-6.65211E+02 2.23522E+05 1.45425E+04-2.25248E+04
 -1      1930-1.60364E+05-1.15235E+05 2.68962E+03-2.23711E+05 1.46492E+04-2.24525E+04
 -1      1931 2.97996E+05 2.30313E+05 1.92001E+03 2.30217E+05-1.08792E+03-1.93806E+04
 -1      1933-2.97899E+05-2.30748E+05 9.80768E+01-2.30540E+05-9.90898E+02-1.92530E+04
 -1      1934 4.07011E+05 3.31404E+05 1.71216E+03 2.17087E+05 2.71036E+03-1.69206E+04
 -1      1936-4.06829E+05-3.31671E+05 3.00711E+02-2.17470E+05 2.78200E+03-1.67571E+04
 -1      1937 4.97467E+05 4.24657E+05 1.99207E+03 2.03343E+05 2.80990E+03-1.45764E+04
 -1      1939-4.97192E+05-4.24762E+05 1.62494E+01-2.03743E+05 2.85163E+03-1.43928E+04
 -1      1940 5.70897E+05 5.08181E+05 2.14133E+03 1.85897E+05 3.53360E+03-1.24323E+04
 -1      1942-5.70528E+05-5.08127E+05-1.36964E+02-1.86284E+05 3.54164E+03-1.22427E+04
 -1      1943 6.30033E+05 5.81849E+05 2.27677E+03 1.65889E+05 4.06059E+03-1.04479E+04
 -1      1945-6.29575E+05-5.81638E+05-2.75717E+02-1.66244E+05 4.03374E+03-1.02641E+04
 -1      1946 6.76963E+05 6.45326E+05 2.37989E+03 1.43669E+05 4.53801E+03-8.60493E+03
 -1      1948-6.76426E+05-6.44964E+05-3.81622E+02-1.43980E+05 4.47714E+03-8.43612E+03
 -1      1949 7.13480E+05 6.98422E+05 2.45875E+03 1.19706E+05 4.93406E+03-6.88044E+03
 -1      1951-7.12875E+05-6.97923E+05-4.62760E+02-1.19963E+05 4.84197E+03-6.73386E+03
 -1      1952 7.41027E+05 7.41005E+05 2.51651E+03 9.43951E+04 5.25238E+03-5.25239E+03
 -1      1954-7.40367E+05-7.40389E+05-5.22336E+02-9.45942E+04 5.13341E+03-5.13342E+03
 -1      1955 7.60730E+05 7.72993E+05 2.55674E+03 6.80956E+04 5.49117E+03-3.69884E+03
 -1      1957-7.60029E+05-7.72285E+05-5.63915E+02-6.82329E+04 5.35096E+03-3.61134E+03
 -1      1958 7.73415E+05 7.94338E+05 2.58206E+03 4.11223E+04 5.65038E+03-2.19823E+03
 -1      1960-7.72688E+05-7.93568E+05-5.90129E+02-4.11955E+04 5.49547E+03-2.14475E+03
 -1      1961 7.79622E+05 8.05014E+05 2.59427E+03 1.37582E+04 5.72996E+03-7.29239E+02
 -1      1963-7.78886E+05-8.04215E+05-6.02780E+02-1.37665E+04 5.56755E+03-7.11253E+02
 -1      1964 7.79618E+05 8.05011E+05 2.59428E+03-1.37344E+04 5.72996E+03 7.29231E+02
 -1      1966-7.78889E+05-8.04218E+05-6.02767E+02 1.37903E+04 5.56755E+03 7.11252E+02
 -1      1967 7.73404E+05 7.94328E+05 2.58210E+03-4.10999E+04 5.65038E+03 2.19822E+03
 -1      1969-7.72699E+05-7.93578E+05-5.90088E+02 4.12179E+04 5.49547E+03 2.14475E+03
 -1      1970 7.60713E+05 7.72976E+05 2.55681E+03-6.80761E+04 5.49117E+03 3.69884E+03
 -1      1972-7.60046E+05-7.72302E+05-5.63840E+02 6.82523E+04 5.35095E+03 3.61134E+03
 -1      1973 7.41005E+05 7.40978E+05 2.51663E+03-9.43800E+04 5.25238E+03 5.25238E+03
 -1      1975-7.40390E+05-7.40416E+05-5.22218E+02 9.46092E+04 5.13341E+03 5.13341E+03
 -1      1976 7.13453E+05 6.98382E+05 2.45892E+03-1.19696E+05 4.93406E+03 6.88043E+03
 -1      1978-7.12902E+05-6.97963E+05-4.62589E+02 1.19972E+05 4.84196E+03 6.73385E+03
 -1      1979 6.76934E+05 6.45270E+05 2.38012E+03-1.43667E+05 4.53801E+03 8.60493E+03
 -1      1981-6.76456E+05-6.45021E+05-3.81394E+02 1.43982E+05 4.47714E+03 8.43612E+03
 -1      1982 6.30003E+05 5.81772E+05 2.27704E+03-1.65895E+05 4.06060E+03 1.04479E+04
 -1      1984-6.29605E+05-5.81715E+05-2.75443E+02 1.66238E+05 4.03373E+03 1.02641E+04
 -1      1985 5.70870E+05 5.08078E+05 2.14161E+03-1.85910E+05 3.53360E+03 1.24323E+04
 -1      1987-5.70556E+05-5.08231E+05-1.36684E+02 1.86271E+05 3.54162E+03 1.22427E+04
 -1      1988 4.97444E+05 4.24523E+05 1.99229E+03-2.03362E+05 2.80990E+03 1.45764E+04
 -1      1990-4.97215E+05-4.24896E+05 1.64666E+01 2.03724E+05 2.85161E+03 1.43928E+04
 -1      1991 4.06995E+05 3.31237E+05 1.71223E+03-2.17108E+05 2.71035E+03 1.69206E+04
 -1      1993-4.06845E+05-3.31839E+05 3.00778E+02 2.17449E+05 2.78199E+03 1.67571E+04
 -1      1994 2.97987E+05 2.30112E+05 1.91986E+03-2.30236E+05-1.08793E+03 1.93806E+04
 -1      1996-2.97908E+05-2.30949E+05 9.79255E+01 2.30521E+05-9.90904E+02 1.92530E+04
 -1      1997 1.60393E+05 1.14376E+05-6.65589E+02-2.23534E+05 1.45425E+04 2.25248E+04
 -1      1999-1.60368E+05-1.15465E+05 2.68924E+03 2.23700E+05 1.46492E+04 2.24525E+04
 -1      2000 7.58735E+04 3.03483E+04-9.71219E+03-2.09347E+05-7.32377E+04 2.44454E+04
 -1      2002-7.58681E+04-3.17261E+04 1.17391E+04 2.09484E+05-7.31355E+04 2.44032E+04
 -1      2003 7.24695E+04 2.96609E+04-9.46701E+03 2.67344E+05-9.34965E+04-2.35282E+04
 -1      2005-7.24636E+04-3.02454E+04 1.14905E+04-2.67525E+05-9.33740E+04-2.34906E+04
 -1      2006 1.53319E+05 1.11317E+05-6.10536E+02 2.85395E+05 1.86199E+04-2.16276E+04
 -1      2008-1.53293E+05-1.11770E+05 2.63134E+03-2.85624E+05 1.87478E+04-2.15674E+04
 -1      2009 2.84182E+05 2.23440E+05 1.92943E+03 2.93787E+05-1.30974E+03-1.85232E+04
 -1      2011-2.84106E+05-2.23782E+05 8.57100E+01-2.94176E+05-1.19397E+03-1.84177E+04
 -1      2012 3.87059E+05 3.21096E+05 1.73067E+03 2.76804E+05 3.56971E+03-1.61114E+04
 -1      2014-3.86916E+05-3.21327E+05 2.80025E+02-2.77265E+05 3.65441E+03-1.59778E+04
 -1      2015 4.71972E+05 4.10932E+05 2.00122E+03 2.59028E+05 3.71919E+03-1.38324E+04
 -1      2017-4.71757E+05-4.11041E+05 5.81030E+00-2.59509E+05 3.76734E+03-1.36841E+04
 -1      2018 5.40569E+05 4.91155E+05 2.13845E+03 2.36559E+05 4.65976E+03-1.17639E+04
 -1      2020-5.40282E+05-4.91130E+05-1.34530E+02-2.37024E+05 4.66688E+03-1.16124E+04
 -1      2021 5.95602E+05 5.61709E+05 2.25905E+03 2.10886E+05 5.34410E+03-9.86226E+03
 -1      2023-5.95248E+05-5.61542E+05-2.57640E+02-2.11313E+05 5.30885E+03-9.71673E+03
 -1      2024 6.39150E+05 6.22343E+05 2.34721E+03 1.82470E+05 5.96116E+03-8.10639E+03
 -1      2026-6.38735E+05-6.22036E+05-3.47902E+02-1.82844E+05 5.88473E+03-7.97391E+03
 -1      2027 6.72961E+05 6.72946E+05 2.41245E+03 1.51912E+05 6.47143E+03-6.47144E+03
 -1      2029-6.72493E+05-6.72509E+05-4.14875E+02-1.52223E+05 6.35726E+03-6.35726E+03
 -1      2030 6.98429E+05 7.13452E+05 2.45885E+03 1.19714E+05 6.88043E+03-4.93407E+03
 -1      2032-6.97917E+05-7.12903E+05-4.62661E+02-1.19955E+05 6.73385E+03-4.84196E+03
 -1      2033 7.16626E+05 7.43835E+05 2.49040E+03 8.63172E+04 7.18660E+03-3.47155E+03
 -1      2035-7.16081E+05-7.43199E+05-4.95260E+02-8.64839E+04 7.01443E+03-3.40412E+03
 -1      2036 7.28334E+05 7.64088E+05 2.50992E+03 5.21090E+04 7.39043E+03-2.06193E+03
 -1      2038-7.27768E+05-7.63392E+05-5.15474E+02-5.21975E+04 7.20059E+03-2.02086E+03
 -1      2039 7.34061E+05 7.74213E+05 2.51923E+03 1.74312E+04 7.49223E+03-6.83826E+02
 -1      2041-7.33488E+05-7.73488E+05-5.25135E+02-1.74401E+04 7.29337E+03-6.70032E+02
 -1      2042 7.34057E+05 7.74210E+05 2.51924E+03-1.74005E+04 7.49223E+03 6.83819E+02
 -1      2044-7.33491E+05-7.73490E+05-5.25131E+02 1.74708E+04 7.29337E+03 6.70035E+02
 -1      2045 7.28324E+05 7.64081E+05 2.50993E+03-5.20798E+04 7.39043E+03 2.06193E+03
 -1      2047-7.27779E+05-7.63400E+05-5.15457E+02 5.22266E+04 7.20059E+03 2.02086E+03
 -1      2048 7.16609E+05 7.43822E+05 2.49044E+03-8.62914E+04 7.18661E+03 3.47154E+03
 -1      2050-7.16098E+05-7.43212E+05-4.95221E+02 8.65096E+04 7.01443E+03 3.40412E+03
 -1      2051 6.98406E+05 7.13430E+05 2.45892E+03-1.19693E+05 6.88043E+03 4.93406E+03
 -1      2053-6.97940E+05-7.12925E+05-4.62587E+02 1.19975E+05 6.73385E+03 4.84196E+03
 -1      2054 6.72933E+05 6.72913E+05 2.41259E+03-1.51899E+05 6.47144E+03 6.47144E+03
 -1      2056-6.72522E+05-6.72542E+05-4.14744E+02 1.52237E+05 6.35726E+03 6.35726E+03
 -1      2057 6.39118E+05 6.22295E+05 2.34742E+03-1.82466E+05 5.96117E+03 8.10639E+03
 -1      2059-6.38767E+05-6.22084E+05-3.47691E+02 1.82848E+05 5.88472E+03 7.97391E+03
 -1      2060 5.95569E+05 5.61641E+05 2.25935E+03-2.10892E+05 5.34411E+03 9.86226E+03
 -1      2062-5.95282E+05-5.61610E+05-2.57338E+02 2.11307E+05 5.30883E+03 9.71673E+03
 -1      2063 5.40536E+05 4.91060E+05 2.13882E+03-2.36576E+05 4.65977E+03 1.17639E+04
 -1      2065-5.40315E+05-4.91225E+05-1.34166E+02 2.37008E+05 4.66686E+03 1.16124E+04
 -1      2066 4.71945E+05 4.10804E+05 2.00156E+03-2.59053E+05 3.71919E+03 1.38324E+04
 -1      2068-4.71785E+05-4.11169E+05 6.14785E+00 2.59484E+05 3.76732E+03 1.36841E+04
 -1      2069 3.87038E+05 3.20929E+05 1.73084E+03-2.76833E+05 3.56971E+03 1.61114E+04
 -1      2071-3.86937E+05-3.21494E+05 2.80194E+02 2.77235E+05 3.65439E+03 1.59777E+04
 -1      2072 2.84170E+05 2.23234E+05 1.92930E+03-2.93813E+05-1.30975E+03 1.85232E+04
 -1      2074-2.84118E+05-2.23989E+05 8.55753E+01 2.94149E+05-1.19398E+03 1.84177E+04
 -1      2075 1.53314E+05 1.11074E+05-6.11024E+02-2.85412E+05 1.86199E+04 2.16276E+04
 -1      2077-1.53298E+05-1.12013E+05 2.63085E+03 2.85607E+05 1.87478E+04 2.15673E+04
 -1      2078 7.24676E+04 2.93925E+04-9.46770E+03-2.67353E+05-9.34966E+04 2.35282E+04
 -1      2080-7.24657E+04-3.05138E+04 1.14898E+04 2.67515E+05-9.33740E+04 2.34906E+04
 -1      2081 6.81363E+04 2.84274E+04-9.12641E+03 3.23807E+05-1.13188E+05-2.23404E+04
 -1      2083-6.81333E+04-2.86719E+04 1.11446E+04-3.24010E+05-1.13052E+05-2.23083E+04
 -1      2084 1.44281E+05 1.06920E+05-5.34305E+02 3.45569E+05 2.26293E+04-2.04673E+04
 -1      2086-1.44264E+05-1.07170E+05 2.55081E+03-3.45827E+05 2.27715E+04-2.04215E+04
 -1      2087 2.66587E+05 2.14267E+05 1.94424E+03 3.55465E+05-1.45596E+03-1.74222E+04
 -1      2089-2.66535E+05-2.14502E+05 6.73585E+01-3.55904E+05-1.32789E+03-1.73428E+04
 -1      2090 3.61733E+05 3.07336E+05 1.75539E+03 3.34541E+05 4.49931E+03-1.50779E+04
 -1      2092-3.61637E+05-3.07530E+05 2.52672E+02-3.35058E+05 4.59184E+03-1.49795E+04
 -1      2093 4.39727E+05 3.92618E+05 2.01090E+03 3.12653E+05 4.71505E+03-1.28877E+04
 -1      2095-4.39585E+05-3.92733E+05-5.37322E+00-3.13190E+05 4.76590E+03-1.27809E+04
 -1      2096 5.02347E+05 4.68453E+05 2.13013E+03 2.85148E+05 5.87885E+03-1.09197E+04
 -1      2098-5.02161E+05-4.68461E+05-1.26608E+02-2.85666E+05 5.88311E+03-1.08128E+04
 -1      2099 5.52357E+05 5.34887E+05 2.23020E+03 2.53872E+05 6.72428E+03-9.12603E+03
 -1      2101-5.52129E+05-5.34771E+05-2.28190E+02-2.54348E+05 6.68062E+03-9.02531E+03
 -1      2102 5.91794E+05 5.91783E+05 2.29900E+03 2.19408E+05 7.48221E+03-7.48223E+03
 -1      2104-5.91527E+05-5.91538E+05-2.98280E+02-2.19826E+05 7.39214E+03-7.39213E+03
 -1      2105 6.22340E+05 6.39125E+05 2.34737E+03 1.82482E+05 8.10638E+03-5.96118E+03
 -1      2107-6.22039E+05-6.38760E+05-3.47746E+02-1.82832E+05 7.97391E+03-5.88472E+03
 -1      2108 6.45311E+05 6.76930E+05 2.38012E+03 1.43688E+05 8.60492E+03-4.53802E+03
 -1      2110-6.44979E+05-6.76460E+05-3.81399E+02-1.43961E+05 8.43612E+03-4.47713E+03
 -1      2111 6.61708E+05 7.05234E+05 2.40153E+03 1.03541E+05 8.97716E+03-3.18932E+03
 -1      2113-6.61352E+05-7.04682E+05-4.03504E+02-1.03730E+05 8.77971E+03-3.14520E+03
 -1      2114 6.72250E+05 7.24078E+05 2.41441E+03 6.24816E+04 9.22451E+03-1.89293E+03
 -1      2116-6.71879E+05-7.23469E+05-4.16841E+02-6.25820E+04 9.00732E+03-1.86623E+03
 -1      2117 6.77406E+05 7.33490E+05 2.42044E+03 2.08969E+04 9.34791E+03-6.27551E+02
 -1      2119-6.77029E+05-7.32854E+05-4.23115E+02-2.09056E+04 9.12064E+03-6.18616E+02
 -1      2120 6.77402E+05 7.33488E+05 2.42044E+03-2.08597E+04 9.34791E+03 6.27546E+02
 -1      2122-6.77033E+05-7.32856E+05-4.23120E+02 2.09427E+04 9.12064E+03 6.18621E+02
 -1      2123 6.72241E+05 7.24072E+05 2.41440E+03-6.24460E+04 9.22451E+03 1.89292E+03
 -1      2125-6.71889E+05-7.23474E+05-4.16854E+02 6.26176E+04 9.00732E+03 1.86624E+03
 -1      2126 6.61692E+05 7.05225E+05 2.40152E+03-1.03509E+05 8.97716E+03 3.18931E+03
 -1      2128-6.61368E+05-7.04691E+05-4.03515E+02 1.03762E+05 8.77971E+03 3.14520E+03
 -1      2129 6.45289E+05 6.76914E+05 2.38012E+03-1.43661E+05 8.60493E+03 4.53801E+03
 -1      2131-6.45001E+05-6.76475E+05-3.81392E+02 1.43988E+05 8.43612E+03 4.47714E+03
 -1      2132 6.22312E+05 6.39101E+05 2.34742E+03-1.82463E+05 8.10639E+03 5.96117E+03
 -1      2134-6.22067E+05-6.38784E+05-3.47691E+02 1.82851E+05 7.97391E+03 5.88472E+03
 -1      2135 5.91760E+05 5.91746E+05 2.29915E+03-2.19399E+05 7.48222E+03 7.48222E+03
 -1      2137-5.91562E+05-5.91575E+05-2.98131E+02 2.19835E+05 7.39213E+03 7.39213E+03
 -1      2138 5.52319E+05 5.34832E+05 2.23049E+03-2.53876E+05 6.72429E+03 9.12602E+03
 -1      2140-5.52167E+05-5.34827E+05-2.27895E+02 2.54344E+05 6.68060E+03 9.02531E+03
 -1      2141 5.02309E+05 4.68371E+05 2.13058E+03-2.85166E+05 5.87886E+03 1.09197E+04
 -1      2143-5.02200E+05-4.68543E+05-1.26155E+02 2.85648E+05 5.88308E+03 1.08128E+04
 -1      2144 4.39692E+05 3.92500E+05 2.01143E+03-3.12684E+05 4.71506E+03 1.28877E+04
 -1      2146-4.39620E+05-3.92851E+05-4.85167E+00 3.13159E+05 4.76587E+03 1.27808E+04
 -1      2147 3.61706E+05 3.07173E+05 1.75576E+03-3.34580E+05 4.49932E+03 1.50779E+04
 -1      2149-3.61664E+05-3.07693E+05 2.53038E+02 3.35020E+05 4.59181E+03 1.49795E+04
 -1      2150 2.66571E+05 2.14053E+05 1.94417E+03-3.55502E+05-1.45597E+03 1.74222E+04
 -1      2152-2.66551E+05-2.14715E+05 6.72924E+01 3.55867E+05-1.32791E+03 1.73428E+04
 -1      2153 1.44274E+05 1.06660E+05-5.34945E+02-3.45593E+05 2.26293E+04 2.04673E+04
 -1      2155-1.44271E+05-1.07430E+05 2.55017E+03 3.45804E+05 2.27716E+04 2.04214E+04
 -1      2156 6.81335E+04 2.81340E+04-9.12742E+03-3.23820E+05-1.13188E+05 2.23404E+04
 -1      2158-6.81362E+04-2.89652E+04 1.11436E+04 3.23997E+05-1.13052E+05 2.23083E+04
 -1      2159 6.27975E+04 2.67961E+04-8.67190E+03 3.78169E+05-1.32114E+05-2.08353E+04
 -1      2161-6.27975E+04-2.66645E+04 1.06841E+04-3.78387E+05-1.31971E+05-2.08093E+04
 -1      2162 1.33130E+05 1.01209E+05-4.24510E+02 4.03425E+05 2.65566E+04-1.90090E+04
 -1      2164-1.33122E+05-1.01235E+05 2.43627E+03-4.03703E+05 2.67052E+04-1.89794E+04
 -1      2165 2.44946E+05 2.02338E+05 1.96396E+03 4.14564E+05-1.49943E+03-1.60399E+04
 -1      2167-2.44920E+05-2.02460E+05 4.35422E+01-4.15031E+05-1.36657E+03-1.59898E+04
 -1      2168 3.30742E+05 2.89456E+05 1.78730E+03 3.89579E+05 5.52383E+03-1.37902E+04
 -1      2170-3.30699E+05-2.89612E+05 2.17721E+02-3.90124E+05 5.61824E+03-1.37313E+04
 -1      2171 4.00465E+05 3.68832E+05 2.01832E+03 3.63482E+05 5.82492E+03-1.17205E+04
 -1      2173-4.00407E+05-3.68957E+05-1.43769E+01-3.64044E+05 5.87444E+03-1.16597E+04
 -1      2174 4.56035E+05 4.39010E+05 2.11106E+03 3.30943E+05 7.21743E+03-9.88320E+03
 -1      2176-4.55966E+05-4.39054E+05-1.07725E+02-3.31485E+05 7.21704E+03-9.82550E+03
 -1      2177 5.00186E+05 5.00178E+05 2.18485E+03 2.94179E+05 8.22725E+03-8.22728E+03
 -1      2179-5.00107E+05-5.00115E+05-1.81860E+02-2.94679E+05 8.17579E+03-8.17577E+03
 -1      2180 5.34875E+05 5.52333E+05 2.23047E+03 2.53888E+05 9.12601E+03-6.72430E+03
 -1      2182-5.34783E+05-5.52153E+05-2.27911E+02-2.54332E+05 9.02531E+03-6.68060E+03
 -1      2183 5.61679E+05 5.95570E+05 2.25941E+03 2.10912E+05 9.86225E+03-5.34412E+03
 -1      2185-5.61572E+05-5.95281E+05-2.57278E+02-2.11287E+05 9.71673E+03-5.30883E+03
 -1      2186 5.81805E+05 6.29996E+05 2.27712E+03 1.65919E+05 1.04479E+04-4.06060E+03
 -1      2188-5.81682E+05-6.29612E+05-2.75364E+02-1.66214E+05 1.02641E+04-4.03372E+03
 -1      2189 5.96158E+05 6.55715E+05 2.28778E+03 1.19478E+05 1.08838E+04-2.84992E+03
 -1      2191-5.96021E+05-6.55255E+05-2.86309E+02-1.19683E+05 1.06699E+04-2.83113E+03
 -1      2192 6.05382E+05 6.72810E+05 2.29379E+03 7.20659E+04 1.11729E+04-1.69000E+03
 -1      2194-6.05236E+05-6.72300E+05-2.92504E+02-7.21746E+04 1.09382E+04-1.67892E+03
 -1      2195 6.09892E+05 6.81342E+05 2.29649E+03 2.40968E+04 1.13169E+04-5.60033E+02
 -1      2197-6.09742E+05-6.80806E+05-2.95306E+02-2.41048E+04 1.10716E+04-5.56372E+02
 -1      2198 6.09889E+05 6.81341E+05 2.29647E+03-2.40541E+04 1.13169E+04 5.60030E+02
 -1      2200-6.09745E+05-6.80807E+05-2.95321E+02 2.41474E+04 1.10716E+04 5.56380E+02
 -1      2201 6.05375E+05 6.72807E+05 2.29374E+03-7.20246E+04 1.11729E+04 1.69000E+03
 -1      2203-6.05243E+05-6.72302E+05-2.92548E+02 7.22158E+04 1.09382E+04 1.67893E+03
 -1      2204 5.96145E+05 6.55709E+05 2.28772E+03-1.19440E+05 1.08838E+04 2.84992E+03
 -1      2206-5.96034E+05-6.55261E+05-2.86378E+02 1.19721E+05 1.06699E+04 2.83114E+03
 -1      2207 5.81786E+05 6.29987E+05 2.27704E+03-1.65886E+05 1.04479E+04 4.06060E+03
 -1      2209-5.81701E+05-6.29621E+05-2.75445E+02 1.66247E+05 1.02641E+04 4.03373E+03
 -1      2210 5.61653E+05 5.95555E+05 2.25935E+03-2.10887E+05 9.86226E+03 5.34411E+03
 -1      2212-5.61598E+05-5.95296E+05-2.57343E+02 2.11312E+05 9.71673E+03 5.30884E+03
 -1      2213 5.34842E+05 5.52308E+05 2.23049E+03-2.53874E+05 9.12602E+03 6.72429E+03
 -1      2215-5.34816E+05-5.52178E+05-2.27899E+02 2.54346E+05 9.02531E+03 6.68060E+03
 -1      2216 5.00146E+05 5.00138E+05 2.18505E+03-2.94179E+05 8.22726E+03 8.22726E+03
 -1      2218-5.00146E+05-5.00155E+05-1.81667E+02 2.94680E+05 8.17577E+03 8.17578E+03
 -1      2219 4.55992E+05 4.38945E+05 2.11155E+03-3.30960E+05 7.21746E+03 9.88319E+03
 -1      2221-4.56010E+05-4.39119E+05-1.07231E+02 3.31467E+05 7.21701E+03 9.82550E+03
 -1      2222 4.00423E+05 3.68730E+05 2.01909E+03-3.63517E+05 5.82495E+03 1.17205E+04
 -1      2224-4.00450E+05-3.69059E+05-1.36087E+01 3.64009E+05 5.87439E+03 1.16596E+04
 -1      2225 3.30707E+05 2.89301E+05 1.78803E+03-3.89628E+05 5.52385E+03 1.37903E+04
 -1      2227-3.30734E+05-2.89767E+05 2.18452E+02 3.90075E+05 5.61819E+03 1.37312E+04
 -1      2228 2.44924E+05 2.02118E+05 1.96410E+03-4.14614E+05-1.49943E+03 1.60399E+04
 -1      2230-2.44943E+05-2.02680E+05 4.36847E+01 4.14981E+05-1.36660E+03 1.59897E+04
 -1      2231 1.33121E+05 1.00924E+05-4.25369E+02-4.03458E+05 2.65566E+04 1.90090E+04
 -1      2233-1.33132E+05-1.01520E+05 2.43541E+03 4.03670E+05 2.67052E+04 1.89793E+04
 -1      2234 6.27933E+04 2.64656E+04-8.67340E+03-3.78189E+05-1.32114E+05 2.08353E+04
 -1      2236-6.28018E+04-2.69950E+04 1.06826E+04 3.78368E+05-1.31971E+05 2.08092E+04
 -1      2237 5.64027E+04 2.49341E+04-8.03237E+03 4.29712E+05-1.49983E+05-1.90329E+04
 -1      2239-5.64045E+04-2.44028E+04 1.00388E+04-4.29935E+05-1.49842E+05-1.90135E+04
 -1      2240 1.19638E+05 9.38596E+04-2.88984E+02 4.58139E+05 3.03346E+04-1.72466E+04
 -1      2242-1.19638E+05-9.36526E+04 2.29553E+03-4.58425E+05 3.04807E+04-1.72343E+04
 -1      2243 2.18909E+05 1.87035E+05 1.99851E+03 4.70113E+05-1.39919E+03-1.44238E+04
 -1      2245-2.18909E+05-1.87048E+05 4.10513E+00-4.70587E+05-1.26985E+03-1.44049E+04
 -1      2246 2.93696E+05 2.66520E+05 1.82172E+03 4.40915E+05 6.67622E+03-1.23045E+04
 -1      2248-2.93707E+05-2.66648E+05 1.79683E+02-4.41457E+05 6.76617E+03-1.22870E+04
 -1      2249 3.53853E+05 3.38355E+05 2.00959E+03 4.10518E+05 7.08040E+03-1.03851E+04
 -1      2251-3.53888E+05-3.38493E+05-7.18423E+00-4.11069E+05 7.12457E+03-1.03725E+04
 -1      2252 4.01410E+05 4.01403E+05 2.06818E+03 3.73012E+05 8.70740E+03-8.70745E+03
 -1      2254-4.01473E+05-4.01480E+05-6.45208E+01-3.73541E+05 8.70105E+03-8.70100E+03
 -1      2255 4.38987E+05 4.56009E+05 2.11162E+03 3.30967E+05 9.88318E+03-7.21748E+03
 -1      2257-4.39077E+05-4.55993E+05-1.07159E+02-3.31460E+05 9.82552E+03-7.21699E+03
 -1      2258 4.68404E+05 5.02314E+05 2.13077E+03 2.85185E+05 1.09197E+04-5.87888E+03
 -1      2260-4.68510E+05-5.02195E+05-1.25964E+02-2.85629E+05 1.08128E+04-5.88307E+03
 -1      2261 4.91087E+05 5.40533E+05 2.13901E+03 2.36601E+05 1.17639E+04-4.65978E+03
 -1      2263-4.91198E+05-5.40318E+05-1.33973E+02-2.36982E+05 1.16124E+04-4.66684E+03
 -1      2264 5.08099E+05 5.70861E+05 2.14177E+03 1.85938E+05 1.24323E+04-3.53361E+03
 -1      2266-5.08210E+05-5.70564E+05-1.36526E+02-1.86242E+05 1.22427E+04-3.54161E+03
 -1      2267 5.20224E+05 5.93463E+05 2.14222E+03 1.33794E+05 1.29280E+04-2.47657E+03
 -1      2269-5.20332E+05-5.93101E+05-1.36794E+02-1.34007E+05 1.27086E+04-2.48372E+03
 -1      2270 5.28014E+05 6.08461E+05 2.14191E+03 8.06612E+04 1.32559E+04-1.46728E+03
 -1      2272-5.28119E+05-6.08055E+05-1.36343E+02-8.07745E+04 1.30160E+04-1.47218E+03
 -1      2273 5.31823E+05 6.15939E+05 2.14159E+03 2.69638E+04 1.34190E+04-4.86016E+02
 -1      2275-5.31926E+05-6.15512E+05-1.35968E+02-2.69713E+04 1.31687E+04-4.87747E+02
 -1      2276 5.31821E+05 6.15939E+05 2.14157E+03-2.69176E+04 1.34190E+04 4.86015E+02
 -1      2278-5.31927E+05-6.15512E+05-1.35991E+02 2.70173E+04 1.31687E+04 4.87757E+02
 -1      2279 5.28010E+05 6.08460E+05 2.14184E+03-8.06161E+04 1.32559E+04 1.46728E+03
 -1      2281-5.28123E+05-6.08056E+05-1.36413E+02 8.08195E+04 1.30160E+04 1.47219E+03
 -1      2282 5.20216E+05 5.93461E+05 2.14210E+03-1.33751E+05 1.29280E+04 2.47657E+03
 -1      2284-5.20339E+05-5.93103E+05-1.36913E+02 1.34050E+05 1.27086E+04 2.48374E+03
 -1      2285 5.08087E+05 5.70858E+05 2.14160E+03-1.85900E+05 1.24323E+04 3.53360E+03
 -1      2287-5.08222E+05-5.70568E+05-1.36695E+02 1.86281E+05 1.22427E+04 3.54162E+03
 -1      2288 4.91068E+05 5.40526E+05 2.13880E+03-2.36569E+05 1.17639E+04 4.65977E+03
 -1      2290-4.91217E+05-5.40325E+05-1.34179E+02 2.37015E+05 1.16124E+04 4.66686E+03
 -1      2291 4.68378E+05 5.02301E+05 2.13057E+03-2.85162E+05 1.09197E+04 5.87886E+03
 -1      2293-4.68536E+05-5.02208E+05-1.26168E+02 2.85652E+05 1.08128E+04 5.88308E+03
 -1      2294 4.38951E+05 4.55985E+05 2.11154E+03-3.30958E+05 9.88319E+03 7.21746E+03
 -1      2296-4.39113E+05-4.56017E+05-1.07238E+02 3.31469E+05 9.82550E+03 7.21701E+03
 -1      2297 4.01364E+05 4.01359E+05 2.06849E+03-3.73023E+05 8.70743E+03 8.70742E+03
 -1      2299-4.01519E+05-4.01523E+05-6.42120E+01 3.73530E+05 8.70102E+03 8.70102E+03
 -1      2300 3.53803E+05 3.38277E+05 2.01060E+03-4.10554E+05 7.08045E+03 1.03851E+04
 -1      2302-3.53938E+05-3.38571E+05-6.17362E+00 4.11033E+05 7.12449E+03 1.03725E+04
 -1      2303 2.93650E+05 2.66382E+05 1.82311E+03-4.40974E+05 6.67628E+03 1.23045E+04
 -1      2305-2.93753E+05-2.66786E+05 1.81071E+02 4.41398E+05 6.76607E+03 1.22870E+04
 -1      2306 2.18878E+05 1.86812E+05 1.99921E+03-4.70181E+05-1.39916E+03 1.44239E+04
 -1      2308-2.18940E+05-1.87272E+05 4.80715E+00 4.70519E+05-1.26992E+03 1.44048E+04
 -1      2309 1.19624E+05 9.35412E+04-2.90057E+02-4.58187E+05 3.03346E+04 1.72467E+04
 -1      2311-1.19653E+05-9.39709E+04 2.29445E+03 4.58378E+05 3.04807E+04 1.72342E+04
 -1      2312 5.63959E+04 2.45471E+04-8.03487E+03-4.29741E+05-1.49983E+05 1.90330E+04
 -1      2314-5.64114E+04-2.47898E+04 1.00363E+04 4.29906E+05-1.49842E+05 1.90134E+04
 -1      2315 4.85699E+04 2.17482E+04-7.30848E+03 4.77610E+05-1.66601E+05-1.64727E+04
 -1      2317-4.85708E+04-2.07975E+04 9.31017E+03-4.77835E+05-1.66472E+05-1.64600E+04
 -1      2318 1.03483E+05 8.45242E+04-3.69580E+01 5.08861E+05 3.41118E+04-1.48428E+04
 -1      2320-1.03484E+05-8.40851E+04 2.03874E+03-5.09150E+05 3.42458E+04-1.48483E+04
 -1      2321 1.87936E+05 1.67500E+05 2.04432E+03 5.21250E+05-1.09247E+03-1.21354E+04
 -1      2323-1.87953E+05-1.67428E+05-4.78861E+01-5.21707E+05-9.75153E+02-1.21480E+04
 -1      2324 2.50118E+05 2.37180E+05 1.84982E+03 4.87619E+05 7.98460E+03-1.02233E+04
 -1      2326-2.50180E+05-2.37303E+05 1.47428E+02-4.88116E+05 8.06391E+03-1.02473E+04
 -1      2327 2.99567E+05 2.99557E+05 1.98316E+03 4.52880E+05 8.51926E+03-8.51938E+03
 -1      2329-2.99700E+05-2.99710E+05 1.91525E+01-4.53371E+05 8.55455E+03-8.55444E+03
 -1      2330 3.38318E+05 3.53821E+05 2.01092E+03 4.10555E+05 1.03850E+04-7.08050E+03
 -1      2332-3.38530E+05-3.53920E+05-5.85086E+00-4.11032E+05 1.03725E+04-7.12445E+03
 -1      2333 3.68756E+05 4.00427E+05 2.01957E+03 3.63535E+05 1.17205E+04-5.82499E+03
 -1      2335-3.69033E+05-4.00445E+05-1.31243E+01-3.63991E+05 1.16597E+04-5.87435E+03
 -1      2336 3.92514E+05 4.39690E+05 2.01183E+03 3.12711E+05 1.28877E+04-4.71508E+03
 -1      2338-3.92836E+05-4.39622E+05-4.44987E+00-3.13132E+05 1.27808E+04-4.76584E+03
 -1      2339 4.10811E+05 4.71938E+05 2.00185E+03 2.59084E+05 1.38324E+04-3.71920E+03
 -1      2341-4.11162E+05-4.71792E+05 6.44187E+00-2.59453E+05 1.36841E+04-3.76730E+03
 -1      2342 4.24526E+05 4.97436E+05 1.99249E+03 2.03394E+05 1.45764E+04-2.80990E+03
 -1      2344-4.24893E+05-4.97223E+05 1.66619E+01-2.03692E+05 1.43928E+04-2.85160E+03
 -1      2345 4.34299E+05 5.16388E+05 1.98514E+03 1.46243E+05 1.51259E+04-1.96405E+03
 -1      2347-4.34675E+05-5.16124E+05 2.47383E+01-1.46455E+05 1.49148E+04-1.99622E+03
 -1      2348 4.40578E+05 5.28942E+05 1.98020E+03 8.81230E+04 1.54885E+04-1.16159E+03
 -1      2350-4.40958E+05-5.28644E+05 3.01979E+01-8.82366E+04 1.52583E+04-1.18186E+03
 -1      2351 4.43649E+05 5.35196E+05 1.97773E+03 2.94498E+04 1.56685E+04-3.84427E+02
 -1      2353-4.44029E+05-5.34880E+05 3.29223E+01-2.94574E+04 1.54288E+04-3.91345E+02
 -1      2354 4.43649E+05 5.35196E+05 1.97770E+03-2.94032E+04 1.56685E+04 3.84429E+02
 -1      2356-4.44029E+05-5.34880E+05 3.28965E+01 2.95038E+04 1.54288E+04 3.91356E+02
 -1      2357 4.40580E+05 5.28942E+05 1.98012E+03-8.80770E+04 1.54885E+04 1.16159E+03
 -1      2359-4.40957E+05-5.28644E+05 3.01176E+01 8.82824E+04 1.52584E+04 1.18188E+03
 -1      2360 4.34300E+05 5.16388E+05 1.98500E+03-1.46199E+05 1.51259E+04 1.96405E+03
 -1      2362-4.34674E+05-5.16124E+05 2.45940E+01 1.46500E+05 1.49148E+04 1.99623E+03
 -1      2363 4.24526E+05 4.97436E+05 1.99227E+03-2.03351E+05 1.45764E+04 2.80990E+03
 -1      2365-4.24893E+05-4.97223E+05 1.64388E+01 2.03734E+05 1.43928E+04 2.85162E+03
 -1      2366 4.10807E+05 4.71937E+05 2.00153E+03-2.59046E+05 1.38324E+04 3.71919E+03
 -1      2368-4.11166E+05-4.71793E+05 6.12003E+00 2.59491E+05 1.36841E+04 3.76732E+03
 -1      2369 3.92503E+05 4.39686E+05 2.01140E+03-3.12680E+05 1.28877E+04 4.71506E+03
 -1      2371-3.92848E+05-4.39625E+05-4.87611E+00 3.13164E+05 1.27808E+04 4.76587E+03
 -1      2372 3.68733E+05 4.00418E+05 2.01907E+03-3.63515E+05 1.17205E+04 5.82495E+03
 -1      2374-3.69056E+05-4.00455E+05-1.36270E+01 3.64011E+05 1.16596E+04 5.87439E+03
 -1      2375 3.38279E+05 3.53800E+05 2.01059E+03-4.10553E+05 1.03851E+04 7.08045E+03
 -1      2377-3.38569E+05-3.53941E+05-6.18348E+00 4.11034E+05 1.03725E+04 7.12449E+03
 -1      2378 2.99513E+05 2.99511E+05 1.98379E+03-4.52907E+05 8.51932E+03 8.51932E+03
 -1      2380-2.99755E+05-2.99757E+05 1.97854E+01 4.53344E+05 8.55449E+03 8.55449E+03
 -1      2381 2.50060E+05 2.37077E+05 1.85232E+03-4.87683E+05 7.98479E+03 1.02233E+04
 -1      2383-2.50239E+05-2.37407E+05 1.49932E+02 4.88052E+05 8.06369E+03 1.02472E+04
 -1      2384 1.87890E+05 1.67284E+05 2.04649E+03-5.21338E+05-1.09231E+03 1.21356E+04
 -1      2386-1.87999E+05-1.67643E+05-4.57105E+01 5.21618E+05-9.75359E+02 1.21478E+04
 -1      2387 1.03460E+05 8.41618E+04-3.82886E+01-5.08930E+05 3.41118E+04 1.48431E+04
 -1      2389-1.03507E+05-8.44473E+04 2.03740E+03 5.09080E+05 3.42458E+04 1.48480E+04
 -1      2390 4.85587E+04 2.12709E+04-7.31263E+03-4.77655E+05-1.66602E+05 1.64730E+04
 -1      2392-4.85821E+04-2.12746E+04 9.30602E+03 4.77790E+05-1.66471E+05 1.64598E+04
 -1      2393 3.99587E+04 2.08048E+04-5.80657E+03 5.19875E+05-1.80822E+05-1.50299E+04
 -1      2395-3.99429E+04-1.93865E+04 7.81080E+03-5.20112E+05-1.80716E+05-1.50246E+04
 -1      2396 8.41797E+04 7.25274E+04 1.74362E+02 5.52873E+05 3.72094E+04-1.35435E+04
 -1      2398-8.41665E+04-7.18701E+04 1.82054E+03-5.53172E+05 3.73214E+04-1.35667E+04
 -1      2399 1.51247E+05 1.41973E+05 2.03875E+03 5.64456E+05-5.27820E+02-1.13481E+04
 -1      2401-1.51264E+05-1.41901E+05-5.60926E+01-5.64865E+05-4.30002E+02-1.13900E+04
 -1      2402 1.99232E+05 1.99212E+05 1.73651E+03 5.26488E+05 9.51499E+03-9.51529E+03
 -1      2404-1.99337E+05-1.99358E+05 2.60232E+02-5.26875E+05 9.57744E+03-9.57714E+03
 -1      2405 2.37118E+05 2.50074E+05 1.85349E+03 4.87680E+05 1.02232E+04-7.98488E+03
 -1      2407-2.37365E+05-2.50224E+05 1.51109E+02-4.88055E+05 1.02474E+04-8.06359E+03
 -1      2408 2.66393E+05 2.93652E+05 1.82431E+03 4.40994E+05 1.23045E+04-6.67639E+03
 -1      2410-2.66774E+05-2.93752E+05 1.82269E+02-4.41378E+05 1.22870E+04-6.76595E+03
 -1      2411 2.89295E+05 3.30704E+05 1.78879E+03 3.89657E+05 1.37903E+04-5.52388E+03
 -1      2413-2.89774E+05-3.30737E+05 2.19217E+02-3.90045E+05 1.37312E+04-5.61814E+03
 -1      2414 3.07158E+05 3.61701E+05 1.75625E+03 3.34614E+05 1.50779E+04-4.49934E+03
 -1      2416-3.07708E+05-3.61669E+05 2.53526E+02-3.34986E+05 1.49795E+04-4.59178E+03
 -1      2417 3.20910E+05 3.87032E+05 1.73113E+03 2.76867E+05 1.61114E+04-3.56971E+03
 -1      2419-3.21513E+05-3.86943E+05 2.80479E+02-2.77202E+05 1.59777E+04-3.65437E+03
 -1      2420 3.31218E+05 4.06987E+05 1.71239E+03 2.17141E+05 1.69207E+04-2.71036E+03
 -1      2422-3.31858E+05-4.06852E+05 3.00936E+02-2.17417E+05 1.67571E+04-2.78197E+03
 -1      2423 3.38564E+05 4.21782E+05 1.69938E+03 1.56018E+05 1.75160E+04-1.90187E+03
 -1      2425-3.39230E+05-4.21612E+05 3.15366E+02-1.56217E+05 1.73291E+04-1.95619E+03
 -1      2426 3.43285E+05 4.31567E+05 1.69120E+03 9.39702E+04 1.79076E+04-1.12783E+03
 -1      2428-3.43965E+05-4.31373E+05 3.24543E+02-9.40776E+04 1.77047E+04-1.16170E+03
 -1      2429 3.45595E+05 4.36436E+05 1.68726E+03 3.13947E+04 1.81018E+04-3.73758E+02
 -1      2431-3.46279E+05-4.36230E+05 3.28988E+02-3.14030E+04 1.78908E+04-3.85262E+02
 -1      2432 3.45598E+05 4.36436E+05 1.68724E+03-3.13519E+04 1.81018E+04 3.73761E+02
 -1      2434-3.46276E+05-4.36230E+05 3.28967E+02 3.14456E+04 1.78908E+04 3.85272E+02
 -1      2435 3.43294E+05 4.31568E+05 1.69114E+03-9.39275E+04 1.79076E+04 1.12783E+03
 -1      2437-3.43956E+05-4.31372E+05 3.24476E+02 9.41202E+04 1.77047E+04 1.16171E+03
 -1      2438 3.38578E+05 4.21784E+05 1.69926E+03-1.55976E+05 1.75160E+04 1.90187E+03
 -1      2440-3.39216E+05-4.21611E+05 3.15240E+02 1.56259E+05 1.73291E+04 1.95620E+03
 -1      2441 3.31235E+05 4.06989E+05 1.71218E+03-2.17099E+05 1.69206E+04 2.71035E+03
 -1      2443-3.31841E+05-4.06851E+05 3.00727E+02 2.17458E+05 1.67571E+04 2.78199E+03
 -1      2444 3.20928E+05 3.87034E+05 1.73080E+03-2.76826E+05 1.61114E+04 3.56971E+03
 -1      2446-3.21494E+05-3.86941E+05 2.80147E+02 2.77242E+05 1.59777E+04 3.65439E+03
 -1      2447 3.07174E+05 3.61702E+05 1.75572E+03-3.34576E+05 1.50779E+04 4.49932E+03
 -1      2449-3.07693E+05-3.61667E+05 2.52997E+02 3.35024E+05 1.49795E+04 4.59181E+03
 -1      2450 2.89302E+05 3.30705E+05 1.78800E+03-3.89625E+05 1.37903E+04 5.52385E+03
 -1      2452-2.89767E+05-3.30737E+05 2.18420E+02 3.90078E+05 1.37312E+04 5.61819E+03
 -1      2453 2.66383E+05 2.93648E+05 1.82309E+03-4.40973E+05 1.23045E+04 6.67628E+03
 -1      2455-2.66785E+05-2.93755E+05 1.81050E+02 4.41399E+05 1.22870E+04 6.76606E+03
 -1      2456 2.37077E+05 2.50059E+05 1.85231E+03-4.87683E+05 1.02233E+04 7.98479E+03
 -1      2458-2.37406E+05-2.50240E+05 1.49921E+02 4.88052E+05 1.02472E+04 8.06369E+03
 -1      2459 1.99164E+05 1.99163E+05 1.73809E+03-5.26538E+05 9.51508E+03 9.51508E+03
 -1      2461-1.99406E+05-1.99406E+05 2.61817E+02 5.26826E+05 9.57734E+03 9.57734E+03
 -1      2462 1.51181E+05 1.41809E+05 2.04623E+03-5.64562E+05-5.26931E+02 1.13483E+04
 -1      2464-1.51329E+05-1.42066E+05-4.86129E+01 5.64758E+05-4.30935E+02 1.13898E+04
 -1      2465 8.41405E+04 7.21119E+04 1.73941E+02-5.52978E+05 3.72094E+04 1.35443E+04
 -1      2467-8.42057E+04-7.22854E+04 1.82012E+03 5.53068E+05 3.73214E+04 1.35657E+04
 -1      2468 3.99349E+04 2.01708E+04-5.81611E+03-5.19950E+05-1.80824E+05 1.50309E+04
 -1      2470-3.99667E+04-2.00205E+04 7.80125E+03 5.20037E+05-1.80714E+05 1.50237E+04
 -1      2471 2.67821E+04 1.16763E+04-5.17311E+03 5.60553E+05-1.95120E+05-3.79443E+03
 -1      2473-2.67164E+04-9.49384E+03 7.21862E+03-5.60886E+05-1.95062E+05-3.81080E+03
 -1      2474 6.01196E+04 5.59220E+04 7.27916E+02 5.95886E+05 4.21115E+04-2.19102E+03
 -1      2476-6.00644E+04-5.52431E+04 1.22092E+03-5.96209E+05 4.22038E+04-2.23432E+03
 -1      2477 1.08055E+05 1.08002E+05 1.98653E+03 6.07039E+05 3.42870E+02-3.44061E+02
 -1      2479-1.08015E+05-1.08069E+05 1.91978E+00-6.07309E+05 4.10832E+02-4.09636E+02
 -1      2480 1.41849E+05 1.51190E+05 2.05024E+03 5.64563E+05 1.13478E+04 5.26705E+02
 -1      2482-1.42026E+05-1.51321E+05-4.46012E+01-5.64757E+05 1.13903E+04 4.31164E+02
 -1      2483 1.67259E+05 1.87886E+05 2.04958E+03 5.21366E+05 1.21358E+04 1.09190E+03
 -1      2485-1.67669E+05-1.88002E+05-4.26220E+01-5.21591E+05 1.21476E+04 9.75782E+02
 -1      2486 1.86762E+05 2.18872E+05 2.00040E+03 4.70215E+05 1.44240E+04 1.39911E+03
 -1      2488-1.87322E+05-2.18946E+05 5.99550E+00-4.70485E+05 1.44047E+04 1.26999E+03
 -1      2489 2.02060E+05 2.44918E+05 1.96476E+03 4.14649E+05 1.60400E+04 1.49939E+03
 -1      2491-2.02737E+05-2.44948E+05 4.43404E+01-4.14946E+05 1.59897E+04 1.36666E+03
 -1      2492 2.13997E+05 2.66566E+05 1.94447E+03 3.55535E+05 1.74222E+04 1.45596E+03
 -1      2494-2.14771E+05-2.66556E+05 6.75889E+01-3.55834E+05 1.73427E+04 1.32793E+03
 -1      2495 2.23182E+05 2.84165E+05 1.92943E+03 2.93844E+05 1.85233E+04 1.30975E+03
 -1      2497-2.24040E+05-2.84123E+05 8.57036E+01-2.94119E+05 1.84177E+04 1.19400E+03
 -1      2498 2.30067E+05 2.97982E+05 1.91989E+03 2.30264E+05 1.93807E+04 1.08793E+03
 -1      2500-2.30994E+05-2.97913E+05 9.79551E+01-2.30493E+05 1.92530E+04 9.90916E+02
 -1      2501 2.34974E+05 3.08201E+05 1.91367E+03 1.65350E+05 2.00091E+04 8.12564E+02
 -1      2503-2.35952E+05-3.08112E+05 1.06349E+02-1.65517E+05 1.98643E+04 7.39468E+02
 -1      2504 2.38127E+05 3.14947E+05 1.90997E+03 9.95518E+04 2.04215E+04 5.01284E+02
 -1      2506-2.39138E+05-3.14845E+05 1.11547E+02-9.96434E+04 2.02650E+04 4.55893E+02
 -1      2507 2.39672E+05 3.18302E+05 1.90824E+03 3.32498E+04 2.06258E+04 1.69345E+02
 -1      2509-2.40693E+05-3.18193E+05 1.14040E+02-3.32586E+04 2.04632E+04 1.53959E+02
 -1      2510 2.39678E+05 3.18302E+05 1.90823E+03-3.32158E+04 2.06258E+04-1.69340E+02
 -1      2512-2.40688E+05-3.18193E+05 1.14031E+02 3.32924E+04 2.04632E+04-1.53951E+02
 -1      2513 2.38145E+05 3.14948E+05 1.90994E+03-9.95177E+04 2.04215E+04-5.01279E+02
 -1      2515-2.39121E+05-3.14845E+05 1.11517E+02 9.96775E+04 2.02650E+04-4.55885E+02
 -1      2516 2.35002E+05 3.08202E+05 1.91361E+03-1.65315E+05 2.00091E+04-8.12559E+02
 -1      2518-2.35924E+05-3.08110E+05 1.06287E+02 1.65551E+05 1.98643E+04-7.39458E+02
 -1      2519 2.30106E+05 2.97984E+05 1.91978E+03-2.30229E+05 1.93807E+04-1.08793E+03
 -1      2521-2.30956E+05-2.97911E+05 9.78446E+01 2.30528E+05 1.92530E+04-9.90904E+02
 -1      2522 2.23230E+05 2.84168E+05 1.92923E+03-2.93808E+05 1.85233E+04-1.30975E+03
 -1      2524-2.23993E+05-2.84120E+05 8.55042E+01 2.94155E+05 1.84177E+04-1.19398E+03
 -1      2525 2.14051E+05 2.66569E+05 1.94412E+03-3.55499E+05 1.74222E+04-1.45597E+03
 -1      2527-2.14717E+05-2.66553E+05 6.72332E+01 3.55870E+05 1.73428E+04-1.32791E+03
 -1      2528 2.02117E+05 2.44922E+05 1.96406E+03-4.14612E+05 1.60399E+04-1.49943E+03
 -1      2530-2.02681E+05-2.44944E+05 4.36387E+01 4.14983E+05 1.59897E+04-1.36660E+03
 -1      2531 1.86811E+05 2.18877E+05 1.99918E+03-4.70179E+05 1.44239E+04-1.39916E+03
 -1      2533-1.87273E+05-2.18941E+05 4.77473E+00 4.70520E+05 1.44048E+04-1.26992E+03
 -1      2534 1.67284E+05 1.87890E+05 2.04647E+03-5.21338E+05 1.21356E+04-1.09231E+03
 -1      2536-1.67644E+05-1.87999E+05-4.57300E+01 5.21619E+05 1.21478E+04-9.75360E+02
 -1      2537 1.41809E+05 1.51181E+05 2.04622E+03-5.64562E+05 1.13483E+04-5.26931E+02
 -1      2539-1.42066E+05-1.51330E+05-4.86211E+01 5.64758E+05 1.13898E+04-4.30936E+02
 -1      2540 1.07957E+05 1.07957E+05 1.98999E+03-6.07123E+05 3.43003E+02 3.43004E+02
 -1      2542-1.08114E+05-1.08114E+05 5.38226E+00 6.07225E+05 4.10674E+02 4.10673E+02
 -1      2543 6.00575E+04 5.55353E+04 7.49411E+02-5.96037E+05 4.21173E+04 2.19434E+03
 -1      2545-6.01266E+04-5.56297E+04 1.24242E+03 5.96058E+05 4.21979E+04 2.23097E+03
 -1      2546 2.67322E+04 1.06781E+04-5.20572E+03-5.60706E+05-1.95132E+05 3.80355E+03
 -1      2548-2.67663E+04-1.04919E+04 7.18601E+03 5.60733E+05-1.95050E+05 3.80169E+03
 -1      2549 1.21881E+04-3.58891E+03-3.27787E+03 5.56406E+05-1.91798E+05-3.92858E+04
 -1      2551-1.18277E+04 7.25343E+03 5.24238E+03-5.56901E+05-1.91792E+05-3.92890E+04
 -1      2552 3.26089E+04 3.24759E+04 2.56613E+03 5.88078E+05 4.27293E+04-4.27454E+04
 -1      2554-3.23330E+04-3.24661E+04-5.91149E+02-5.88330E+05 4.28015E+04-4.27854E+04
 -1      2555 5.55332E+04 6.00635E+04 7.57086E+02 5.96046E+05 2.19619E+03-4.21213E+04
 -1      2557-5.56319E+04-6.01205E+04 1.25010E+03-5.96049E+05 2.22912E+03-4.21940E+04
 -1      2558 7.19669E+04 8.41331E+04 1.82490E+02 5.53016E+05 1.35452E+04-3.72109E+04
 -1      2560-7.24305E+04-8.42132E+04 1.82867E+03-5.53030E+05 1.35649E+04-3.73199E+04
 -1      2561 8.40094E+04 1.03453E+05-3.86425E+01 5.08965E+05 1.48434E+04-3.41117E+04
 -1      2563-8.45998E+04-1.03514E+05 2.03705E+03-5.09046E+05 1.48478E+04-3.42459E+04
 -1      2564 9.34023E+04 1.19619E+05-2.89642E+02 4.58217E+05 1.72468E+04-3.03346E+04
 -1      2566-9.41098E+04-1.19657E+05 2.29487E+03-4.58348E+05 1.72340E+04-3.04806E+04
 -1      2567 1.00802E+05 1.33117E+05-4.25507E+02 4.03484E+05 1.90091E+04-2.65565E+04
 -1      2569-1.01641E+05-1.33135E+05 2.43527E+03-4.03644E+05 1.89792E+04-2.67052E+04
 -1      2570 1.06556E+05 1.44272E+05-5.35068E+02 3.45615E+05 2.04673E+04-2.26293E+04
 -1      2572-1.07534E+05-1.44273E+05 2.55005E+03-3.45782E+05 2.04214E+04-2.27715E+04
 -1      2573 1.10987E+05 1.53312E+05-6.11187E+02 2.85431E+05 2.16276E+04-1.86199E+04
 -1      2575-1.12100E+05-1.53300E+05 2.63069E+03-2.85588E+05 2.15673E+04-1.87478E+04
 -1      2576 1.14305E+05 1.60391E+05-6.65755E+02 2.23551E+05 2.25249E+04-1.45425E+04
 -1      2578-1.15536E+05-1.60370E+05 2.68907E+03-2.23683E+05 2.24525E+04-1.46492E+04
 -1      2579 1.16667E+05 1.65618E+05-7.02853E+02 1.60468E+05 2.31806E+04-1.04182E+04
 -1      2581-1.17994E+05-1.65589E+05 2.72911E+03-1.60565E+05 2.30988E+04-1.04984E+04
 -1      2582 1.18187E+05 1.69066E+05-7.25926E+02 9.65874E+04 2.36099E+04-6.26268E+03
 -1      2584-1.19575E+05-1.69032E+05 2.75418E+03-9.66408E+04 2.35217E+04-6.31236E+03
 -1      2585 1.18934E+05 1.70779E+05-7.36972E+02 3.22515E+04 2.38222E+04-2.08947E+03
 -1      2587-1.20345E+05-1.70742E+05 2.76624E+03-3.22570E+04 2.37308E+04-2.10630E+03
 -1      2588 1.18942E+05 1.70779E+05-7.36965E+02-3.22321E+04 2.38222E+04 2.08947E+03
 -1      2590-1.20336E+05-1.70742E+05 2.76625E+03 3.22763E+04 2.37308E+04 2.10629E+03
 -1      2591 1.18213E+05 1.69066E+05-7.25905E+02-9.65677E+04 2.36099E+04 6.26268E+03
 -1      2593-1.19549E+05-1.69031E+05 2.75420E+03 9.66603E+04 2.35217E+04 6.31236E+03
 -1      2594 1.16712E+05 1.65619E+05-7.02817E+02-1.60448E+05 2.31806E+04 1.04182E+04
 -1      2596-1.17950E+05-1.65589E+05 2.72914E+03 1.60585E+05 2.30988E+04 1.04984E+04
 -1      2597 1.14367E+05 1.60392E+05-6.65706E+02-2.23529E+05 2.25248E+04 1.45425E+04
 -1      2599-1.15474E+05-1.60369E+05 2.68912E+03 2.23704E+05 2.24525E+04 1.46492E+04
 -1      2600 1.11068E+05 1.53313E+05-6.11123E+02-2.85409E+05 2.16276E+04 1.86199E+04
 -1      2602-1.12019E+05-1.53299E+05 2.63076E+03 2.85610E+05 2.15673E+04 1.87478E+04
 -1      2603 1.06656E+05 1.44274E+05-5.35025E+02-3.45591E+05 2.04673E+04 2.26293E+04
 -1      2605-1.07434E+05-1.44271E+05 2.55009E+03 3.45806E+05 2.04214E+04 2.27716E+04
 -1      2606 1.00922E+05 1.33120E+05-4.25430E+02-4.03457E+05 1.90090E+04 2.65566E+04
 -1      2608-1.01522E+05-1.33132E+05 2.43535E+03 4.03671E+05 1.89793E+04 2.67052E+04
 -1      2609 9.35404E+04 1.19624E+05-2.90099E+02-4.58186E+05 1.72467E+04 3.03346E+04
 -1      2611-9.39719E+04-1.19653E+05 2.29441E+03 4.58378E+05 1.72342E+04 3.04807E+04
 -1      2612 8.41615E+04 1.03460E+05-3.83136E+01-5.08930E+05 1.48431E+04 3.41118E+04
 -1      2614-8.44477E+04-1.03507E+05 2.03738E+03 5.09081E+05 1.48480E+04 3.42458E+04
 -1      2615 7.21119E+04 8.41404E+04 1.73929E+02-5.52978E+05 1.35443E+04 3.72094E+04
 -1      2617-7.22856E+04-8.42058E+04 1.82011E+03 5.53068E+05 1.35658E+04 3.73214E+04
 -1      2618 5.55353E+04 6.00574E+04 7.49408E+02-5.96037E+05 2.19435E+03 4.21173E+04
 -1      2620-5.56299E+04-6.01265E+04 1.24242E+03 5.96058E+05 2.23097E+03 4.21979E+04
 -1      2621 3.24504E+04 3.24504E+04 2.57461E+03-5.88217E+05 4.27430E+04 4.27430E+04
 -1      2623-3.24916E+04-3.24915E+04-5.82659E+02 5.88192E+05 4.27878E+04 4.27878E+04
 -1      2624 1.19985E+04-5.36176E+03-3.26619E+03-5.56662E+05-1.91819E+05 3.92855E+04
 -1      2626-1.20175E+04 5.48066E+03 5.25407E+03 5.56645E+05-1.91771E+05 3.92893E+04
 -1      2627-1.84966E+04-1.56270E+04-8.08090E+03 5.30691E+05-1.80728E+05 1.80728E+05
 -1      2629 1.73861E+04 2.02558E+04 9.91206E+03-5.31283E+05-1.80760E+05 1.80760E+05
 -1      2630-6.01973E+03 1.17315E+04-3.21821E+03 5.56561E+05 3.92696E+04 1.91814E+05
 -1      2632 4.82265E+03-1.22844E+04 5.30206E+03-5.56746E+05 3.93052E+04 1.91776E+05
 -1      2633 1.00431E+04 2.67777E+04-5.19472E+03 5.60779E+05 3.80600E+03 1.95141E+05
 -1      2635-1.11270E+04-2.67208E+04 7.19701E+03-5.60660E+05 3.79924E+03 1.95041E+05
 -1      2636 1.97660E+04 3.99077E+04-5.82771E+03 5.19990E+05 1.50336E+04 1.80828E+05
 -1      2638-2.04252E+04-3.99939E+04 7.78966E+03-5.19997E+05 1.50210E+04 1.80710E+05
 -1      2639 2.09752E+04 4.85579E+04-7.31296E+03 4.77683E+05 1.64730E+04 1.66603E+05
 -1      2641-2.15704E+04-4.85829E+04 9.30569E+03-4.77762E+05 1.64598E+04 1.66471E+05
 -1      2642 2.43170E+04 5.63917E+04-8.03645E+03 4.29762E+05 1.90333E+04 1.49984E+05
 -1      2644-2.50198E+04-5.64156E+04 1.00348E+04-4.29886E+05 1.90132E+04 1.49841E+05
 -1      2645 2.62826E+04 6.27916E+04-8.67403E+03 3.78205E+05 2.08354E+04 1.32115E+05
 -1      2647-2.71779E+04-6.28035E+04 1.06820E+04-3.78351E+05 2.08092E+04 1.31971E+05
 -1      2648 2.79869E+04 6.81320E+04-9.12794E+03 3.23834E+05 2.23404E+04 1.13189E+05
 -1      2650-2.91123E+04-6.81377E+04 1.11430E+04-3.23984E+05 2.23082E+04 1.13052E+05
 -1      2651 2.92744E+04 7.24665E+04-9.46808E+03 2.67365E+05 2.35282E+04 9.34967E+04
 -1      2653-3.06319E+04-7.24667E+04 1.14894E+04-2.67504E+05 2.34906E+04 9.33739E+04
 -1      2654 3.02542E+04 7.58726E+04-9.71251E+03 2.09357E+05 2.44454E+04 7.32378E+04
 -1      2656-3.18203E+04-7.58690E+04 1.17388E+04-2.09474E+05 2.44032E+04 7.31354E+04
 -1      2657 3.09573E+04 7.83932E+04-9.88123E+03 1.50257E+05 2.51144E+04 5.25767E+04
 -1      2659-3.26896E+04-7.83868E+04 1.19113E+04-1.50344E+05 2.50686E+04 5.24999E+04
 -1      2660 3.14148E+04 8.00587E+04-9.98683E+03 9.04319E+04 2.55518E+04 3.16478E+04
 -1      2662-3.32576E+04-8.00505E+04 1.20195E+04-9.04821E+04 2.55035E+04 3.16002E+04
 -1      2663 3.16448E+04 8.08871E+04-1.00376E+04 3.01924E+04 2.57680E+04 1.05659E+04
 -1      2665-3.35335E+04-8.08780E+04 1.20716E+04-3.02025E+04 2.57185E+04 1.05497E+04
 -1      2666 3.16564E+04 8.08871E+04-1.00376E+04-3.01817E+04 2.57680E+04-1.05658E+04
 -1      2668-3.35219E+04-8.08779E+04 1.20716E+04 3.02130E+04 2.57185E+04-1.05498E+04
 -1      2669 3.14498E+04 8.00588E+04-9.98678E+03-9.04210E+04 2.55518E+04-3.16477E+04
 -1      2671-3.32226E+04-8.00503E+04 1.20195E+04 9.04929E+04 2.55035E+04-3.16003E+04
 -1      2672 3.10164E+04 7.83935E+04-9.88112E+03-1.50246E+05 2.51144E+04-5.25766E+04
 -1      2674-3.26305E+04-7.83865E+04 1.19114E+04 1.50355E+05 2.50686E+04-5.25000E+04
 -1      2675 3.03389E+04 7.58730E+04-9.71234E+03-2.09345E+05 2.44454E+04-7.32377E+04
 -1      2677-3.17356E+04-7.58685E+04 1.17390E+04 2.09486E+05 2.44032E+04-7.31355E+04
 -1      2678 2.93870E+04 7.24672E+04-9.46782E+03-2.67352E+05 2.35282E+04-9.34966E+04
 -1      2680-3.05193E+04-7.24660E+04 1.14897E+04 2.67517E+05 2.34906E+04-9.33740E+04
 -1      2681 2.81311E+04 6.81331E+04-9.12751E+03-3.23819E+05 2.23404E+04-1.13188E+05
 -1      2683-2.89682E+04-6.81364E+04 1.11435E+04 3.23998E+05 2.23082E+04-1.13052E+05
 -1      2684 2.64643E+04 6.27930E+04-8.67347E+03-3.78188E+05 2.08353E+04-1.32114E+05
 -1      2686-2.69963E+04-6.28019E+04 1.06826E+04 3.78368E+05 2.08092E+04-1.31971E+05
 -1      2687 2.45467E+04 5.63957E+04-8.03492E+03-4.29741E+05 1.90330E+04-1.49983E+05
 -1      2689-2.47903E+04-5.64115E+04 1.00363E+04 4.29907E+05 1.90134E+04-1.49842E+05
 -1      2690 2.12709E+04 4.85586E+04-7.31266E+03-4.77655E+05 1.64730E+04-1.66602E+05
 -1      2692-2.12748E+04-4.85821E+04 9.30599E+03 4.77790E+05 1.64598E+04-1.66471E+05
 -1      2693 2.01708E+04 3.99348E+04-5.81612E+03-5.19950E+05 1.50309E+04-1.80824E+05
 -1      2695-2.00205E+04-3.99667E+04 7.80124E+03 5.20037E+05 1.50237E+04-1.80714E+05
 -1      2696 1.06781E+04 2.67322E+04-5.20572E+03-5.60706E+05 3.80353E+03-1.95132E+05
 -1      2698-1.04920E+04-2.67663E+04 7.18601E+03 5.60733E+05 3.80168E+03-1.95050E+05
 -1      2699-5.36169E+03 1.19984E+04-3.26619E+03-5.56662E+05 3.92855E+04-1.91819E+05
 -1      2701 5.48061E+03-1.20174E+04 5.25407E+03 5.56645E+05 3.92893E+04-1.91771E+05
 -1      2702-1.79064E+04-1.79065E+04-7.99726E+03-5.30991E+05-1.80749E+05-1.80749E+05
 -1      2704 1.79763E+04 1.79764E+04 9.99569E+03 5.30983E+05-1.80740E+05-1.80740E+05
 -3
    1PSTEP                         3          11           1          
  100CL  101 1.000000000        1352                     0    1           1
 -4  ERROR       1    1
 -5  STR(%)      1    1    0    0
 -1       677 2.15585E+01
 -1       679 2.15585E+01
 -1       680 2.15585E+01
 -1       682 2.15585E+01
 -1       683 1.51642E+01
 -1       685 1.51642E+01
 -1       686 1.99386E+01
 -1       688 1.99386E+01
 -1       689 2.59751E+01
 -1       691 2.59751E+01
 -1       692 3.23995E+01
 -1       694 3.23995E+01
 -1       695 3.98190E+01
 -1       697 3.98190E+01
 -1       698 4.87574E+01
 -1       700 4.87574E+01
 -1       701 6.06426E+01
 -1       703 6.06426E+01
 -1       704 7.62233E+01
 -1       706 7.62233E+01
 -1       707 9.52684E+01
 -1       709 9.52684E+01
 -1       710 1.11306E+02
 -1       712 1.11306E+02
 -1       713 1.11306E+02
 -1       715 1.11306E+02
 -1       716 1.11307E+02
 -1       718 1.11307E+02
 -1       719 1.11307E+02
 -1       721 1.11307E+02
 -1       722 9.52908E+01
 -1       724 9.52908E+01
 -1       725 7.62495E+01
 -1       727 7.62495E+01
 -1       728 6.06701E+01
 -1       730 6.06701E+01
 -1       731 4.87820E+01
 -1       733 4.87820E+01
 -1       734 3.98423E+01
 -1       736 3.98423E+01
 -1       737 3.24216E+01
 -1       739 3.24216E+01
 -1       740 2.59965E+01
 -1       742 2.59965E+01
 -1       743 1.99811E+01
 -1       745 1.99811E+01
 -1       746 1.52417E+01
 -1       748 1.52417E+01
 -1       749 2.15210E+01
 -1       751 2.15210E+01
 -1       752 2.15210E+01
 -1       754 2.15210E+01
 -1       755 2.15585E+01
 -1       757 2.15585E+01
 -1       758 2.15585E+01
 -1       760 2.15585E+01
 -1       761 2.79967E+01
 -1       763 2.79967E+01
 -1       764 4.02875E+01
 -1       766 4.02875E+01
 -1       767 5.21859E+01
 -1       769 5.21859E+01
 -1       770 6.41489E+01
 -1       772 6.41489E+01
 -1       773 7.67837E+01
 -1       775 7.67837E+01
 -1       776 9.04423E+01
 -1       778 9.04423E+01
 -1       779 1.04657E+02
 -1       781 1.04657E+02
 -1       782 1.19885E+02
 -1       784 1.19885E+02
 -1       785 1.23002E+02
 -1       787 1.23002E+02
 -1       788 1.23494E+02
 -1       790 1.23494E+02
 -1       791 1.23494E+02
 -1       793 1.23494E+02
 -1       794 1.23493E+02
 -1       796 1.23493E+02
 -1       797 1.23493E+02
 -1       799 1.23493E+02
 -1       800 1.23001E+02
 -1       802 1.23001E+02
 -1       803 1.19895E+02
 -1       805 1.19895E+02
 -1       806 1.04679E+02
 -1       808 1.04679E+02
 -1       809 9.04690E+01
 -1       811 9.04690E+01
 -1       812 7.68118E+01
 -1       814 7.68118E+01
 -1       815 6.41775E+01
 -1       817 6.41775E+01
 -1       818 5.22142E+01
 -1       820 5.22142E+01
 -1       821 4.03134E+01
 -1       823 4.03134E+01
 -1       824 2.80125E+01
 -1       826 2.80125E+01
 -1       827 2.15210E+01
 -1       829 2.15210E+01
 -1       830 2.15210E+01
 -1       832 2.15210E+01
 -1       833 1.51799E+01
 -1       835 1.51799E+01
 -1       836 2.81160E+01
 -1       838 2.81160E+01
 -1       839 4.77263E+01
 -1       841 4.77263E+01
 -1       842 6.33714E+01
 -1       844 6.33714E+01
 -1       845 7.79600E+01
 -1       847 7.79600E+01
 -1       848 9.20634E+01
 -1       850 9.20634E+01
 -1       851 1.05602E+02
 -1       853 1.05602E+02
 -1       854 1.17990E+02
 -1       856 1.17990E+02
 -1       857 1.22555E+02
 -1       859 1.22555E+02
 -1       860 1.22987E+02
 -1       862 1.22987E+02
 -1       863 1.23260E+02
 -1       865 1.23260E+02
 -1       866 1.23504E+02
 -1       868 1.23504E+02
 -1       869 1.23504E+02
 -1       871 1.23504E+02
 -1       872 1.23503E+02
 -1       874 1.23503E+02
 -1       875 1.23503E+02
 -1       877 1.23503E+02
 -1       878 1.23260E+02
 -1       880 1.23260E+02
 -1       881 1.22987E+02
 -1       883 1.22987E+02
 -1       884 1.22555E+02
 -1       886 1.22555E+02
 -1       887 1.18007E+02
 -1       889 1.18007E+02
 -1       890 1.05619E+02
 -1       892 1.05619E+02
 -1       893 9.20800E+01
 -1       895 9.20800E+01
 -1       896 7.79708E+01
 -1       898 7.79708E+01
 -1       899 6.33678E+01
 -1       901 6.33678E+01
 -1       902 4.76808E+01
 -1       904 4.76808E+01
 -1       905 2.80125E+01
 -1       907 2.80125E+01
 -1       908 1.52417E+01
 -1       910 1.52417E+01
 -1       911 1.99290E+01
 -1       913 1.99290E+01
 -1       914 4.03918E+01
 -1       916 4.03918E+01
 -1       917 6.34256E+01
 -1       919 6.34256E+01
 -1       920 8.12973E+01
 -1       922 8.12973E+01
 -1       923 9.71994E+01
 -1       925 9.71994E+01
 -1       926 1.10922E+02
 -1       928 1.10922E+02
 -1       929 1.21391E+02
 -1       931 1.21391E+02
 -1       932 1.22426E+02
 -1       934 1.22426E+02
 -1       935 1.22683E+02
 -1       937 1.22683E+02
 -1       938 1.22987E+02
 -1       940 1.22987E+02
 -1       941 1.23260E+02
 -1       943 1.23260E+02
 -1       944 1.23504E+02
 -1       946 1.23504E+02
 -1       947 1.23504E+02
 -1       949 1.23504E+02
 -1       950 1.23503E+02
 -1       952 1.23503E+02
 -1       953 1.23503E+02
 -1       955 1.23503E+02
 -1       956 1.23260E+02
 -1       958 1.23260E+02
 -1       959 1.22987E+02
 -1       961 1.22987E+02
 -1       962 1.22683E+02
 -1       964 1.22683E+02
 -1       965 1.22427E+02
 -1       967 1.22427E+02
 -1       968 1.21394E+02
 -1       970 1.21394E+02
 -1       971 1.10924E+02
 -1       973 1.10924E+02
 -1       974 9.71926E+01
 -1       976 9.71926E+01
 -1       977 8.12706E+01
 -1       979 8.12706E+01
 -1       980 6.33677E+01
 -1       982 6.33677E+01
 -1       983 4.03133E+01
 -1       985 4.03133E+01
 -1       986 1.99811E+01
 -1       988 1.99811E+01
 -1       989 2.59513E+01
 -1       991 2.59513E+01
 -1       992 5.22791E+01
 -1       994 5.22791E+01
 -1       995 7.80252E+01
 -1       997 7.80252E+01
 -1       998 9.72265E+01
 -1      1000 9.72265E+01
 -1      1001 1.12589E+02
 -1      1003 1.12589E+02
 -1      1004 1.21562E+02
 -1      1006 1.21562E+02
 -1      1007 1.22100E+02
 -1      1009 1.22100E+02
 -1      1010 1.22598E+02
 -1      1012 1.22598E+02
 -1      1013 1.22859E+02
 -1      1015 1.22859E+02
 -1      1016 1.23014E+02
 -1      1018 1.23014E+02
 -1      1019 1.23133E+02
 -1      1021 1.23133E+02
 -1      1022 1.23133E+02
 -1      1024 1.23133E+02
 -1      1025 1.22530E+02
 -1      1027 1.22530E+02
 -1      1028 1.23347E+02
 -1      1030 1.23347E+02
 -1      1031 1.23347E+02
 -1      1033 1.23347E+02
 -1      1034 1.23133E+02
 -1      1036 1.23133E+02
 -1      1037 1.23014E+02
 -1      1039 1.23014E+02
 -1      1040 1.22859E+02
 -1      1042 1.22859E+02
 -1      1043 1.22598E+02
 -1      1045 1.22598E+02
 -1      1046 1.22101E+02
 -1      1048 1.22101E+02
 -1      1049 1.21562E+02
 -1      1051 1.21562E+02
 -1      1052 1.12575E+02
 -1      1054 1.12575E+02
 -1      1055 9.71924E+01
 -1      1057 9.71924E+01
 -1      1058 7.79705E+01
 -1      1060 7.79705E+01
 -1      1061 5.22139E+01
 -1      1063 5.22139E+01
 -1      1064 2.59965E+01
 -1      1066 2.59965E+01
 -1      1067 3.23683E+01
 -1      1069 3.23683E+01
 -1      1070 6.42341E+01
 -1      1072 6.42341E+01
 -1      1073 9.21298E+01
 -1      1075 9.21298E+01
 -1      1076 1.10954E+02
 -1      1078 1.10954E+02
 -1      1079 1.21565E+02
 -1      1081 1.21565E+02
 -1      1082 1.22125E+02
 -1      1084 1.22125E+02
 -1      1085 1.22634E+02
 -1      1087 1.22634E+02
 -1      1088 1.22845E+02
 -1      1090 1.22845E+02
 -1      1091 1.22949E+02
 -1      1093 1.22949E+02
 -1      1094 1.23014E+02
 -1      1096 1.23014E+02
 -1      1097 1.23124E+02
 -1      1099 1.23124E+02
 -1      1100 1.23124E+02
 -1      1102 1.23124E+02
 -1      1103 1.22435E+02
 -1      1105 1.22435E+02
 -1      1106 1.22436E+02
 -1      1108 1.22436E+02
 -1      1109 1.23124E+02
 -1      1111 1.23124E+02
 -1      1112 1.23124E+02
 -1      1114 1.23124E+02
 -1      1115 1.23014E+02
 -1      1117 1.23014E+02
 -1      1118 1.22949E+02
 -1      1120 1.22949E+02
 -1      1121 1.22845E+02
 -1      1123 1.22845E+02
 -1      1124 1.22634E+02
 -1      1126 1.22634E+02
 -1      1127 1.22124E+02
 -1      1129 1.22124E+02
 -1      1130 1.21562E+02
 -1      1132 1.21562E+02
 -1      1133 1.10924E+02
 -1      1135 1.10924E+02
 -1      1136 9.20795E+01
 -1      1138 9.20795E+01
 -1      1139 6.41770E+01
 -1      1141 6.41770E+01
 -1      1142 3.24214E+01
 -1      1144 3.24214E+01
 -1      1145 3.98850E+01
 -1      1147 3.98850E+01
 -1      1148 7.68640E+01
 -1      1150 7.68640E+01
 -1      1151 1.05662E+02
 -1      1153 1.05662E+02
 -1      1154 1.21404E+02
 -1      1156 1.21404E+02
 -1      1157 1.22102E+02
 -1      1159 1.22102E+02
 -1      1160 1.22634E+02
 -1      1162 1.22634E+02
 -1      1163 1.22837E+02
 -1      1165 1.22837E+02
 -1      1166 1.22916E+02
 -1      1168 1.22916E+02
 -1      1169 1.22949E+02
 -1      1171 1.22949E+02
 -1      1172 1.23003E+02
 -1      1174 1.23003E+02
 -1      1175 1.23003E+02
 -1      1177 1.23003E+02
 -1      1178 1.22368E+02
 -1      1180 1.22368E+02
 -1      1181 1.22345E+02
 -1      1183 1.22345E+02
 -1      1184 1.22345E+02
 -1      1186 1.22345E+02
 -1      1187 1.22368E+02
 -1      1189 1.22368E+02
 -1      1190 1.23003E+02
 -1      1192 1.23003E+02
 -1      1193 1.23003E+02
 -1      1195 1.23003E+02
 -1      1196 1.22949E+02
 -1      1198 1.22949E+02
 -1      1199 1.22916E+02
 -1      1201 1.22916E+02
 -1      1202 1.22837E+02
 -1      1204 1.22837E+02
 -1      1205 1.22634E+02
 -1      1207 1.22634E+02
 -1      1208 1.22101E+02
 -1      1210 1.22101E+02
 -1      1211 1.21394E+02
 -1      1213 1.21394E+02
 -1      1214 1.05618E+02
 -1      1216 1.05618E+02
 -1      1217 7.68110E+01
 -1      1219 7.68110E+01
 -1      1220 3.98420E+01
 -1      1222 3.98420E+01
 -1      1223 4.88280E+01
 -1      1225 4.88280E+01
 -1      1226 9.05186E+01
 -1      1228 9.05186E+01
 -1      1229 1.18046E+02
 -1      1231 1.18046E+02
 -1      1232 1.22427E+02
 -1      1234 1.22427E+02
 -1      1235 1.22599E+02
 -1      1237 1.22599E+02
 -1      1238 1.22845E+02
 -1      1240 1.22845E+02
 -1      1241 1.22916E+02
 -1      1243 1.22916E+02
 -1      1244 1.22916E+02
 -1      1246 1.22916E+02
 -1      1247 1.22916E+02
 -1      1249 1.22916E+02
 -1      1250 1.22349E+02
 -1      1252 1.22349E+02
 -1      1253 1.22332E+02
 -1      1255 1.22332E+02
 -1      1256 1.22290E+02
 -1      1258 1.22290E+02
 -1      1259 1.22229E+02
 -1      1261 1.22229E+02
 -1      1262 1.22229E+02
 -1      1264 1.22229E+02
 -1      1265 1.22290E+02
 -1      1267 1.22290E+02
 -1      1268 1.22332E+02
 -1      1270 1.22332E+02
 -1      1271 1.22941E+02
 -1      1273 1.22941E+02
 -1      1274 1.22941E+02
 -1      1276 1.22941E+02
 -1      1277 1.22920E+02
 -1      1279 1.22920E+02
 -1      1280 1.22916E+02
 -1      1282 1.22916E+02
 -1      1283 1.22845E+02
 -1      1285 1.22845E+02
 -1      1286 1.22598E+02
 -1      1288 1.22598E+02
 -1      1289 1.22427E+02
 -1      1291 1.22427E+02
 -1      1292 1.18006E+02
 -1      1294 1.18006E+02
 -1      1295 9.04679E+01
 -1      1297 9.04679E+01
 -1      1298 4.87815E+01
 -1      1300 4.87815E+01
 -1      1301 6.07222E+01
 -1      1303 6.07222E+01
 -1      1304 1.04721E+02
 -1      1306 1.04721E+02
 -1      1307 1.22556E+02
 -1      1309 1.22556E+02
 -1      1310 1.22683E+02
 -1      1312 1.22683E+02
 -1      1313 1.22859E+02
 -1      1315 1.22859E+02
 -1      1316 1.22949E+02
 -1      1318 1.22949E+02
 -1      1319 1.22949E+02
 -1      1321 1.22949E+02
 -1      1322 1.22916E+02
 -1      1324 1.22916E+02
 -1      1325 1.22342E+02
 -1      1327 1.22342E+02
 -1      1328 1.22315E+02
 -1      1330 1.22315E+02
 -1      1331 1.22263E+02
 -1      1333 1.22263E+02
 -1      1334 1.22191E+02
 -1      1336 1.22191E+02
 -1      1337 1.22103E+02
 -1      1339 1.22103E+02
 -1      1340 1.22103E+02
 -1      1342 1.22103E+02
 -1      1343 1.22192E+02
 -1      1345 1.22192E+02
 -1      1346 1.22263E+02
 -1      1348 1.22263E+02
 -1      1349 1.22315E+02
 -1      1351 1.22315E+02
 -1      1352 1.22920E+02
 -1      1354 1.22920E+02
 -1      1355 1.22941E+02
 -1      1357 1.22941E+02
 -1      1358 1.22949E+02
 -1      1360 1.22949E+02
 -1      1361 1.22949E+02
 -1      1363 1.22949E+02
 -1      1364 1.22858E+02
 -1      1366 1.22858E+02
 -1      1367 1.22683E+02
 -1      1369 1.22683E+02
 -1      1370 1.22555E+02
 -1      1372 1.22555E+02
 -1      1373 1.04677E+02
 -1      1375 1.04677E+02
 -1      1376 6.06695E+01
 -1      1378 6.06695E+01
 -1      1379 7.63083E+01
 -1      1381 7.63083E+01
 -1      1382 1.19919E+02
 -1      1384 1.19919E+02
 -1      1385 1.22987E+02
 -1      1387 1.22987E+02
 -1      1388 1.22987E+02
 -1      1390 1.22987E+02
 -1      1391 1.23014E+02
 -1      1393 1.23014E+02
 -1      1394 1.23014E+02
 -1      1396 1.23014E+02
 -1      1397 1.22949E+02
 -1      1399 1.22949E+02
 -1      1400 1.22349E+02
 -1      1402 1.22349E+02
 -1      1403 1.22315E+02
 -1      1405 1.22315E+02
 -1      1406 1.22253E+02
 -1      1408 1.22253E+02
 -1      1409 1.22174E+02
 -1      1411 1.22174E+02
 -1      1412 1.22080E+02
 -1      1414 1.22080E+02
 -1      1415 1.21970E+02
 -1      1417 1.21970E+02
 -1      1418 1.21971E+02
 -1      1420 1.21971E+02
 -1      1421 1.22080E+02
 -1      1423 1.22080E+02
 -1      1424 1.22174E+02
 -1      1426 1.22174E+02
 -1      1427 1.22253E+02
 -1      1429 1.22253E+02
 -1      1430 1.22315E+02
 -1      1432 1.22315E+02
 -1      1433 1.22941E+02
 -1      1435 1.22941E+02
 -1      1436 1.23003E+02
 -1      1438 1.23003E+02
 -1      1439 1.23014E+02
 -1      1441 1.23014E+02
 -1      1442 1.23014E+02
 -1      1444 1.23014E+02
 -1      1445 1.22987E+02
 -1      1447 1.22987E+02
 -1      1448 1.22987E+02
 -1      1450 1.22987E+02
 -1      1451 1.19895E+02
 -1      1453 1.19895E+02
 -1      1454 7.62493E+01
 -1      1456 7.62493E+01
 -1      1457 9.53633E+01
 -1      1459 9.53633E+01
 -1      1460 1.23002E+02
 -1      1462 1.23002E+02
 -1      1463 1.23260E+02
 -1      1465 1.23260E+02
 -1      1466 1.23260E+02
 -1      1468 1.23260E+02
 -1      1469 1.23133E+02
 -1      1471 1.23133E+02
 -1      1472 1.23014E+02
 -1      1474 1.23014E+02
 -1      1475 1.22368E+02
 -1      1477 1.22368E+02
 -1      1478 1.22332E+02
 -1      1480 1.22332E+02
 -1      1481 1.22263E+02
 -1      1483 1.22263E+02
 -1      1484 1.22174E+02
 -1      1486 1.22174E+02
 -1      1487 1.22072E+02
 -1      1489 1.22072E+02
 -1      1490 1.21959E+02
 -1      1492 1.21959E+02
 -1      1493 1.21833E+02
 -1      1495 1.21833E+02
 -1      1496 1.21834E+02
 -1      1498 1.21834E+02
 -1      1499 1.21959E+02
 -1      1501 1.21959E+02
 -1      1502 1.22072E+02
 -1      1504 1.22072E+02
 -1      1505 1.22174E+02
 -1      1507 1.22174E+02
 -1      1508 1.22263E+02
 -1      1510 1.22263E+02
 -1      1511 1.22332E+02
 -1      1513 1.22332E+02
 -1      1514 1.23003E+02
 -1      1516 1.23003E+02
 -1      1517 1.23124E+02
 -1      1519 1.23124E+02
 -1      1520 1.23133E+02
 -1      1522 1.23133E+02
 -1      1523 1.23260E+02
 -1      1525 1.23260E+02
 -1      1526 1.23260E+02
 -1      1528 1.23260E+02
 -1      1529 1.23001E+02
 -1      1531 1.23001E+02
 -1      1532 9.52926E+01
 -1      1534 9.52926E+01
 -1      1535 1.11308E+02
 -1      1537 1.11308E+02
 -1      1538 1.23494E+02
 -1      1540 1.23494E+02
 -1      1541 1.23504E+02
 -1      1543 1.23504E+02
 -1      1544 1.23504E+02
 -1      1546 1.23504E+02
 -1      1547 1.23133E+02
 -1      1549 1.23133E+02
 -1      1550 1.22436E+02
 -1      1552 1.22436E+02
 -1      1553 1.22368E+02
 -1      1555 1.22368E+02
 -1      1556 1.22290E+02
 -1      1558 1.22290E+02
 -1      1559 1.22191E+02
 -1      1561 1.22191E+02
 -1      1562 1.22080E+02
 -1      1564 1.22080E+02
 -1      1565 1.21959E+02
 -1      1567 1.21959E+02
 -1      1568 1.21829E+02
 -1      1570 1.21829E+02
 -1      1571 1.21692E+02
 -1      1573 1.21692E+02
 -1      1574 1.21692E+02
 -1      1576 1.21692E+02
 -1      1577 1.21829E+02
 -1      1579 1.21829E+02
 -1      1580 1.21959E+02
 -1      1582 1.21959E+02
 -1      1583 1.22080E+02
 -1      1585 1.22080E+02
 -1      1586 1.22192E+02
 -1      1588 1.22192E+02
 -1      1589 1.22290E+02
 -1      1591 1.22290E+02
 -1      1592 1.22368E+02
 -1      1594 1.22368E+02
 -1      1595 1.23124E+02
 -1      1597 1.23124E+02
 -1      1598 1.23347E+02
 -1      1600 1.23347E+02
 -1      1601 1.23503E+02
 -1      1603 1.23503E+02
 -1      1604 1.23503E+02
 -1      1606 1.23503E+02
 -1      1607 1.23494E+02
 -1      1609 1.23494E+02
 -1      1610 1.11307E+02
 -1      1612 1.11307E+02
 -1      1613 1.11308E+02
 -1      1615 1.11308E+02
 -1      1616 1.23494E+02
 -1      1618 1.23494E+02
 -1      1619 1.23504E+02
 -1      1621 1.23504E+02
 -1      1622 1.23504E+02
 -1      1624 1.23504E+02
 -1      1625 1.22530E+02
 -1      1627 1.22530E+02
 -1      1628 1.22436E+02
 -1      1630 1.22436E+02
 -1      1631 1.22345E+02
 -1      1633 1.22345E+02
 -1      1634 1.22229E+02
 -1      1636 1.22229E+02
 -1      1637 1.22103E+02
 -1      1639 1.22103E+02
 -1      1640 1.21970E+02
 -1      1642 1.21970E+02
 -1      1643 1.21833E+02
 -1      1645 1.21833E+02
 -1      1646 1.21692E+02
 -1      1648 1.21692E+02
 -1      1649 1.21544E+02
 -1      1651 1.21544E+02
 -1      1652 1.21544E+02
 -1      1654 1.21544E+02
 -1      1655 1.21692E+02
 -1      1657 1.21692E+02
 -1      1658 1.21834E+02
 -1      1660 1.21834E+02
 -1      1661 1.21971E+02
 -1      1663 1.21971E+02
 -1      1664 1.22103E+02
 -1      1666 1.22103E+02
 -1      1667 1.22229E+02
 -1      1669 1.22229E+02
 -1      1670 1.22345E+02
 -1      1672 1.22345E+02
 -1      1673 1.22436E+02
 -1      1675 1.22436E+02
 -1      1676 1.23347E+02
 -1      1678 1.23347E+02
 -1      1679 1.23503E+02
 -1      1681 1.23503E+02
 -1      1682 1.23503E+02
 -1      1684 1.23503E+02
 -1      1685 1.23494E+02
 -1      1687 1.23494E+02
 -1      1688 1.11307E+02
 -1      1690 1.11307E+02
 -1      1691 1.11308E+02
 -1      1693 1.11308E+02
 -1      1694 1.23494E+02
 -1      1696 1.23494E+02
 -1      1697 1.23504E+02
 -1      1699 1.23504E+02
 -1      1700 1.23504E+02
 -1      1702 1.23504E+02
 -1      1703 1.22530E+02
 -1      1705 1.22530E+02
 -1      1706 1.22436E+02
 -1      1708 1.22436E+02
 -1      1709 1.22345E+02
 -1      1711 1.22345E+02
 -1      1712 1.22229E+02
 -1      1714 1.22229E+02
 -1      1715 1.22103E+02
 -1      1717 1.22103E+02
 -1      1718 1.21970E+02
 -1      1720 1.21970E+02
 -1      1721 1.21833E+02
 -1      1723 1.21833E+02
 -1      1724 1.21692E+02
 -1      1726 1.21692E+02
 -1      1727 1.21544E+02
 -1      1729 1.21544E+02
 -1      1730 1.21544E+02
 -1      1732 1.21544E+02
 -1      1733 1.21692E+02
 -1      1735 1.21692E+02
 -1      1736 1.21834E+02
 -1      1738 1.21834E+02
 -1      1739 1.21971E+02
 -1      1741 1.21971E+02
 -1      1742 1.22103E+02
 -1      1744 1.22103E+02
 -1      1745 1.22229E+02
 -1      1747 1.22229E+02
 -1      1748 1.22345E+02
 -1      1750 1.22345E+02
 -1      1751 1.22436E+02
 -1      1753 1.22436E+02
 -1      1754 1.23347E+02
 -1      1756 1.23347E+02
 -1      1757 1.23503E+02
 -1      1759 1.23503E+02
 -1      1760 1.23503E+02
 -1      1762 1.23503E+02
 -1      1763 1.23494E+02
 -1      1765 1.23494E+02
 -1      1766 1.11307E+02
 -1      1768 1.11307E+02
 -1      1769 1.11308E+02
 -1      1771 1.11308E+02
 -1      1772 1.23494E+02
 -1      1774 1.23494E+02
 -1      1775 1.23504E+02
 -1      1777 1.23504E+02
 -1      1778 1.23504E+02
 -1      1780 1.23504E+02
 -1      1781 1.23133E+02
 -1      1783 1.23133E+02
 -1      1784 1.22436E+02
 -1      1786 1.22436E+02
 -1      1787 1.22368E+02
 -1      1789 1.22368E+02
 -1      1790 1.22290E+02
 -1      1792 1.22290E+02
 -1      1793 1.22191E+02
 -1      1795 1.22191E+02
 -1      1796 1.22080E+02
 -1      1798 1.22080E+02
 -1      1799 1.21959E+02
 -1      1801 1.21959E+02
 -1      1802 1.21829E+02
 -1      1804 1.21829E+02
 -1      1805 1.21692E+02
 -1      1807 1.21692E+02
 -1      1808 1.21692E+02
 -1      1810 1.21692E+02
 -1      1811 1.21829E+02
 -1      1813 1.21829E+02
 -1      1814 1.21959E+02
 -1      1816 1.21959E+02
 -1      1817 1.22080E+02
 -1      1819 1.22080E+02
 -1      1820 1.22192E+02
 -1      1822 1.22192E+02
 -1      1823 1.22290E+02
 -1      1825 1.22290E+02
 -1      1826 1.22368E+02
 -1      1828 1.22368E+02
 -1      1829 1.23124E+02
 -1      1831 1.23124E+02
 -1      1832 1.23347E+02
 -1      1834 1.23347E+02
 -1      1835 1.23503E+02
 -1      1837 1.23503E+02
 -1      1838 1.23503E+02
 -1      1840 1.23503E+02
 -1      1841 1.23494E+02
 -1      1843 1.23494E+02
 -1      1844 1.11307E+02
 -1      1846 1.11307E+02
 -1      1847 9.53633E+01
 -1      1849 9.53633E+01
 -1      1850 1.23002E+02
 -1      1852 1.23002E+02
 -1      1853 1.23260E+02
 -1      1855 1.23260E+02
 -1      1856 1.23260E+02
 -1      1858 1.23260E+02
 -1      1859 1.23133E+02
 -1      1861 1.23133E+02
 -1      1862 1.23014E+02
 -1      1864 1.23014E+02
 -1      1865 1.22368E+02
 -1      1867 1.22368E+02
 -1      1868 1.22332E+02
 -1      1870 1.22332E+02
 -1      1871 1.22263E+02
 -1      1873 1.22263E+02
 -1      1874 1.22174E+02
 -1      1876 1.22174E+02
 -1      1877 1.22072E+02
 -1      1879 1.22072E+02
 -1      1880 1.21959E+02
 -1      1882 1.21959E+02
 -1      1883 1.21833E+02
 -1      1885 1.21833E+02
 -1      1886 1.21834E+02
 -1      1888 1.21834E+02
 -1      1889 1.21959E+02
 -1      1891 1.21959E+02
 -1      1892 1.22072E+02
 -1      1894 1.22072E+02
 -1      1895 1.22174E+02
 -1      1897 1.22174E+02
 -1      1898 1.22263E+02
 -1      1900 1.22263E+02
 -1      1901 1.22332E+02
 -1      1903 1.22332E+02
 -1      1904 1.23003E+02
 -1      1906 1.23003E+02
 -1      1907 1.23124E+02
 -1      1909 1.23124E+02
 -1      1910 1.23133E+02
 -1      1912 1.23133E+02
 -1      1913 1.23260E+02
 -1      1915 1.23260E+02
 -1      1916 1.23260E+02
 -1      1918 1.23260E+02
 -1      1919 1.23001E+02
 -1      1921 1.23001E+02
 -1      1922 9.52926E+01
 -1      1924 9.52926E+01
 -1      1925 7.63083E+01
 -1      1927 7.63083E+01
 -1      1928 1.19919E+02
 -1      1930 1.19919E+02
 -1      1931 1.22987E+02
 -1      1933 1.22987E+02
 -1      1934 1.22987E+02
 -1      1936 1.22987E+02
 -1      1937 1.23014E+02
 -1      1939 1.23014E+02
 -1      1940 1.23014E+02
 -1      1942 1.23014E+02
 -1      1943 1.22949E+02
 -1      1945 1.22949E+02
 -1      1946 1.22349E+02
 -1      1948 1.22349E+02
 -1      1949 1.22315E+02
 -1      1951 1.22315E+02
 -1      1952 1.22253E+02
 -1      1954 1.22253E+02
 -1      1955 1.22174E+02
 -1      1957 1.22174E+02
 -1      1958 1.22080E+02
 -1      1960 1.22080E+02
 -1      1961 1.21970E+02
 -1      1963 1.21970E+02
 -1      1964 1.21971E+02
 -1      1966 1.21971E+02
 -1      1967 1.22080E+02
 -1      1969 1.22080E+02
 -1      1970 1.22174E+02
 -1      1972 1.22174E+02
 -1      1973 1.22253E+02
 -1      1975 1.22253E+02
 -1      1976 1.22315E+02
 -1      1978 1.22315E+02
 -1      1979 1.22941E+02
 -1      1981 1.22941E+02
 -1      1982 1.23003E+02
 -1      1984 1.23003E+02
 -1      1985 1.23014E+02
 -1      1987 1.23014E+02
 -1      1988 1.23014E+02
 -1      1990 1.23014E+02
 -1      1991 1.22987E+02
 -1      1993 1.22987E+02
 -1      1994 1.22987E+02
 -1      1996 1.22987E+02
 -1      1997 1.19895E+02
 -1      1999 1.19895E+02
 -1      2000 7.62493E+01
 -1      2002 7.62493E+01
 -1      2003 6.07222E+01
 -1      2005 6.07222E+01
 -1      2006 1.04721E+02
 -1      2008 1.04721E+02
 -1      2009 1.22556E+02
 -1      2011 1.22556E+02
 -1      2012 1.22683E+02
 -1      2014 1.22683E+02
 -1      2015 1.22859E+02
 -1      2017 1.22859E+02
 -1      2018 1.22949E+02
 -1      2020 1.22949E+02
 -1      2021 1.22949E+02
 -1      2023 1.22949E+02
 -1      2024 1.22916E+02
 -1      2026 1.22916E+02
 -1      2027 1.22342E+02
 -1      2029 1.22342E+02
 -1      2030 1.22315E+02
 -1      2032 1.22315E+02
 -1      2033 1.22263E+02
 -1      2035 1.22263E+02
 -1      2036 1.22191E+02
 -1      2038 1.22191E+02
 -1      2039 1.22103E+02
 -1      2041 1.22103E+02
 -1      2042 1.22103E+02
 -1      2044 1.22103E+02
 -1      2045 1.22192E+02
 -1      2047 1.22192E+02
 -1      2048 1.22263E+02
 -1      2050 1.22263E+02
 -1      2051 1.22315E+02
 -1      2053 1.22315E+02
 -1      2054 1.22920E+02
 -1      2056 1.22920E+02
 -1      2057 1.22941E+02
 -1      2059 1.22941E+02
 -1      2060 1.22949E+02
 -1      2062 1.22949E+02
 -1      2063 1.22949E+02
 -1      2065 1.22949E+02
 -1      2066 1.22858E+02
 -1      2068 1.22858E+02
 -1      2069 1.22683E+02
 -1      2071 1.22683E+02
 -1      2072 1.22555E+02
 -1      2074 1.22555E+02
 -1      2075 1.04677E+02
 -1      2077 1.04677E+02
 -1      2078 6.06695E+01
 -1      2080 6.06695E+01
 -1      2081 4.88280E+01
 -1      2083 4.88280E+01
 -1      2084 9.05186E+01
 -1      2086 9.05186E+01
 -1      2087 1.18046E+02
 -1      2089 1.18046E+02
 -1      2090 1.22427E+02
 -1      2092 1.22427E+02
 -1      2093 1.22599E+02
 -1      2095 1.22599E+02
 -1      2096 1.22845E+02
 -1      2098 1.22845E+02
 -1      2099 1.22916E+02
 -1      2101 1.22916E+02
 -1      2102 1.22916E+02
 -1      2104 1.22916E+02
 -1      2105 1.22916E+02
 -1      2107 1.22916E+02
 -1      2108 1.22349E+02
 -1      2110 1.22349E+02
 -1      2111 1.22332E+02
 -1      2113 1.22332E+02
 -1      2114 1.22290E+02
 -1      2116 1.22290E+02
 -1      2117 1.22229E+02
 -1      2119 1.22229E+02
 -1      2120 1.22229E+02
 -1      2122 1.22229E+02
 -1      2123 1.22290E+02
 -1      2125 1.22290E+02
 -1      2126 1.22332E+02
 -1      2128 1.22332E+02
 -1      2129 1.22941E+02
 -1      2131 1.22941E+02
 -1      2132 1.22941E+02
 -1      2134 1.22941E+02
 -1      2135 1.22920E+02
 -1      2137 1.22920E+02
 -1      2138 1.22916E+02
 -1      2140 1.22916E+02
 -1      2141 1.22845E+02
 -1      2143 1.22845E+02
 -1      2144 1.22598E+02
 -1      2146 1.22598E+02
 -1      2147 1.22427E+02
 -1      2149 1.22427E+02
 -1      2150 1.18006E+02
 -1      2152 1.18006E+02
 -1      2153 9.04679E+01
 -1      2155 9.04679E+01
 -1      2156 4.87815E+01
 -1      2158 4.87815E+01
 -1      2159 3.98850E+01
 -1      2161 3.98850E+01
 -1      2162 7.68640E+01
 -1      2164 7.68640E+01
 -1      2165 1.05662E+02
 -1      2167 1.05662E+02
 -1      2168 1.21404E+02
 -1      2170 1.21404E+02
 -1      2171 1.22102E+02
 -1      2173 1.22102E+02
 -1      2174 1.22634E+02
 -1      2176 1.22634E+02
 -1      2177 1.22837E+02
 -1      2179 1.22837E+02
 -1      2180 1.22916E+02
 -1      2182 1.22916E+02
 -1      2183 1.22949E+02
 -1      2185 1.22949E+02
 -1      2186 1.23003E+02
 -1      2188 1.23003E+02
 -1      2189 1.23003E+02
 -1      2191 1.23003E+02
 -1      2192 1.22368E+02
 -1      2194 1.22368E+02
 -1      2195 1.22345E+02
 -1      2197 1.22345E+02
 -1      2198 1.22345E+02
 -1      2200 1.22345E+02
 -1      2201 1.22368E+02
 -1      2203 1.22368E+02
 -1      2204 1.23003E+02
 -1      2206 1.23003E+02
 -1      2207 1.23003E+02
 -1      2209 1.23003E+02
 -1      2210 1.22949E+02
 -1      2212 1.22949E+02
 -1      2213 1.22916E+02
 -1      2215 1.22916E+02
 -1      2216 1.22837E+02
 -1      2218 1.22837E+02
 -1      2219 1.22634E+02
 -1      2221 1.22634E+02
 -1      2222 1.22101E+02
 -1      2224 1.22101E+02
 -1      2225 1.21394E+02
 -1      2227 1.21394E+02
 -1      2228 1.05618E+02
 -1      2230 1.05618E+02
 -1      2231 7.68110E+01
 -1      2233 7.68110E+01
 -1      2234 3.98420E+01
 -1      2236 3.98420E+01
 -1      2237 3.23683E+01
 -1      2239 3.23683E+01
 -1      2240 6.42341E+01
 -1      2242 6.42341E+01
 -1      2243 9.21298E+01
 -1      2245 9.21298E+01
 -1      2246 1.10954E+02
 -1      2248 1.10954E+02
 -1      2249 1.21565E+02
 -1      2251 1.21565E+02
 -1      2252 1.22125E+02
 -1      2254 1.22125E+02
 -1      2255 1.22634E+02
 -1      2257 1.22634E+02
 -1      2258 1.22845E+02
 -1      2260 1.22845E+02
 -1      2261 1.22949E+02
 -1      2263 1.22949E+02
 -1      2264 1.23014E+02
 -1      2266 1.23014E+02
 -1      2267 1.23124E+02
 -1      2269 1.23124E+02
 -1      2270 1.23124E+02
 -1      2272 1.23124E+02
 -1      2273 1.22435E+02
 -1      2275 1.22435E+02
 -1      2276 1.22436E+02
 -1      2278 1.22436E+02
 -1      2279 1.23124E+02
 -1      2281 1.23124E+02
 -1      2282 1.23124E+02
 -1      2284 1.23124E+02
 -1      2285 1.23014E+02
 -1      2287 1.23014E+02
 -1      2288 1.22949E+02
 -1      2290 1.22949E+02
 -1      2291 1.22845E+02
 -1      2293 1.22845E+02
 -1      2294 1.22634E+02
 -1      2296 1.22634E+02
 -1      2297 1.22124E+02
 -1      2299 1.22124E+02
 -1      2300 1.21562E+02
 -1      2302 1.21562E+02
 -1      2303 1.10924E+02
 -1      2305 1.10924E+02
 -1      2306 9.20795E+01
 -1      2308 9.20795E+01
 -1      2309 6.41770E+01
 -1      2311 6.41770E+01
 -1      2312 3.24214E+01
 -1      2314 3.24214E+01
 -1      2315 2.59513E+01
 -1      2317 2.59513E+01
 -1      2318 5.22791E+01
 -1      2320 5.22791E+01
 -1      2321 7.80252E+01
 -1      2323 7.80252E+01
 -1      2324 9.72265E+01
 -1      2326 9.72265E+01
 -1      2327 1.12589E+02
 -1      2329 1.12589E+02
 -1      2330 1.21562E+02
 -1      2332 1.21562E+02
 -1      2333 1.22100E+02
 -1      2335 1.22100E+02
 -1      2336 1.22598E+02
 -1      2338 1.22598E+02
 -1      2339 1.22859E+02
 -1      2341 1.22859E+02
 -1      2342 1.23014E+02
 -1      2344 1.23014E+02
 -1      2345 1.23133E+02
 -1      2347 1.23133E+02
 -1      2348 1.23133E+02
 -1      2350 1.23133E+02
 -1      2351 1.22530E+02
 -1      2353 1.22530E+02
 -1      2354 1.23347E+02
 -1      2356 1.23347E+02
 -1      2357 1.23347E+02
 -1      2359 1.23347E+02
 -1      2360 1.23133E+02
 -1      2362 1.23133E+02
 -1      2363 1.23014E+02
 -1      2365 1.23014E+02
 -1      2366 1.22859E+02
 -1      2368 1.22859E+02
 -1      2369 1.22598E+02
 -1      2371 1.22598E+02
 -1      2372 1.22101E+02
 -1      2374 1.22101E+02
 -1      2375 1.21562E+02
 -1      2377 1.21562E+02
 -1      2378 1.12575E+02
 -1      2380 1.12575E+02
 -1      2381 9.71924E+01
 -1      2383 9.71924E+01
 -1      2384 7.79705E+01
 -1      2386 7.79705E+01
 -1      2387 5.22139E+01
 -1      2389 5.22139E+01
 -1      2390 2.59965E+01
 -1      2392 2.59965E+01
 -1      2393 1.99290E+01
 -1      2395 1.99290E+01
 -1      2396 4.03918E+01
 -1      2398 4.03918E+01
 -1      2399 6.34256E+01
 -1      2401 6.34256E+01
 -1      2402 8.12973E+01
 -1      2404 8.12973E+01
 -1      2405 9.71994E+01
 -1      2407 9.71994E+01
 -1      2408 1.10922E+02
 -1      2410 1.10922E+02
 -1      2411 1.21391E+02
 -1      2413 1.21391E+02
 -1      2414 1.22426E+02
 -1      2416 1.22426E+02
 -1      2417 1.22683E+02
 -1      2419 1.22683E+02
 -1      2420 1.22987E+02
 -1      2422 1.22987E+02
 -1      2423 1.23260E+02
 -1      2425 1.23260E+02
 -1      2426 1.23504E+02
 -1      2428 1.23504E+02
 -1      2429 1.23504E+02
 -1      2431 1.23504E+02
 -1      2432 1.23503E+02
 -1      2434 1.23503E+02
 -1      2435 1.23503E+02
 -1      2437 1.23503E+02
 -1      2438 1.23260E+02
 -1      2440 1.23260E+02
 -1      2441 1.22987E+02
 -1      2443 1.22987E+02
 -1      2444 1.22683E+02
 -1      2446 1.22683E+02
 -1      2447 1.22427E+02
 -1      2449 1.22427E+02
 -1      2450 1.21394E+02
 -1      2452 1.21394E+02
 -1      2453 1.10924E+02
 -1      2455 1.10924E+02
 -1      2456 9.71926E+01
 -1      2458 9.71926E+01
 -1      2459 8.12706E+01
 -1      2461 8.12706E+01
 -1      2462 6.33677E+01
 -1      2464 6.33677E+01
 -1      2465 4.03133E+01
 -1      2467 4.03133E+01
 -1      2468 1.99811E+01
 -1      2470 1.99811E+01
 -1      2471 1.51799E+01
 -1      2473 1.51799E+01
 -1      2474 2.81160E+01
 -1      2476 2.81160E+01
 -1      2477 4.77263E+01
 -1      2479 4.77263E+01
 -1      2480 6.33714E+01
 -1      2482 6.33714E+01
 -1      2483 7.79600E+01
 -1      2485 7.79600E+01
 -1      2486 9.20634E+01
 -1      2488 9.20634E+01
 -1      2489 1.05602E+02
 -1      2491 1.05602E+02
 -1      2492 1.17990E+02
 -1      2494 1.17990E+02
 -1      2495 1.22555E+02
 -1      2497 1.22555E+02
 -1      2498 1.22987E+02
 -1      2500 1.22987E+02
 -1      2501 1.23260E+02
 -1      2503 1.23260E+02
 -1      2504 1.23504E+02
 -1      2506 1.23504E+02
 -1      2507 1.23504E+02
 -1      2509 1.23504E+02
 -1      2510 1.23503E+02
 -1      2512 1.23503E+02
 -1      2513 1.23503E+02
 -1      2515 1.23503E+02
 -1      2516 1.23260E+02
 -1      2518 1.23260E+02
 -1      2519 1.22987E+02
 -1      2521 1.22987E+02
 -1      2522 1.22555E+02
 -1      2524 1.22555E+02
 -1      2525 1.18007E+02
 -1      2527 1.18007E+02
 -1      2528 1.05619E+02
 -1      2530 1.05619E+02
 -1      2531 9.20800E+01
 -1      2533 9.20800E+01
 -1      2534 7.79708E+01
 -1      2536 7.79708E+01
 -1      2537 6.33678E+01
 -1      2539 6.33678E+01
 -1      2540 4.76808E+01
 -1      2542 4.76808E+01
 -1      2543 2.80125E+01
 -1      2545 2.80125E+01
 -1      2546 1.52417E+01
 -1      2548 1.52417E+01
 -1      2549 2.15585E+01
 -1      2551 2.15585E+01
 -1      2552 2.15585E+01
 -1      2554 2.15585E+01
 -1      2555 2.79967E+01
 -1      2557 2.79967E+01
 -1      2558 4.02875E+01
 -1      2560 4.02875E+01
 -1      2561 5.21859E+01
 -1      2563 5.21859E+01
 -1      2564 6.41489E+01
 -1      2566 6.41489E+01
 -1      2567 7.67837E+01
 -1      2569 7.67837E+01
 -1      2570 9.04423E+01
 -1      2572 9.04423E+01
 -1      2573 1.04657E+02
 -1      2575 1.04657E+02
 -1      2576 1.19885E+02
 -1      2578 1.19885E+02
 -1      2579 1.23002E+02
 -1      2581 1.23002E+02
 -1      2582 1.23494E+02
 -1      2584 1.23494E+02
 -1      2585 1.23494E+02
 -1      2587 1.23494E+02
 -1      2588 1.23493E+02
 -1      2590 1.23493E+02
 -1      2591 1.23493E+02
 -1      2593 1.23493E+02
 -1      2594 1.23001E+02
 -1      2596 1.23001E+02
 -1      2597 1.19895E+02
 -1      2599 1.19895E+02
 -1      2600 1.04679E+02
 -1      2602 1.04679E+02
 -1      2603 9.04690E+01
 -1      2605 9.04690E+01
 -1      2606 7.68118E+01
 -1      2608 7.68118E+01
 -1      2609 6.41775E+01
 -1      2611 6.41775E+01
 -1      2612 5.22142E+01
 -1      2614 5.22142E+01
 -1      2615 4.03134E+01
 -1      2617 4.03134E+01
 -1      2618 2.80125E+01
 -1      2620 2.80125E+01
 -1      2621 2.15210E+01
 -1      2623 2.15210E+01
 -1      2624 2.15210E+01
 -1      2626 2.15210E+01
 -1      2627 2.15585E+01
 -1      2629 2.15585E+01
 -1      2630 2.15585E+01
 -1      2632 2.15585E+01
 -1      2633 1.51642E+01
 -1      2635 1.51642E+01
 -1      2636 1.99386E+01
 -1      2638 1.99386E+01
 -1      2639 2.59751E+01
 -1      2641 2.59751E+01
 -1      2642 3.23995E+01
 -1      2644 3.23995E+01
 -1      2645 3.98190E+01
 -1      2647 3.98190E+01
 -1      2648 4.87574E+01
 -1      2650 4.87574E+01
 -1      2651 6.06426E+01
 -1      2653 6.06426E+01
 -1      2654 7.62233E+01
 -1      2656 7.62233E+01
 -1      2657 9.52684E+01
 -1      2659 9.52684E+01
 -1      2660 1.11306E+02
 -1      2662 1.11306E+02
 -1      2663 1.11306E+02
 -1      2665 1.11306E+02
 -1      2666 1.11307E+02
 -1      2668 1.11307E+02
 -1      2669 1.11307E+02
 -1      2671 1.11307E+02
 -1      2672 9.52908E+01
 -1      2674 9.52908E+01
 -1      2675 7.62495E+01
 -1      2677 7.62495E+01
 -1      2678 6.06701E+01
 -1      2680 6.06701E+01
 -1      2681 4.87820E+01
 -1      2683 4.87820E+01
 -1      2684 3.98423E+01
 -1      2686 3.98423E+01
 -1      2687 3.24216E+01
 -1      2689 3.24216E+01
 -1      2690 2.59965E+01
 -1      2692 2.59965E+01
 -1      2693 1.99811E+01
 -1      2695 1.99811E+01
 -1      2696 1.52417E+01
 -1      2698 1.52417E+01
 -1      2699 2.15210E+01
 -1      2701 2.15210E+01
 -1      2702 2.15210E+01
 -1      2704 2.15210E+01
 -3
 9999
